transcript_id	BEV_1	BEV_2	BEV_3	CTRL_1	CTRL_2	CTRL_3
novel.63.1	0	11	1	0	1	35
rna-NM_001005484.1	0	0	0	0	0	0
novel.62.1	150	185	213	170	165	173
novel.63.2	115	71	185	88	147	91
novel.63.3	3	10	17	16	3	8
novel.64.1	47	66	77	23	272	113
novel.64.2	26	0	0	50	6	0
novel.65.1	97	110	131	89	168	87
novel.65.2	12	4	15	14	18	33
novel.66.1	22	23	24	32	25	37
novel.1.1	0	0	0	48	519	3
novel.1.4	0	0	0	0	0	0
novel.1.2	88	14	65	11	95	85
novel.1.3	312	96	103	265	26	170
novel.1.5	111	204	142	58	211	184
novel.1.6	4	26	4	131	41	109
novel.67.1	108	112	90	135	221	144
rna-XM_024451962.1	0	0	2	0	0	0
rna-NM_001005221.2	0	0	0	0	0	0
rna-XM_011542538.1	0	1	0	2	2	0
rna-XM_017002409.2	2	3	1	1	1	3
rna-XM_017003008.1	11	11	9	11	27	19
rna-XM_017003065.1	15	64	71	7	4	24
rna-NM_152486.2	155	285	385	201	77	172
rna-NM_015658.3	4229	5514	4370	5115	4886	3668
rna-XM_006710600.3	378	439	431	521	621	465
rna-XM_011542248.2	109	67	71	102	172	44
rna-NM_001291366.1	39	30	36	23	40	22
rna-NM_001142467.1	1147	1152	816	1289	1014	642
novel.2.1	7	7	11	12	11	10
rna-NM_005101.3	21307	11100	10154	25450	22869	14596
rna-NM_001205252.1	2	0	0	3	4	4
rna-XM_011541651.2	490	441	382	738	716	717
rna-XM_017002722.2	3	8	6	10	12	10
rna-XM_011542074.2	2	0	0	0	0	3
rna-NM_001305275.1	34410	45626	51377	37581	30164	45959
rna-XM_024451970.1	21	3	7	19	27	14
rna-XM_024447473.1	7853	8325	8693	10318	10521	11119
rna-NM_080605.3	1640	2021	1692	2665	1681	2485
rna-XM_024446907.1	18	2	17	9	11	12
rna-XM_024453022.1	2365	2114	1790	2956	2746	3334
rna-NM_001130413.3	47	37	54	134	221	146
rna-XM_011540606.2	1774	1196	1434	2246	1574	2532
rna-XM_024453057.1	830	447	409	1115	922	701
rna-XM_011541647.1	2659	2722	2804	3140	2335	2024
rna-NM_001029885.1	2121	1261	1268	2891	2289	2284
rna-XM_017002435.1	10	13	13	21	13	28
rna-NM_001330311.1	4634	3751	3883	6561	5866	6794
rna-NM_001282585.1	2394	275	336	2177	1148	505
rna-XM_024447924.1	2857	3115	2913	4335	3248	3284
rna-XM_011542216.3	698	679	671	728	1552	964
novel.3.1	349	277	284	474	500	669
novel.3.2	321	368	406	604	531	365
rna-NM_017971.3	992	1758	1322	1393	1104	1095
rna-XM_017001324.2	11	48	28	17	5	14
rna-XM_017003066.1	7	0	4	2	0	0
rna-NM_022834.4	1018	119	181	1003	459	277
rna-NM_001114748.1	18	2	5	25	13	7
rna-NM_001039211.2	50	28	26	60	46	28
rna-XM_011542244.1	1362	476	534	1640	2198	1097
rna-NM_018188.4	3371	2470	1924	4272	3823	2806
rna-NM_014188.2	3865	4788	4303	5789	4579	5430
rna-NM_001242659.1	600	110	183	902	906	569
rna-XM_017002615.1	7	5	5	5	4	6
rna-XM_017000349.2	1781	1366	1803	2631	1791	2673
rna-NM_001198994.1	2317	3259	3176	3377	3650	4829
rna-XM_011542490.3	1790	1701	1534	2205	2574	1659
rna-NM_001110781.2	2633	2891	2939	3308	3658	4434
novel.68.1	316	309	364	460	546	602
rna-NM_001313896.1	780	682	620	963	1348	546
rna-NM_182838.2	669	672	810	939	1001	1088
rna-XM_005244729.3	2	2	0	3	2	0
rna-NM_178545.3	112	24	28	111	74	22
rna-XM_017002641.1	14	4	0	16	25	0
rna-XM_017000936.1	30	16	10	26	16	2
rna-NM_001282539.1	16015	22515	17977	20264	19646	23424
rna-XM_017003073.1	16	22	21	21	26	38
rna-XM_017001789.1	1175	172	283	1184	1319	552
novel.69.1	94	101	107	119	77	113
rna-XM_011540914.2	1173	1591	1710	1622	1030	1314
rna-XM_024451328.1	327	210	277	485	510	351
rna-XM_017003076.2	5	7	11	8	15	8
rna-XM_005244775.3	4577	4511	4126	5200	4950	4985
rna-NM_024848.2	75	107	92	114	79	98
rna-XM_017000132.1	4519	5349	4771	5839	4820	4530
rna-NM_153818.1	633	1980	1740	1159	687	1212
rna-XM_024451058.1	9	0	2	10	12	1
rna-NM_018216.2	576	490	467	676	658	535
rna-XM_005244751.4	2	0	0	0	2	0
rna-XM_017002718.1	87	35	23	105	148	87
rna-XM_006710354.3	792	729	647	1056	1024	746
rna-XM_017002310.1	1	1	2	4	2	0
rna-XM_016999990.1	0	4	5	4	19	11
rna-XM_005244772.5	114	429	267	78	58	110
rna-XM_017001049.1	843	283	257	1137	1155	634
rna-XM_011540885.2	812	96	224	697	699	344
rna-NM_182752.3	2597	1422	1622	3489	3643	4156
rna-NM_017818.3	635	663	551	832	1001	888
rna-NM_005427.3	520	542	352	608	550	308
novel.70.1	104	27	56	120	207	153
novel.70.2	529	184	200	779	902	603
novel.70.3	157	74	33	179	274	171
rna-XM_017000402.1	0	0	0	0	0	0
rna-NM_001288583.1	40	6	6	34	17	11
rna-NM_020710.2	1714	2014	1956	2286	2203	2226
rna-XM_024451101.1	1153	1206	1008	1308	1782	1448
rna-NM_001282669.1	112	144	113	188	245	201
rna-XM_005244743.3	540	484	359	568	822	654
rna-XM_011541786.2	1452	110	196	825	720	187
rna-NM_015102.4	597	602	540	504	623	564
rna-XM_017002621.2	802	930	1051	952	736	1171
rna-NM_001024598.3	2	0	0	0	0	0
rna-NM_207370.3	1078	2053	2216	1667	390	2546
rna-NM_015557.2	152	42	68	123	194	122
rna-NM_000983.3	7319	12398	11735	8685	6320	8721
rna-XM_011541439.3	37	16	28	62	159	59
rna-NM_012405.3	6855	8485	5736	8974	7969	9849
rna-NM_181864.2	3420	4268	3530	4236	3436	2897
rna-NM_019089.4	24	47	62	21	3	14
rna-XM_017002402.1	2	6	3	2	6	0
rna-NM_005341.3	534	491	535	714	693	524
rna-XM_011542231.1	44	32	52	43	36	28
rna-NM_148965.1	110	32	89	63	76	74
rna-NM_001265592.1	911	834	1061	960	888	1095
rna-NM_024654.4	350	299	400	391	748	338
rna-NM_014851.3	2360	1881	1710	2535	3528	3957
rna-XM_011540762.1	2306	2056	2047	2612	2585	2759
rna-NM_001195753.1	707	633	567	838	734	794
rna-NM_018198.3	1990	2778	1895	2505	3171	2388
rna-XM_017002841.2	436	461	341	569	709	567
rna-XM_024450585.1	296	443	378	261	423	168
rna-XM_017000116.1	2	0	0	0	2	0
rna-NM_001561.5	229	49	27	228	249	207
rna-XM_011541084.2	599	656	559	637	844	698
rna-NM_007262.4	4873	8208	7181	6254	5213	6127
rna-NM_018948.3	11024	31480	17277	8467	12224	11299
rna-XM_011541530.2	267	278	394	323	209	288
rna-XM_017001358.1	3696	3846	3556	3942	3585	5308
rna-XM_011542084.3	0	4	4	2	0	0
rna-NM_001328619.1	4	19	8	14	6	0
rna-NM_024980.4	13	11	11	10	13	6
rna-NM_001282587.1	730	2725	2319	855	526	1173
rna-NM_025106.3	1767	875	1001	1757	2103	1615
rna-NM_032315.2	895	1005	884	961	891	1066
rna-XM_017003077.1	0	2	0	8	4	4
rna-XM_017000549.1	836	879	592	974	677	533
rna-NM_001428.4	140924	298814	262805	164201	126771	191050
novel.71.1	32	0	2	78	111	158
rna-NM_001316974.1	664	1200	865	991	1092	1159
rna-NM_001297778.1	220	347	346	386	587	478
rna-NM_052960.2	199	16	14	191	96	25
rna-XM_017001477.1	2223	987	1142	1689	1846	907
rna-NM_001009566.2	13180	16726	17433	14798	12755	17094
rna-NM_001012329.1	755	1517	1145	711	564	441
rna-XM_005263422.2	1437	1437	1542	1553	1897	2038
rna-NM_015074.3	1379	2388	1902	1081	1415	1641
rna-NM_002631.3	5038	10049	8486	6661	6310	5777
rna-NM_199294.2	209	241	206	332	382	335
rna-NM_198544.3	3	6	16	0	10	2
rna-NM_001302.4	8	13	7	28	17	29
novel.4.1	206	281	260	236	286	225
rna-NM_004401.2	1503	1200	917	1830	1677	1185
rna-XM_011541577.2	833	767	722	924	1017	782
rna-XM_017001539.2	356	520	468	335	322	230
rna-NM_007375.3	4290	5969	4842	4810	5571	3112
rna-NM_006610.3	4	4	5	5	30	4
rna-XM_017002179.2	2046	2963	1911	2851	2815	1500
rna-XM_005263475.2	3112	2144	1682	3306	4677	2685
rna-NM_021146.3	0	0	0	0	0	2
rna-NM_004958.3	3028	3728	2859	3176	4717	4181
rna-NM_013319.2	961	1178	728	1093	1067	630
rna-NM_020780.1	47	10	12	85	97	104
rna-NM_012168.5	2397	341	1045	4774	5051	5852
rna-XM_005263537.1	1121	588	694	1764	1806	2355
rna-NM_018438.5	447	68	112	760	1168	597
rna-XM_024450407.1	2228	2116	1680	2735	2258	1805
rna-XM_011541405.2	61	18	42	39	41	17
rna-XM_011541800.3	1547	1242	1153	2188	2001	1220
rna-XM_024446507.1	1	1	1	0	1	0
rna-NM_001330358.1	906	1202	1363	1257	1338	1217
rna-NM_001286.3	856	719	628	861	1278	818
rna-NM_006172.3	8	0	2	5	30	9
rna-NM_014874.3	4651	5512	4702	5632	5817	5895
rna-XM_005263531.4	2972	5265	4715	2589	1946	3403
rna-NM_001316320.1	16641	41820	35385	15486	7062	17651
rna-NM_021933.3	753	480	500	1103	975	673
rna-NM_001243.4	22	6	2	34	6	2
rna-XM_017002211.1	213	15	24	152	103	33
rna-NM_015378.3	1148	2133	1699	749	1312	1204
rna-NM_004753.6	463	642	711	904	1131	1466
rna-NM_001009611.4	0	0	0	0	0	0
rna-NM_001291381.1	0	0	0	0	0	0
rna-NM_001010847.1	3	0	0	4	3	0
rna-NM_006474.4	146	1200	1106	187	17	480
rna-XM_017002256.1	362	370	274	379	662	380
rna-NM_001278501.1	0	0	0	0	0	0
rna-XM_017001590.1	1862	542	446	1731	2210	923
rna-XM_017000198.2	23	23	10	22	19	11
rna-XM_011541074.3	343	471	302	250	206	455
rna-NM_024329.5	4086	10039	7410	3190	2103	2087
rna-XM_011540550.1	3	2	0	0	0	0
rna-NM_015849.2	5	4	5	3	7	5
rna-XM_011542273.3	188	316	282	230	248	232
rna-NM_015291.3	541	503	567	618	949	646
rna-NM_024758.4	22	5	8	17	22	9
rna-NM_032341.4	159	160	96	93	172	101
rna-NM_006511.2	162	145	112	109	201	123
rna-XM_017000757.1	4987	3300	3362	5950	5621	4972
rna-NM_001013641.2	0	0	0	0	0	0
rna-NM_207348.2	19	8	0	19	11	2
rna-XM_017001521.2	1395	745	660	1635	1457	1651
novel.72.1	62	8	10	96	98	39
rna-NM_001089591.1	19	39	32	29	26	21
novel.73.2	0	1	102	142	111	81
novel.73.1	79	111	0	0	0	64
rna-NM_015001.2	2987	3048	2299	2188	3877	2924
rna-NM_001287603.1	1170	1168	1079	1247	1126	1253
rna-NM_001349682.1	3	2	0	5	7	3
rna-NM_004070.3	12	4	4	10	3	7
rna-NM_000085.4	13	0	0	0	5	5
rna-NM_182623.2	300	148	227	387	214	262
rna-NM_153213.4	466	60	87	600	563	184
novel.74.1	82	4	27	92	125	37
rna-NM_030907.3	81	53	74	159	166	103
rna-NM_004431.4	13411	9523	5570	13593	13112	14263
rna-NM_018994.2	1930	2898	2359	1909	1991	2790
rna-NM_001114600.2	7819	10002	7703	10298	8974	9530
rna-XM_017001216.2	0	0	0	0	0	0
rna-NM_001145277.1	2704	2241	2239	3853	3817	4375
novel.75.5	0	10	0	1	179	8
novel.75.6	0	0	0	0	0	0
novel.75.7	0	0	35	0	0	0
rna-XM_024451385.1	0	0	1	0	0	0
rna-NM_001354554.1	0	0	1	0	0	0
rna-NM_001271733.1	0	0	4	3	8	0
rna-XM_016999988.2	4	0	2	3	5	5
rna-NM_017940.4	576	355	363	795	1052	1192
novel.75.1	98	42	55	111	277	48
novel.75.2	54	0	108	15	0	142
novel.75.4	56	106	0	81	87	29
novel.75.3	53	0	0	160	113	241
novel.76.1	25	23	22	54	41	27
rna-XM_011542468.2	330	300	374	409	542	245
rna-NM_017459.2	260	26	38	263	197	96
rna-XM_005245810.1	4466	8800	6708	6287	3878	5964
rna-NM_003000.2	2965	3957	3617	3886	3471	3450
rna-NM_007365.2	1566	215	448	1135	1255	562
rna-NM_013358.2	37	60	33	29	24	6
rna-NM_016233.2	84	41	35	60	25	8
rna-NM_012387.2	24	11	5	19	19	1
rna-NM_018715.3	3945	4876	3577	4761	4643	3353
rna-NM_018125.3	560	785	974	616	674	837
rna-NM_030812.2	2	3	0	0	0	0
rna-NM_152375.2	45	129	61	29	16	16
rna-NM_002584.2	16	133	94	16	0	13
rna-NM_152232.2	2	0	0	0	0	3
rna-NM_170726.2	537	608	559	838	650	611
rna-NM_001136265.1	1300	3529	2924	903	715	1445
rna-NM_001348421.1	0	5	12	3	5	18
rna-XM_011541046.3	6	4	8	4	4	2
rna-XM_011541108.3	5833	6429	4074	5221	9968	7754
rna-XM_005245787.2	4359	4728	3540	4435	4467	4423
rna-NM_016183.3	1471	2155	1171	1908	2011	1011
rna-NM_003689.3	1538	2795	2607	2257	1803	1521
rna-NM_001040125.1	940	513	475	1153	1229	728
rna-XM_011542228.3	6564	7851	7298	8855	7676	8112
rna-NM_001204083.1	1177	1721	1371	1675	1356	1559
rna-NM_001204088.1	392	388	884	2893	1578	3284
rna-NM_182744.3	1664	0	0	702	1703	0
rna-NM_000871.2	14	22	11	15	10	7
rna-XM_017000915.1	413	509	416	546	593	346
rna-XM_005245792.4	131	196	198	75	278	165
rna-NM_018584.5	1902	3427	2356	3364	950	5654
rna-NM_024544.2	2070	2083	1602	3141	2282	3000
rna-NM_207334.2	387	683	929	758	107	1154
rna-NM_020816.3	221	197	192	255	101	195
rna-XM_011541461.2	1049	263	242	1067	754	347
rna-NM_001785.2	105	12	18	124	82	54
rna-NM_032409.2	6546	4789	7030	9603	4727	9028
rna-NM_005216.4	11166	14548	13442	12989	10700	12371
rna-XM_005245875.5	2787	4804	3939	2605	3672	2556
rna-XM_011542370.2	2891	2802	2396	2602	4534	4164
rna-NM_032264.4	529	274	245	549	726	620
rna-XM_005245818.1	8	2	3	14	2	0
rna-XM_017001971.1	518	158	243	549	437	407
rna-XM_011540872.2	18504	17387	16253	22584	25382	24572
rna-NM_032236.7	1578	1635	1344	1335	1982	1379
rna-XM_005245873.4	2	2	0	0	0	2
novel.5.2	191	144	161	174	156	136
novel.5.1	5	0	3	13	36	22
novel.5.4	24	34	52	56	45	24
novel.5.3	12	11	6	52	57	18
rna-XM_011541318.2	4024	10849	9759	3365	2539	3540
rna-NM_001039802.1	6359	8517	6730	7726	8550	7932
rna-XM_011541597.2	32	14	19	21	47	19
rna-XM_011542499.2	1115	623	591	1061	1655	894
rna-NM_001309193.1	2722	1999	1862	2191	1630	1241
rna-NM_001242521.1	0	0	0	0	0	2
rna-XM_006710474.3	3669	6942	5204	4225	3109	4922
rna-NM_001142546.1	2262	1887	1601	1723	2187	1702
rna-NM_000864.4	60	17	35	62	35	10
rna-NM_001077195.1	496	977	692	697	576	966
rna-XM_017002200.2	12	9	15	10	13	5
rna-NM_001102398.2	2355	3092	2329	2264	2959	2406
rna-XM_011541755.2	332	558	659	278	188	148
rna-NM_004091.3	256	322	124	305	236	127
rna-NM_002167.4	496	630	586	546	781	376
rna-XM_024452796.1	2407	2093	2000	3364	3475	2854
rna-NM_001008216.1	862	1263	851	973	860	627
rna-NM_000191.2	868	1358	1125	1323	1512	972
rna-NM_000975.4	15860	18823	18355	15922	13099	15903
rna-NM_003198.2	1949	2488	2050	1931	2782	2089
novel.77.1	7	11	7	7	7	4
rna-NM_020362.4	1667	1284	1175	1957	2074	1788
rna-NM_000147.4	3188	755	1019	2418	2537	1726
rna-XM_017001691.1	4325	2436	2186	6098	10579	9655
rna-NM_054016.3	2633	3224	2448	3089	5018	3896
rna-NM_152372.3	10	5	15	6	3	16
rna-NM_021258.3	110	58	38	128	169	47
rna-NM_170743.3	266	112	105	297	317	189
rna-NM_001251979.1	201	318	215	190	310	208
rna-NM_198174.2	32	0	13	27	63	99
rna-XM_011542403.2	244	175	200	443	524	508
rna-NM_001322854.1	1181	3557	3100	1603	902	2923
rna-XM_017000016.1	1742	3391	2432	2149	2738	2224
rna-NM_001320672.1	195	18	25	146	91	35
rna-NM_015484.4	1408	1233	1481	1526	1407	1470
rna-NM_013943.2	14488	14663	13088	14811	19024	17791
rna-XM_011541889.3	0	13	12	0	16	5
rna-NM_001321772.1	213	225	242	200	616	421
rna-NM_001282871.1	5	3	7	5	7	6
rna-NM_014313.3	5177	3468	3381	5411	7233	6402
rna-NM_018202.5	1289	919	828	1138	1390	1287
rna-NM_015627.2	1234	745	777	1225	1137	725
rna-NM_020379.3	125	369	365	120	51	151
rna-NM_020451.2	4927	11139	9789	5697	3677	6358
rna-NM_001099625.1	1397	2413	1926	2072	1988	2693
rna-NM_001287490.1	246	144	49	165	168	59
rna-XM_011540861.1	414	269	264	567	918	541
rna-NM_001145454.2	5070	3302	2207	5533	5261	3687
rna-XM_011541528.2	372	382	378	425	521	473
rna-NM_004455.2	30	14	9	61	44	25
rna-XM_017002559.2	2	4	4	6	5	2
rna-NM_001243532.1	213	313	256	230	313	238
rna-NM_024869.2	9	35	39	9	0	10
rna-NM_015871.4	772	639	620	1187	902	862
rna-NM_001297647.1	4	4	2	0	6	0
rna-NM_022778.4	1221	993	860	1082	1425	759
rna-NM_031286.3	4483	6104	5915	8195	6436	8365
rna-NM_183008.2	486	316	386	655	539	438
rna-NM_001803.2	6	0	0	4	2	0
rna-XM_011541673.2	68	10	10	78	40	21
rna-NM_024887.3	762	887	735	913	1053	642
rna-NM_005517.3	6784	8871	5071	6329	8309	2466
rna-NM_001006665.1	2334	1217	1340	2816	2668	1956
rna-NM_006015.5	2058	2344	1649	2175	3136	2257
rna-NM_017837.3	636	360	384	731	836	551
rna-NM_032283.2	1390	840	805	1537	1713	1157
rna-NM_006142.4	1180	815	781	1869	3166	1335
rna-NM_052943.3	758	77	133	850	688	275
rna-NM_021969.2	0	0	0	0	0	0
rna-NM_018066.3	678	713	601	680	781	686
rna-NM_022078.2	1027	545	532	1038	1117	927
rna-XM_017000094.1	5758	4404	3602	6693	6530	4862
rna-XM_011540622.2	4	0	0	8	6	0
rna-XM_005245867.3	1820	821	996	1557	1449	928
rna-NM_003047.4	1626	1113	1170	2099	2128	2009
rna-NM_001276252.1	2611	3535	3372	3444	2924	3330
rna-NM_032125.2	1398	1708	1665	2235	1451	2161
rna-XM_024450435.1	100	72	74	96	96	51
rna-NM_004672.4	551	838	759	698	953	388
rna-NM_001330448.1	8	0	4	13	6	0
rna-NM_005281.3	343	397	153	386	361	203
rna-NM_006990.4	4791	6012	5369	4899	4571	4086
rna-NM_001029882.3	1434	1117	1263	1414	1453	1833
rna-XM_011541010.1	5	4	12	3	0	6
novel.78.1	11	8	4	17	17	12
rna-NM_022873.2	41936	26883	28970	46523	48695	37777
rna-NM_001143912.1	284	186	151	302	480	241
rna-NM_177424.2	1638	2182	1887	1837	1991	1914
rna-NM_014110.4	1668	1641	1363	1730	1983	1291
rna-NM_001105556.2	2052	196	353	1949	1859	887
rna-NM_001297558.1	2373	1632	1115	2756	2766	1784
rna-XM_011541259.2	539	61	98	668	577	511
rna-XM_011541679.3	408	160	149	452	512	223
rna-XM_024453987.1	151	148	114	146	179	118
novel.79.1	0	39	150	83	64	331
novel.6.2	0	0	81	0	0	0
novel.79.3	0	0	4	0	10	106
novel.6.1	192	0	143	0	0	0
novel.79.2	192	529	119	494	287	85
rna-NM_001164722.2	62	21	26	30	42	13
rna-NM_014280.2	4695	4471	4029	5690	5992	5125
rna-NM_016311.4	518	533	479	610	490	361
rna-NM_017638.2	252	277	234	376	363	317
rna-NM_031459.4	954	345	425	1206	1138	880
rna-XM_017002158.2	915	589	456	953	1553	1301
rna-NM_001048194.2	2678	2285	1342	3141	3430	2381
rna-NM_017846.4	330	353	309	351	453	203
novel.80.1	87	40	57	98	233	51
novel.80.2	12	0	0	12	20	7
rna-XM_017000226.1	148	20	59	133	255	139
rna-XM_017002186.1	483	510	498	532	550	509
rna-NM_006582.3	275	417	340	346	270	297
rna-NM_001173128.1	3243	3582	3166	3583	4546	4894
rna-XM_017000584.2	2017	2266	2044	1696	1867	1626
rna-XM_011541457.2	879	116	193	903	745	267
rna-NM_005626.4	3618	2789	2527	4063	4796	4219
rna-XM_011541539.1	484	896	773	698	550	467
rna-XM_016999992.1	3241	4883	4735	3243	2333	2947
rna-NM_002379.3	13	18	10	12	14	6
rna-NM_006762.2	93	40	17	110	46	33
novel.7.1	4	4	5	8	19	0
rna-NM_014654.3	6068	8495	6433	5459	4720	3528
rna-NM_001020658.1	4153	4111	3759	3729	5461	4391
rna-NM_024522.2	12	52	31	17	14	11
rna-NM_004814.2	1718	1639	1202	1940	2187	1052
rna-NM_001282566.1	1562	2064	1408	1635	1860	1337
rna-NM_001320996.1	3	32	21	12	12	4
rna-NM_001199038.1	1969	658	829	1738	1071	620
rna-NM_022164.2	2478	297	427	2904	2753	1759
rna-NM_001525.2	0	0	0	0	5	0
rna-NM_012392.3	1574	1550	1328	2363	1883	1962
rna-NM_001856.3	151	42	63	186	150	38
rna-XM_017001899.1	2007	2463	2494	2135	1132	1851
rna-NM_144569.5	147	32	47	132	67	24
rna-NM_080391.3	5907	6633	5883	6674	6424	7082
rna-NM_006559.2	5694	6868	5414	5111	6115	3425
rna-NM_018056.3	529	467	325	658	634	318
rna-XM_005270711.3	2902	3120	2946	3173	3845	3233
rna-XM_017000563.1	2529	1885	1680	2628	3808	1942
rna-NM_001301011.1	353	490	411	514	404	339
rna-NM_001160042.1	269	140	126	268	309	154
rna-NM_001099434.1	0	0	0	2	0	0
rna-XM_024448415.1	98	121	111	133	170	130
rna-NM_003757.3	8485	11081	9623	11403	10463	10008
novel.81.1	43	17	28	72	169	79
rna-NM_032648.2	49	24	33	120	82	202
rna-XM_024447046.1	27	22	17	60	22	66
rna-NM_004964.2	3902	5020	4325	5385	4349	5501
rna-NM_023009.6	4437	5288	5162	5104	5816	5209
rna-NM_001167676.1	18	6	10	26	38	26
rna-NM_052841.3	45	21	45	49	99	114
rna-NM_001300958.1	2192	2180	2134	2427	3208	2577
rna-NM_001145720.1	86	72	72	57	61	40
rna-NM_001040441.2	336	423	363	321	368	277
rna-NM_178547.3	445	392	359	531	501	551
rna-NM_005610.2	6601	7316	5700	7038	8452	6379
rna-XM_024450010.1	97	113	174	122	40	167
rna-NM_020888.2	3580	2634	2994	4003	2797	4665
rna-NM_003680.3	3703	3345	2594	4900	4175	2802
rna-XM_011541962.2	992	841	645	975	1191	1034
rna-NM_153756.2	33	20	21	23	10	26
rna-XM_005270792.3	24	15	17	32	45	12
rna-NM_001329722.1	1419	657	969	1815	2214	1239
rna-XM_006710356.2	1771	504	638	1736	2849	1523
rna-NM_001625.3	4466	6395	4699	5249	5359	4436
rna-NM_001301825.1	218	96	125	262	275	315
rna-XM_017001629.2	918	625	525	812	756	357
rna-NM_152493.2	614	826	787	620	476	283
rna-NM_001080438.1	1	0	2	0	0	1
rna-NM_198040.2	8589	8900	6591	9009	8993	8158
rna-XM_017002237.1	203	282	271	198	329	231
rna-NM_001281956.1	0	4	3	0	0	5
rna-NM_145205.5	0	0	0	0	0	0
rna-NM_153212.2	0	3	0	0	4	0
rna-XM_005270750.2	0	0	0	3	0	0
rna-XM_005270751.3	3	0	2	9	8	13
rna-NM_024009.2	43	0	5	67	58	56
rna-XM_011540554.3	1137	1022	816	1574	1615	1390
rna-XM_011541879.2	197	16	45	345	317	396
rna-NM_001195156.1	437	342	356	481	705	304
rna-NM_007167.3	300	320	288	261	454	309
rna-XM_024449822.1	419	237	294	261	781	368
rna-XM_017002053.2	7740	7259	4902	6756	9017	6908
rna-NM_178548.3	11	3	12	25	26	23
rna-XM_005271328.4	1756	1444	1371	1386	2575	1682
rna-XM_017002369.2	2787	3124	2743	3372	3677	4159
rna-NM_014284.2	1382	1350	1151	2068	2381	1878
rna-NM_002794.4	3696	4485	3272	4230	4491	3228
rna-NM_152374.1	1636	1031	1084	2689	3037	2765
rna-NM_022111.3	1562	583	322	985	2256	482
rna-NM_017629.3	242	317	313	186	423	417
rna-NM_001317122.1	1321	1803	1793	1518	1484	1395
rna-XM_017000523.2	364	342	527	466	736	957
rna-NM_014466.2	0	16	12	5	3	0
rna-XM_005270477.3	99	24	32	115	57	31
rna-NM_017825.2	1752	1470	1179	2358	1994	2164
rna-NM_001270894.1	1955	2078	1915	2710	2436	1982
rna-NM_018067.4	8909	6614	6870	9806	9313	7959
rna-NM_001321471.1	3921	4315	3005	4170	5880	4831
rna-XM_017002340.1	313	52	105	307	580	182
rna-NM_018166.2	673	274	329	1016	938	720
rna-NM_032881.2	754	809	668	1148	887	990
rna-NM_001330493.1	92	169	182	90	70	71
rna-NM_001282546.1	2106	2029	1934	2299	1623	2530
rna-NM_031280.3	2014	2266	1827	2664	2523	2007
rna-NM_156039.3	2	0	0	0	2	0
rna-NM_000831.3	22	184	133	24	0	21
novel.82.1	236	65	109	289	244	149
rna-NM_025079.2	2264	464	1145	2990	5452	3921
rna-NM_022756.5	1218	1016	964	1458	1893	1368
rna-NM_024700.3	1012	876	824	1089	1269	1023
rna-NM_003462.3	16	4	0	12	19	3
rna-NM_001323623.1	1849	1882	1248	1585	2370	1355
rna-XM_011541638.1	733	512	429	805	1186	827
rna-NM_001256875.1	919	701	242	803	981	317
rna-NM_001099439.1	72	8	21	87	140	93
rna-NM_001113482.1	836	1219	953	1158	1322	1088
rna-NM_024640.3	951	1245	784	1183	1242	1029
rna-NM_198446.2	1144	1062	993	1528	1587	1230
rna-NM_005955.2	1005	921	791	738	1297	1041
rna-NM_005540.2	474	410	438	560	803	349
rna-NM_006802.3	3415	3665	2445	3891	4234	2564
rna-XM_024454101.1	1087	966	983	1150	997	1108
rna-NM_016037.3	1354	1176	927	1381	1767	1228
rna-NM_002699.3	16	2	4	8	22	14
rna-XM_024451517.1	5	0	0	0	2	4
rna-NM_022157.3	2889	1054	1031	2940	4352	4230
rna-NM_012333.4	537	1360	956	545	593	565
rna-NM_030772.4	7	3	3	12	16	9
rna-NM_001304746.1	2	8	13	7	9	4
rna-NM_024595.2	3781	3460	2894	3673	4101	4419
rna-NM_004552.2	2684	3627	3220	3193	2538	2546
rna-XM_005270694.1	5009	8836	4009	3600	8234	6279
rna-NM_015038.1	473	644	174	294	851	597
rna-XM_011542544.2	0	0	0	0	0	0
rna-NM_181809.3	46	5	12	33	45	16
rna-NM_001135653.1	2719	4537	2942	2972	3036	2991
rna-NM_014571.3	53	5	3	44	28	9
rna-NM_016257.3	158	151	106	202	133	48
rna-NM_001195007.1	1294	1464	1072	1470	1241	967
rna-XM_011542024.2	242	17	23	179	186	66
rna-NM_022120.1	18	0	0	16	7	4
rna-NM_017646.5	654	788	741	688	848	598
rna-NM_001033082.2	155	387	487	81	32	24
rna-NM_001136493.2	1567	5038	4327	1361	796	440
rna-NM_012421.3	1279	1807	1621	923	1464	1524
rna-NM_001350479.1	12113	10214	8769	12861	15948	12355
rna-NM_000310.3	6246	9418	7899	7657	6678	8146
rna-NM_005857.4	2896	2623	2158	3367	3917	4114
rna-XM_017000332.1	44	61	54	105	54	70
rna-NM_022733.2	932	2026	1292	873	809	634
rna-XM_005271136.1	78	34	21	66	150	120
rna-XM_005270809.4	117	9	37	141	257	108
rna-NM_001346946.1	341	121	97	384	522	205
rna-XM_017000290.1	100	51	45	78	146	71
rna-XM_011542479.2	375	1899	1881	441	217	226
rna-XM_005270895.4	1381	1138	801	1881	2141	1748
rna-NM_004700.3	51	3	4	44	18	20
rna-NM_133467.2	2177	195	440	2385	1742	1624
rna-NM_001291281.2	276	767	686	178	56	160
rna-NM_001956.4	35	431	520	15	2	21
rna-XM_024453552.1	2841	2049	1124	2741	3392	1089
rna-XM_011540953.3	15	4	11	8	26	6
rna-XM_006710462.2	1222	1663	1342	1563	1255	1369
rna-NM_024503.4	415	287	186	411	408	259
rna-XM_005270632.4	2588	2685	2196	2669	3139	3022
rna-NM_173642.3	253	1004	926	204	218	289
rna-NM_032257.4	0	2	0	0	2	0
rna-NM_024664.3	581	1248	1164	873	726	705
rna-XM_024449502.1	10	20	29	13	15	35
rna-NM_006347.3	624	796	509	629	624	466
rna-NM_004559.4	20280	43151	36092	28096	26546	30317
rna-NM_001243246.1	3647	2736	2652	3217	3082	2398
rna-NM_024097.3	251	258	235	285	280	252
rna-NM_001354602.1	5	7	9	2	9	10
rna-NM_199342.3	236	280	266	285	190	191
rna-NM_001017922.1	162	167	176	241	343	307
rna-NM_001242739.1	205	263	232	253	237	158
rna-XM_005270875.5	7	0	0	7	7	0
rna-NM_006516.2	19985	55136	42298	11152	7699	15083
rna-NM_001159936.1	1988	1648	1287	2007	2417	1404
rna-NM_001195831.2	34	13	9	49	25	11
rna-XM_017001320.1	1	2	0	4	0	0
rna-NM_005424.4	153	35	37	191	85	359
rna-NM_001255.2	2775	1947	809	2762	2364	1277
rna-NM_022821.3	3292	2368	2225	4394	4844	4530
rna-NM_052877.4	1088	749	688	1314	1207	862
rna-XM_005270686.3	599	833	781	710	1024	753
rna-NM_001330526.1	363	249	272	510	450	265
rna-XM_011541873.2	6350	8202	7529	6823	7052	7784
rna-NM_014663.2	2451	2074	1813	2902	3582	3174
rna-NM_057090.2	7	0	8	12	5	13
rna-XM_017002109.2	512	679	611	604	546	472
rna-NM_014652.3	1801	2012	2222	2724	2724	2997
rna-XM_017000502.2	1064	1004	714	1529	1726	1033
rna-NM_001294333.1	5428	3766	3315	8449	6420	7612
rna-NM_030587.2	1794	2274	1649	2315	2323	1229
rna-XM_017000424.1	183	103	131	225	244	181
rna-NM_201649.3	1414	869	1103	3500	3255	4825
novel.9.1	7	36	69	18	13	33
novel.9.2	15	25	10	18	1	15
novel.10.2	0	7	15	39	18	35
novel.10.6	0	0	0	56	186	243
novel.10.4	23	0	0	34	94	167
novel.10.1	15	1	9	35	51	132
novel.10.3	7	0	0	26	49	84
novel.10.5	21	4	0	85	246	318
rna-NM_173484.3	46	12	23	145	426	807
rna-NM_001358438.1	7	0	0	0	10	0
rna-XM_024448403.1	1198	1169	1234	1727	1675	1656
rna-NM_024066.2	1733	2399	1948	2404	1948	1988
rna-XM_005270992.1	2433	2432	2262	2801	2790	2547
rna-NM_024587.3	203	211	235	278	238	184
rna-XM_011541340.1	7	7	8	4	11	4
rna-XM_017001023.1	4	4	3	8	8	3
rna-NM_004073.3	740	360	268	773	1000	620
rna-XM_006710614.4	9	5	1	13	12	3
rna-XM_017000447.1	41	30	27	47	34	28
rna-NM_003738.4	17	14	17	19	45	10
rna-NM_006845.3	2575	1440	566	1854	1747	401
rna-NM_001012.1	22902	34814	34243	26675	17249	24730
rna-XM_017002745.2	704	761	574	887	879	426
rna-NM_024602.5	2909	2303	2724	3531	3335	2609
rna-NM_000374.4	2353	2873	2471	2808	2337	2003
rna-NM_020883.1	96	226	157	44	26	66
rna-NM_032756.2	7	0	2	5	10	7
rna-NM_001128425.1	351	344	309	522	548	302
rna-XM_005270412.4	445	329	189	484	506	269
rna-NM_007170.2	505	173	216	495	602	670
rna-NM_001358407.1	123	135	121	217	197	212
rna-NM_015506.2	247	366	241	377	280	159
rna-NM_001202431.1	12739	15909	18443	16423	18690	19594
rna-NM_006066.3	2321	2825	2557	3052	2433	2017
rna-XM_005270888.3	4505	3303	2054	3724	5220	2302
rna-XM_011540812.1	13	6	9	3	29	19
rna-NM_021639.4	2512	2677	2674	2344	3640	2484
rna-NM_016486.3	879	932	865	917	1054	641
rna-XM_024446763.1	130	311	263	165	213	186
rna-XM_011541059.2	3536	2855	2291	3960	4468	4418
rna-NM_001303427.1	0	0	0	0	0	58
rna-NM_001328655.1	0	0	0	1	0	0
rna-NM_001303428.1	1114	754	740	1277	1213	1411
rna-XM_011540460.3	133	38	50	181	161	168
rna-NM_001243766.1	3127	4348	3984	4052	3414	3654
rna-NM_001013615.2	67	31	31	122	183	157
rna-NM_003579.3	1468	904	428	1466	1370	375
rna-NM_006369.4	2242	3601	3215	3210	3607	4264
rna-NM_006004.3	2897	4065	3455	3140	2884	3873
rna-NM_001441.2	13	16	29	26	27	46
novel.11.1	11	0	12	24	19	9
rna-NM_147192.2	4	7	4	3	17	8
rna-NM_199044.3	1124	637	623	1387	1739	1197
rna-NM_003684.5	681	481	351	859	940	766
rna-NM_145279.4	567	367	344	656	840	454
rna-XM_011541421.3	0	0	0	0	0	3
rna-NM_022745.4	1042	2175	2145	1339	1064	1471
rna-NM_014774.2	3535	3869	3683	3563	4830	4402
rna-NM_178033.1	10	5	5	4	3	6
rna-XM_017002189.1	10	11	4	6	6	4
rna-NM_005764.3	352	64	167	640	1308	510
rna-NM_001048166.1	1308	707	363	979	1413	597
rna-NM_012186.2	2	4	0	0	0	6
rna-NM_004474.3	129	84	76	146	146	143
rna-XM_006710640.4	21	92	23	13	0	20
rna-NM_016308.2	4709	6785	6587	5362	5829	6289
rna-NM_019073.3	250	584	469	277	124	317
rna-XM_011541937.2	3	0	0	2	4	0
rna-XM_011542308.2	6	4	0	0	0	10
rna-NM_024603.3	166	663	460	57	0	212
rna-NM_007051.2	2120	222	448	2338	2803	1474
rna-NM_001262.2	1222	170	206	1075	1156	390
rna-NM_014372.4	4238	6937	6313	4925	4776	6795
rna-XM_011541048.2	113	192	188	84	46	62
rna-XM_017000615.2	1479	1968	1788	1519	2190	1539
rna-NM_002867.3	976	244	316	696	1047	403
rna-XM_011540599.2	2019	2235	2217	2156	2245	1860
rna-NM_002525.2	4017	6107	5256	4197	4844	5085
rna-NM_015913.3	2258	2593	2276	2791	2683	3145
rna-NM_138417.2	620	363	300	638	653	355
rna-NM_152265.4	1856	2396	1871	2097	2012	1571
rna-NM_004799.3	1127	1297	1083	1043	1355	1485
rna-XM_005270590.2	1545	925	1020	1894	3042	1902
rna-NM_001190818.1	932	694	310	704	756	322
rna-XM_011542315.3	1114	1443	1023	1125	1342	1038
rna-NM_015696.4	30	6	12	46	33	8
rna-XM_011541097.1	1078	904	767	932	2084	1417
rna-NM_023077.2	810	608	390	782	1205	616
rna-NM_001004339.2	119	12	14	91	123	25
rna-NM_024646.2	1449	1763	1596	1440	1851	2050
rna-XM_011541709.2	155	11	38	214	280	188
rna-NM_002979.4	2013	2028	2227	1990	2359	2303
rna-NM_153703.4	4	6	2	15	3	22
rna-NM_001287595.1	23	2	2	18	6	6
rna-NM_000098.2	330	768	712	476	288	389
rna-NM_017887.2	430	777	523	607	517	478
rna-NM_002370.3	965	708	583	883	921	645
novel.12.1	141	324	258	119	78	213
rna-XM_005271173.4	727	1636	855	693	811	1614
rna-XM_017000408.1	195	19	33	106	154	84
rna-NM_018087.4	1628	2519	1522	1956	2624	2826
rna-NM_018982.4	781	666	723	1025	955	1038
rna-NM_000792.6	3	4	0	0	2	0
rna-NM_001316935.1	596	630	390	586	596	306
rna-NM_001256409.1	2097	1484	1235	1977	2507	1490
rna-NM_001010978.3	3	0	0	0	0	0
rna-NM_001353655.1	3	5	3	4	0	0
rna-NM_001305043.1	6175	6280	6079	7063	6592	8311
rna-XM_017000293.1	51	57	60	66	72	48
rna-NM_001031672.3	281	262	188	321	333	261
rna-NM_001330602.1	3638	4857	3809	4353	3643	3019
rna-NM_145716.3	1494	2980	2874	1389	908	1435
rna-NM_015547.3	24	12	9	42	43	15
rna-NM_176782.2	27	14	7	22	36	18
rna-NM_004623.4	695	733	675	856	927	501
rna-NM_152268.3	267	388	276	358	348	308
rna-XM_011540911.2	0	0	6	2	4	3
rna-NM_057176.2	0	0	4	2	0	0
rna-NM_174936.3	3342	309	396	1768	1530	338
rna-XM_017000831.1	1577	1605	1300	1325	3359	2342
rna-NM_003713.4	1050	354	386	1823	3289	2841
rna-NM_014762.3	39806	59302	62205	43804	32567	38329
rna-NM_006252.3	366	546	464	274	575	462
rna-NM_145243.4	210	378	318	286	306	384
rna-NM_001085487.2	540	353	426	335	1150	377
rna-NM_002228.3	6893	11468	9754	7748	10003	9956
novel.13.1	12	6	6	16	5	30
novel.83.1	12	11	4	9	2	6
novel.14.1	3	5	5	2	0	5
rna-XM_011541731.1	83	145	154	126	90	85
rna-NM_015888.4	99	9	15	85	304	138
rna-NM_000775.3	221	105	100	222	294	210
rna-NM_001145512.1	72	102	149	35	43	34
rna-NM_032027.2	585	540	505	634	777	625
rna-NM_181712.4	2	27	13	0	0	0
rna-XM_011540462.3	371	439	483	384	724	790
rna-NM_001017415.1	3380	2473	1830	2992	4265	2416
rna-NM_014495.3	0	0	0	0	0	2
rna-XM_011542326.2	1550	5077	3861	1168	2121	3132
novel.15.1	15	55	53	13	12	148
rna-XM_024450414.1	420	500	431	406	448	402
rna-NM_012183.2	6	0	0	3	3	0
rna-NM_013339.3	257	357	216	240	369	236
rna-XM_024446041.1	316	299	226	286	335	180
rna-XM_006710976.3	143	89	128	186	216	66
rna-NM_001172818.1	3160	6085	5400	3738	4253	4895
rna-NM_005012.3	311	254	285	231	402	293
rna-NM_020925.2	711	433	426	591	1098	1039
rna-XM_006710738.3	538	635	498	519	848	589
rna-NM_001321852.1	4585	3511	3683	4811	7611	6746
rna-NM_203464.2	4266	10778	7949	3771	5051	7675
rna-NM_001256864.1	2990	880	814	1714	2529	1207
rna-NM_002303.5	213	155	147	183	332	216
rna-NM_001198681.1	3955	2268	2384	3366	5123	2560
rna-XM_017002506.1	9	2	0	4	9	4
rna-NM_001037341.1	59	227	121	22	19	34
rna-NM_024763.4	75	40	62	69	111	90
rna-NM_001350530.1	1838	1080	1229	1580	3529	2072
rna-XM_006710478.2	337	263	240	276	409	353
rna-XM_005270825.2	10	2	0	11	13	3
rna-NM_001924.3	1379	989	657	1371	1950	650
rna-NM_001018067.1	10681	17089	13307	11193	10729	11663
novel.85.1	5	15	14	14	0	21
novel.85.2	13	49	23	75	4	42
rna-NM_000329.2	8	46	52	19	0	18
rna-NM_001114120.2	436	444	122	220	422	75
rna-NM_018841.5	6408	4365	3833	5658	7103	4545
rna-NM_004675.3	8	8	12	9	8	15
rna-XM_011542191.2	3771	1461	1354	3185	3051	2028
rna-XM_017001886.1	7	0	3	5	3	5
rna-NM_017768.4	485	642	420	458	876	318
rna-NM_001350608.1	1776	3049	2595	1431	2884	1331
rna-NM_030816.4	1043	1047	1101	1139	1511	2053
rna-XM_011540547.3	280	243	270	455	453	346
rna-NM_001902.5	275	149	160	511	239	716
rna-NM_015978.2	0	0	0	0	0	0
rna-XM_017003080.1	0	0	0	0	0	0
rna-NM_001105659.1	30	4	28	33	36	33
rna-NM_003838.4	179	221	262	178	265	158
rna-NM_001112808.2	2	8	8	4	8	0
rna-NM_203350.2	1230	1314	1176	1033	1483	682
rna-NM_173808.2	137	37	29	71	109	25
rna-NM_001002912.4	6	6	0	5	4	4
rna-XM_011540747.2	1203	937	733	1117	1606	1258
rna-NM_138467.2	493	458	401	435	951	490
rna-XM_017000607.1	30	73	69	26	38	32
rna-NM_001286043.1	908	1619	1217	1154	1301	1118
rna-NM_004582.3	1071	1133	972	809	1005	790
rna-NM_030965.2	8	16	14	6	2	13
rna-XM_017000937.2	19	38	20	39	17	23
rna-NM_005482.2	1427	1475	1322	1302	1473	1676
rna-NM_174858.2	74	6	6	39	41	16
rna-XM_005270725.3	1319	1032	974	1087	2106	1596
rna-NM_015017.4	2477	2695	2292	2256	2930	3036
rna-NM_001270384.1	529	756	582	450	749	563
rna-XM_005271322.4	177	153	157	127	539	96
rna-XM_017002739.1	887	1744	1117	749	1426	485
rna-NM_001317099.1	958	306	437	753	1228	856
rna-NM_000959.3	191	28	19	186	115	21
rna-NM_006820.3	2511	2692	2390	1370	1996	618
rna-XM_011540516.3	2974	1960	1455	1819	2916	668
novel.86.1	0	0	0	0	0	803
novel.86.2	101	205	326	288	10	58
rna-NM_022159.3	42	2	4	35	22	4
rna-XM_017000784.1	810	870	993	748	1386	1269
rna-NM_024686.5	257	200	195	167	432	208
rna-NM_182948.3	769	1203	1197	690	1067	965
rna-XM_017000377.2	32	69	94	20	8	20
rna-NM_025065.6	817	935	771	900	954	880
rna-NM_005274.2	1783	2066	1798	2345	2233	1943
rna-NM_001310156.1	7	0	3	7	9	6
rna-NM_004388.2	448	622	556	437	374	497
rna-NM_001166293.1	967	1619	1524	751	1196	1058
rna-XM_024446127.1	71	11	16	34	38	6
rna-NM_153259.3	81	133	111	91	165	128
rna-XM_011541739.2	221	16	39	205	556	298
rna-NM_145172.4	18	5	13	12	15	12
rna-XM_017002483.1	99	68	43	59	156	64
rna-XM_024453363.1	723	597	532	794	1131	1124
rna-XM_011542397.3	785	774	635	682	980	640
rna-NM_012137.3	2966	3564	2639	2535	2286	2794
rna-NM_001554.4	14398	10508	5469	10802	12449	5322
rna-NM_017953.3	663	696	491	647	978	730
rna-XM_011541815.2	125	83	97	107	511	125
rna-NM_006536.6	295	58	72	242	329	31
rna-XM_006710672.2	3467	2761	2463	3305	4649	3056
rna-NM_004261.4	5332	5389	5073	5634	6047	6853
rna-NM_012262.3	2867	3679	3560	2387	2894	3250
rna-NM_006769.3	1592	3215	3111	2541	931	5989
rna-NM_001514.5	672	530	395	791	1092	941
rna-NM_006256.3	1435	1609	1544	1134	2786	1564
rna-NM_001349448.1	884	1041	1007	922	1211	814
rna-NM_019610.5	587	536	421	379	678	347
rna-NM_018284.2	1086	293	328	674	1812	468
rna-NM_002053.2	2458	695	799	1562	3485	600
rna-NM_004120.4	1049	973	1339	1028	1433	2277
rna-NM_052941.4	370	43	69	262	1315	365
rna-NM_001134486.2	268	712	387	162	160	51
novel.17.1	24	2	2	31	71	20
rna-XM_011541146.3	203	199	145	196	453	236
rna-XM_006710960.4	633	257	329	581	1193	708
rna-NM_001134479.1	2337	4104	3770	3137	2891	4528
rna-NM_182976.3	585	672	713	602	1256	720
novel.87.1	19	13	13	25	23	32
rna-XM_011542258.3	1203	795	750	865	2576	1315
rna-XM_011540852.2	0	0	0	0	0	0
rna-XM_024450089.1	573	280	181	521	949	376
rna-NM_003243.4	1580	98	201	1146	1708	837
rna-NM_173567.4	80	142	102	111	82	116
rna-NM_001287737.1	5	8	0	1	3	2
rna-NM_183242.3	5	5	3	2	17	12
rna-NM_015237.3	33	34	39	18	116	38
rna-XM_011541447.2	0	0	0	0	0	0
rna-XM_017000137.1	157	203	181	162	274	120
rna-NM_024813.2	170	264	203	210	336	154
rna-XM_011541246.2	19	18	24	18	44	26
rna-XM_017002269.1	192	192	198	141	337	261
rna-NM_007358.3	899	590	483	715	1245	554
rna-NM_000969.4	14838	19585	20066	18439	14724	17855
rna-NM_001006605.4	539	1408	1237	376	324	484
rna-NM_016040.4	2495	1491	1612	2572	4626	3157
rna-XM_017001154.2	27	13	25	18	166	26
rna-NM_001938.2	2686	3034	2332	3001	3278	3543
rna-NM_001164473.2	1020	1529	1103	929	1491	1049
rna-NM_001261408.1	5644	2726	1820	6213	7414	4429
rna-NM_014597.4	1507	1282	1057	1343	2245	1441
rna-XM_017001056.2	879	1633	1695	790	1537	999
rna-NM_000350.2	25	6	9	31	30	14
rna-NM_001328664.1	4231	2207	2006	2334	5259	2768
novel.88.1	43	21	16	41	37	8
rna-XM_006710802.2	1356	2753	2537	1263	1252	1370
rna-NM_001993.4	2411	10356	6381	2953	736	3633
rna-NM_001114106.2	83	88	88	56	38	62
rna-NM_001199679.1	667	828	786	456	614	620
rna-NM_001199691.1	11	16	16	12	21	19
rna-NM_015485.4	80	142	149	127	151	91
rna-NM_001300987.1	106	51	64	65	403	107
rna-NM_001839.4	14459	22572	18789	11603	11577	14737
rna-XM_011542527.2	29	55	73	22	29	8
rna-NM_144988.3	141	183	165	137	135	240
novel.89.1	157	26	67	222	581	239
rna-NM_000110.3	1817	2951	2896	1398	1468	1608
novel.18.1	37	0	10	19	56	0
novel.18.2	31	3	0	38	0	6
rna-NM_015976.4	1616	3491	4004	2033	2114	2645
rna-NM_001037317.1	8	10	9	5	0	2
rna-NM_014839.4	65	60	87	24	21	15
rna-NM_017734.4	0	8	6	0	0	4
rna-NM_001013660.2	80	17	32	55	97	62
rna-XM_005270557.2	559	410	555	409	1349	466
rna-NM_194292.2	250	136	116	199	393	132
rna-NM_019083.2	163	124	85	158	288	138
rna-NM_001256385.1	4	1	3	3	20	3
rna-NM_001918.3	653	668	628	526	947	670
rna-NM_001271685.1	786	911	822	612	1094	788
rna-NM_033055.2	2684	1877	1712	2638	4479	3570
rna-NM_001130841.1	651	870	735	701	871	549
rna-XM_005271294.3	129	77	56	127	212	133
rna-NM_001078.3	74	165	203	13	10	16
novel.19.2	0	13	16	0	0	0
novel.19.5	0	24	11	29	0	43
rna-NM_001261441.1	1070	619	636	767	1289	1140
rna-NM_001144884.1	368	288	231	331	796	642
rna-XM_017001460.2	965	1261	1117	1018	1080	642
novel.19.1	20	12	13	10	8	2
novel.19.3	20	29	4	10	9	8
novel.19.4	14	18	6	20	54	15
rna-NM_001400.4	83	19	34	166	90	592
rna-XM_017000334.1	487	121	56	241	274	106
rna-NM_017619.3	72	153	116	102	123	38
rna-NM_020978.4	20	11	11	18	54	20
rna-NM_018137.2	569	691	575	819	747	566
rna-XM_017000680.2	193	33	38	137	145	106
rna-NM_006113.4	306	41	61	552	1514	1447
rna-NM_013386.4	955	529	454	943	1515	846
rna-XM_005271144.4	2	0	0	0	2	1
rna-NM_001010883.2	558	802	645	564	727	960
rna-XM_005270411.1	132	14	26	192	459	181
rna-NM_018061.3	1267	1046	894	1242	2071	1997
rna-NM_007269.3	1014	780	825	969	2053	1093
rna-NM_152763.4	24	33	49	40	25	66
rna-XM_011541301.2	939	1085	907	927	1270	1387
rna-NM_001048210.2	747	982	824	801	1076	909
rna-XM_011541029.2	706	733	622	567	1136	761
rna-NM_005645.3	321	349	255	375	543	430
rna-NM_001322248.1	1258	1525	1276	1506	1325	1715
rna-NM_020775.4	126	51	50	67	138	12
rna-NM_001330669.1	6829	6137	5646	11288	7778	9030
rna-NM_001408.2	2732	6038	5512	2707	2324	2274
rna-XM_017002567.1	570	1011	1008	493	356	298
rna-NM_002959.6	5107	7355	6374	5202	4665	5063
rna-NM_002790.3	3333	2747	2112	3729	4169	2919
rna-XM_011541283.2	22	17	26	18	6	33
rna-NM_001350174.1	361	128	114	499	526	781
rna-XM_011541287.3	462	423	498	517	615	390
rna-NM_020703.3	312	453	399	331	310	250
rna-NM_031936.4	0	0	0	0	0	0
rna-NM_006496.3	3984	3936	3050	4007	5200	4014
rna-XM_011541264.2	3	6	7	4	3	3
rna-NM_001257360.1	3802	3174	3013	4179	4057	3971
rna-XM_017001085.1	203	530	568	311	144	227
rna-NM_000848.3	71	102	115	99	51	95
rna-NM_000561.3	13	23	37	17	9	17
rna-NM_000849.4	595	948	949	761	617	605
rna-NM_000757.5	7310	2926	2428	6925	7237	4536
rna-NM_006621.5	5425	7290	6696	5600	6339	5962
rna-NM_033088.3	1363	829	700	1656	2403	1879
rna-NM_006492.2	56	35	33	44	68	67
rna-XM_024446790.1	163	89	85	226	270	284
rna-XM_024451648.1	36	21	15	30	53	39
rna-NM_022768.4	683	464	358	522	894	981
rna-NM_004696.2	39	193	215	38	26	30
rna-NM_006402.2	1166	1895	1631	1666	1777	1767
rna-NM_018372.3	1045	473	363	1061	1788	1152
rna-NM_001349885.1	878	743	685	968	1207	1072
rna-NM_001007794.2	945	815	706	1117	1566	1157
rna-XM_006710921.2	36	4	10	64	64	141
rna-XM_024452752.1	96	45	56	148	540	213
rna-NM_002557.3	18	24	44	33	98	88
rna-NM_001317062.1	1127	1197	883	1582	2136	1419
rna-NM_001688.4	3393	5301	5022	4246	4287	4588
rna-NM_174896.3	10	0	1	4	9	9
rna-XM_017003082.1	11	10	9	2	4	9
rna-XM_017001961.1	695	940	850	792	643	999
novel.20.1	90	63	25	92	51	23
rna-NM_019099.4	698	824	765	854	612	818
rna-NM_007204.4	870	848	613	911	1244	820
novel.21.2	0	0	3	0	0	0
rna-XM_005270851.4	644	3498	4074	1325	10	2804
novel.21.1	11	53	79	17	2	68
rna-XM_017001806.1	1376	1591	1354	1270	1720	1484
rna-NM_024494.2	42	26	20	51	49	24
rna-NM_017744.4	540	379	288	574	697	461
rna-XM_017002424.2	3738	3350	2994	4235	7394	4770
rna-NM_005167.5	193	102	110	153	122	133
rna-XM_006710582.4	49	15	9	82	91	74
novel.22.1	28	6	3	28	13	2
rna-NM_020963.4	2795	1754	1767	2873	4561	2251
rna-NM_001042678.1	7697	8213	8557	9602	9288	7865
rna-NM_003051.3	3929	7794	5795	3415	3278	4230
rna-NM_014813.2	397	279	243	325	470	293
rna-NM_001142782.1	328	296	295	252	507	305
rna-NM_006608.2	705	595	487	623	951	482
rna-NM_018364.4	933	1729	1418	696	1180	1211
rna-NM_015967.6	21	6	3	13	13	2
rna-NM_001010922.2	2	2	2	5	5	0
rna-NM_006594.4	292	226	179	319	480	390
rna-NM_022836.3	1458	816	638	1527	1894	2213
rna-NM_198268.2	2471	2454	2186	2282	2952	5557
rna-NM_020190.4	133	34	20	83	79	15
rna-XM_024453336.1	4	5	8	0	4	2
rna-XM_005270936.4	1668	1528	1254	1084	2389	1470
novel.23.1	24	24	26	24	12	27
rna-NM_005872.2	1588	2062	1457	1811	1691	1574
rna-NM_001256404.1	85	22	27	47	70	33
rna-NM_000036.2	82	434	329	159	0	215
rna-NM_001102396.1	1618	1676	1519	1521	2301	1754
rna-NM_005725.5	244	218	182	177	172	162
rna-XM_011541518.2	227	24	27	182	139	128
rna-NM_002524.4	3094	5457	3983	3372	3986	3996
rna-NM_001242891.1	13436	24729	21206	15021	14799	20674
rna-NM_138959.2	1226	1432	1210	1213	1406	1373
rna-NM_018420.2	37	27	33	79	123	107
rna-XM_011540625.2	2	0	0	4	2	2
rna-XM_017002869.2	447	365	326	544	715	699
rna-XM_006710593.3	2098	5016	4675	1968	1301	1719
rna-XM_017001874.1	1084	4879	4500	1351	226	2864
rna-XM_024451002.1	23	68	61	32	7	234
rna-XM_017002550.2	810	1348	621	615	791	319
rna-NM_025188.3	117	127	186	133	175	67
rna-NM_006699.4	808	1614	1778	935	1077	1644
rna-NM_017709.3	28	33	34	47	45	135
rna-NM_206996.3	0	6	0	0	0	0
rna-XM_011541621.3	409	486	307	437	634	613
rna-NM_006784.2	1017	2444	1489	1023	1087	1043
rna-XM_005271161.4	38	73	32	10	0	12
rna-NM_000701.7	51700	127951	131811	77995	43644	148032
novel.90.1	3	10	13	5	5	8
novel.24.3	0	12	0	0	0	13
novel.24.4	0	26	85	25	0	17
novel.24.8	0	8	0	0	0	3
rna-NM_015836.3	1205	4783	3448	1406	337	1602
novel.24.1	379	1079	672	1001	425	1877
novel.24.2	108	318	0	0	0	153
novel.24.5	12	12	18	27	12	44
novel.24.6	32	51	56	12	48	11
novel.24.7	153	944	1295	338	256	97
rna-NM_000862.2	2	0	0	0	2	0
rna-XM_017002783.2	1291	4032	2802	1941	560	2498
novel.91.1	23	82	47	58	11	30
rna-XM_011541226.2	21819	51421	37300	53120	5646	27629
rna-NM_021794.3	1	0	0	0	0	0
rna-NM_024408.3	13820	49384	39740	12878	5582	18914
rna-NM_004892.5	9717	29448	23833	12662	4466	17828
rna-XM_017003016.2	0	20	12	6	2	13
novel.94.1	38	55	43	0	0	43
rna-XM_017003015.1	30	32	29	33	23	32
rna-XM_005277507.4	16	16	13	24	24	19
rna-XM_017000661.1	0	2	2	0	0	5
rna-XM_003846491.4	4	13	16	28	4	30
novel.95.1	12	29	31	34	1	42
novel.92.1	0	0	0	17	0	0
novel.92.5	0	306	1	110	0	0
novel.25.1	37	167	121	49	31	61
novel.92.3	234	1030	901	343	98	526
novel.92.2	54	61	212	0	21	160
novel.92.4	16	5	129	83	12	225
novel.92.6	79	404	146	146	41	130
rna-NM_001037501.3	1237	2215	1943	889	778	1116
novel.93.1	394	381	687	393	322	910
rna-XM_024452028.1	46	65	95	70	33	210
novel.26.1	22	25	19	22	17	23
novel.27.1	5	7	7	17	6	24
rna-XM_017003012.1	18	16	23	18	16	12
rna-NM_001351372.1	470	562	499	310	420	343
rna-XM_011542018.1	214	1141	507	243	152	231
rna-NM_001329984.1	1899	4594	4592	1863	1552	3092
novel.28.1	14	57	44	25	6	87
novel.98.2	0	0	0	31	0	35
novel.98.3	0	0	0	0	0	0
novel.98.1	63	23	27	10	59	0
novel.98.4	7	0	1	2	2	4
novel.99.1	2	0	0	0	0	0
novel.100.1	1	0	0	0	2	0
novel.29.1	0	0	0	1	2	0
novel.101.1	0	0	0	0	5	0
novel.101.2	0	0	0	0	0	0
novel.101.5	0	0	0	3	0	3
novel.101.6	0	0	0	0	0	0
novel.101.3	5	5	2	11	0	4
novel.101.4	5	1	2	14	9	0
novel.102.1	16	3	8	7	7	5
novel.102.2	13	20	7	15	39	31
rna-XM_017003054.2	4	4	3	0	0	0
rna-NM_001013644.2	53	50	40	97	82	73
rna-NM_001355409.1	19	55	51	37	1	49
rna-NM_001346067.1	75	127	56	64	93	49
rna-NM_001170755.2	853	830	760	757	1126	1017
novel.31.2	0	0	0	0	0	0
novel.31.1	44	0	9	1	30	17
novel.31.3	50	14	11	47	15	14
novel.31.4	3	11	15	47	23	0
rna-NM_001348152.1	128	134	132	218	227	198
rna-XM_024449122.1	915	1179	1227	761	1287	1183
rna-XM_011509962.3	75	140	83	83	80	56
novel.32.2	0	0	0	212	0	0
novel.32.1	737	1792	1554	702	541	1376
novel.103.1	105	109	119	104	172	104
rna-XM_024452073.1	0	0	0	0	0	0
rna-NM_001278267.1	435	280	249	278	822	356
rna-NM_144698.4	2	2	17	0	4	3
rna-XM_017002622.1	244	89	83	209	322	270
rna-NM_003846.2	692	923	915	815	883	592
rna-NM_001097612.1	540	497	435	645	594	518
rna-XM_024447616.1	24	16	16	52	34	62
rna-XM_011509104.2	4	3	6	0	4	4
rna-NM_014455.3	1143	1298	1341	1678	1574	2684
rna-NM_001303456.1	1223	956	632	1387	1596	909
rna-NM_001012758.2	32	34	17	43	48	25
rna-NM_006099.3	1706	1835	1731	2153	2486	1710
rna-NM_005105.4	3491	5584	4434	4733	3957	4773
rna-NM_153713.2	1976	3525	3159	2210	2358	2293
rna-XM_005277431.4	437	730	802	384	319	313
rna-NM_001039888.3	185	207	205	232	203	166
rna-XM_017000085.2	399	4638	14183	349	1095	531
rna-NM_213653.3	2	0	0	0	0	0
novel.33.1	48	85	100	44	56	48
rna-NM_001302371.1	362	288	289	220	576	262
rna-NM_203458.4	290	276	239	280	242	133
novel.34.1	79	63	50	65	84	62
novel.35.1	28	26	55	45	20	75
novel.104.1	401	1062	1011	648	204	673
rna-NM_001278141.1	174	214	222	195	358	254
rna-NM_005399.4	463	1109	1013	568	503	713
novel.36.1	70	62	60	74	127	67
rna-XM_005272947.5	16	15	25	13	35	21
rna-NM_004284.5	850	1145	973	1074	1423	1286
rna-NM_004326.3	610	1358	1285	522	592	549
rna-NM_016361.4	402	816	757	567	325	465
rna-XM_005272951.4	3	6	4	11	0	0
rna-NM_016334.4	414	423	334	526	462	382
novel.38.2	0	0	11	216	218	139
novel.107.1	0	3	4	5	0	5
rna-NM_183372.5	227	192	207	170	347	196
novel.105.1	62	54	43	130	44	55
novel.105.2	34	139	97	0	121	157
novel.105.3	8	53	128	58	11	32
rna-NM_001123068.1	1	0	0	0	0	0
rna-NM_015383.2	517	487	501	371	716	326
rna-XM_011510256.2	83	81	59	64	50	41
rna-NM_001355407.1	254	210	174	237	263	212
rna-XM_024452077.1	234	507	529	318	132	355
novel.37.1	22	25	16	15	6	9
novel.38.1	167	129	21	25	0	0
novel.38.3	78	7	31	21	27	40
novel.38.4	37	0	41	0	12	20
novel.39.1	3	8	12	6	5	9
novel.106.1	7	1	12	4	2	20
novel.106.2	36	57	69	44	24	79
rna-XM_006711642.3	3228	1895	2529	3127	2742	4039
rna-NM_001277444.1	908	773	698	865	1148	1041
novel.108.1	127	87	96	122	194	91
novel.108.2	253	194	138	209	189	251
rna-NM_001348147.1	74	59	53	106	100	96
rna-XM_005244957.3	0	0	0	0	2	0
rna-NM_001161334.1	13	3	4	12	31	11
rna-XM_024451706.1	2	2	0	2	2	8
rna-NM_001123375.2	2	2	7	2	7	3
rna-NM_003548.2	171	64	109	147	261	108
novel.40.4	0	116	103	0	0	67
rna-XM_017003059.1	401	937	947	567	271	654
rna-XM_017003021.2	393	261	315	358	282	266
rna-XM_017003052.2	171	139	116	125	121	62
rna-NM_001351365.1	1019	682	641	630	1615	602
rna-NM_001135789.3	1	0	0	0	0	0
novel.40.1	112	207	188	171	68	297
novel.40.2	35	150	208	17	0	11
novel.40.3	7	22	9	7	0	16
novel.40.5	31	132	24	73	0	90
novel.40.6	4	22	5	2	0	0
rna-NM_021059.2	29	1	6	25	27	12
rna-NM_003516.2	598	159	190	882	1546	1048
rna-NM_001040874.1	576	151	186	866	1513	1015
rna-NM_001005464.2	29	1	6	26	27	14
rna-XM_024451710.1	194	75	98	216	293	125
rna-NM_001034077.4	172	70	106	146	267	109
rna-NM_001321026.1	75	12	34	152	162	111
rna-NM_003528.2	691	215	371	604	1278	593
rna-NM_003517.2	12	19	15	14	8	5
rna-NM_175065.2	4	0	2	4	2	2
rna-NM_001328675.1	1334	4018	2805	1897	804	1527
rna-NM_005850.4	2529	2728	2004	3122	2929	2423
rna-NM_001145862.1	474	594	445	429	542	422
novel.109.2	0	9	0	0	0	0
rna-XM_011509784.3	1240	1595	1428	1412	1858	2310
novel.109.1	43	89	92	55	65	93
rna-NM_007259.4	799	1309	1060	733	808	890
rna-NM_016274.5	827	1232	902	699	398	341
rna-XM_005245513.4	1516	2088	1593	1124	1632	957
rna-NM_012113.2	6	55	30	14	8	29
rna-XM_024447455.1	4394	6291	5461	5153	4355	4712
rna-NM_001301039.1	6	10	14	11	10	17
rna-NM_144697.3	272	544	322	155	78	106
rna-NM_018997.3	1173	1415	1319	1532	1163	1309
rna-NM_004698.3	1252	938	715	1272	1581	815
rna-NM_015203.4	1850	2006	1643	1946	2252	2845
rna-XM_011510285.1	0	0	1	0	0	0
rna-NM_025150.4	1456	2059	1645	1737	1257	822
rna-NM_001202858.1	889	185	185	663	558	204
rna-XM_011509644.3	735	127	188	578	362	250
rna-NM_021960.4	9837	11007	8002	8989	12182	10680
rna-NM_207042.1	3111	3649	3035	4112	4009	3241
rna-XM_006711428.2	1075	1201	1050	1247	1187	900
rna-NM_032132.4	59	10	27	76	131	85
rna-NM_004079.4	611	130	149	359	752	149
rna-NM_000396.3	35	28	41	25	49	22
rna-NM_001668.3	1286	1673	1501	1266	1458	1415
rna-NM_003568.2	40	72	72	80	43	98
rna-NM_001163258.1	440	460	553	588	582	929
rna-NM_021222.2	980	1004	985	1256	1004	1474
rna-XM_017002953.1	820	1493	1025	849	905	717
rna-XM_011509451.2	6589	8141	6907	8763	7371	8894
rna-NM_138278.3	4	5	11	2	7	1
rna-NM_017860.4	171	110	107	133	186	105
rna-NM_020239.3	2156	2164	1838	2787	3396	3057
rna-NM_006818.3	465	1532	1155	657	376	561
rna-XM_017000247.2	26	37	42	41	75	46
rna-NM_001178061.1	425	172	259	357	340	239
rna-NM_001204848.1	0	13	0	0	1	0
rna-NM_024575.4	3	0	0	0	2	0
rna-NM_212551.4	145	223	223	271	210	178
rna-NM_024041.3	937	824	710	1282	1059	876
rna-XM_011509449.1	2	0	6	2	5	0
rna-NM_001271087.1	1235	1642	1318	1592	1203	1204
rna-NM_001025603.1	2476	2334	2100	2823	3418	2548
rna-NM_001258289.1	15	3	9	6	4	4
rna-XM_006711563.4	4324	3805	3100	4156	5422	4403
rna-NM_001330692.1	3525	3717	3319	4217	3840	2746
rna-XM_005245366.4	2278	2281	2340	2656	2413	2709
rna-XM_011509634.1	3294	3728	3452	3960	3859	3438
rna-NM_002796.2	5429	5539	5291	6387	5847	5783
rna-XM_005245365.5	460	170	196	409	546	287
rna-XM_017000744.1	2464	2918	2231	2290	3310	2633
rna-NM_001301317.1	949	988	630	724	1060	433
rna-NM_007185.6	3	0	0	2	8	2
rna-NM_001144956.1	5	0	0	0	0	0
rna-NM_001330723.1	669	903	1049	771	1390	1003
rna-NM_031420.3	1090	1491	1115	1404	1691	841
rna-NM_016178.2	20	11	14	31	38	28
rna-XM_017000123.2	403	347	251	464	509	234
novel.41.1	26	29	27	43	41	15
rna-XM_006711484.4	8	5	7	0	0	0
rna-XM_016999989.2	2	0	2	0	0	2
rna-XM_011509421.1	2	0	2	0	0	0
rna-NM_053055.4	111	247	214	201	175	199
rna-NM_002966.2	9383	18438	15807	13664	13057	20028
rna-NM_005620.1	7157	7339	6981	12781	16862	18147
rna-NM_001014342.2	0	2	2	2	4	0
rna-NM_016190.2	0	0	0	0	0	0
rna-NM_001009931.2	12	12	6	10	29	6
rna-NM_002016.1	129	1055	567	128	85	118
rna-NM_001024679.2	2	0	0	0	0	0
rna-NM_178354.2	7	0	4	0	4	0
rna-NM_178353.1	2	0	0	4	0	0
rna-NM_002963.3	0	0	0	4	0	6
rna-XM_017002033.1	26535	39655	44589	43569	32575	49762
rna-XM_017002029.1	41	16	10	68	32	17
rna-NM_019554.2	4091	14210	12883	6913	453	12454
rna-NM_002960.1	523	403	653	1020	797	1400
rna-NM_005978.3	2270	6057	5479	4236	797	4263
rna-NM_080388.2	5200	12127	8598	8403	6166	8223
rna-XM_017001875.1	12	12	25	15	8	7
rna-NM_001024210.1	1603	1509	1648	2177	1856	1584
rna-NM_006271.1	75	67	47	83	65	35
rna-NM_001206612.1	1750	3230	2409	2687	2126	2586
rna-NM_012437.5	851	1360	970	1023	929	819
rna-NM_004515.3	7676	8663	6239	8231	7666	6373
rna-NM_000906.3	143	64	74	129	118	100
rna-NM_023015.4	476	584	502	534	801	426
rna-NM_024330.2	46	276	264	30	4	27
rna-XM_017003085.2	7	2	7	6	5	4
rna-NM_020699.3	886	860	829	1097	1176	1068
rna-XM_005245678.4	1813	2144	1971	1752	2316	1717
rna-XM_005244946.1	2208	1373	1310	2349	2381	2196
rna-NM_001271960.1	6077	7561	7128	8730	7150	9146
rna-XM_024453343.1	181	197	140	176	163	91
rna-NM_006694.3	2542	3773	3056	3758	2911	3761
rna-NM_207308.2	0	0	2	4	4	0
rna-NM_002870.3	2462	2230	3363	2383	2074	1781
rna-NM_001030.5	10456	15307	16782	14922	7754	13366
rna-NM_152263.3	2348	2560	1903	2328	2440	2244
rna-NM_006118.3	2394	2508	2151	3526	2867	2416
rna-NM_001098616.2	6534	8342	6592	8716	6544	9162
rna-XM_005245658.4	3691	5200	3739	3998	5202	4049
rna-NM_020452.3	2150	1656	1695	2261	3030	2149
rna-XM_011509163.3	0	0	0	3	0	0
rna-XM_017001199.2	237	79	107	177	297	139
rna-XM_011509152.2	3	0	0	0	0	0
rna-NM_000748.2	4	2	0	9	7	2
rna-NM_017582.6	3336	2865	2485	4130	4132	4998
novel.42.1	3	30	3	39	63	5
novel.42.2	98	114	90	307	395	12
rna-NM_001204087.1	7	35	80	9	0	28
rna-NM_006556.3	865	1162	947	1530	991	1203
rna-XM_024449674.1	22825	19845	15558	21955	29440	27588
rna-NM_020524.3	5562	3269	4277	6228	4588	4725
rna-NM_001826.2	2398	1951	1189	2813	2382	1880
rna-NM_138300.3	2395	2904	2437	3490	3217	3206
rna-NM_001321726.1	1122	1015	1106	1101	1370	857
rna-XM_005245449.5	7380	7625	6433	6662	8822	5304
rna-NM_025207.4	1002	1155	1021	1186	1127	691
rna-XM_017001399.1	2344	2748	2891	2817	2160	3925
rna-NM_144622.2	11	0	11	13	11	0
rna-NM_152494.3	23	23	26	29	17	22
rna-NM_207197.2	4087	8845	8892	4368	2386	3372
rna-NM_182689.1	534	446	410	588	536	536
rna-NM_004952.4	646	1730	1976	529	427	689
rna-NM_004428.2	2344	1197	1856	2814	5383	4183
rna-NM_018845.3	1529	1417	1341	2167	1996	1637
rna-NM_018973.3	208	567	631	304	205	240
rna-NM_173852.3	1204	1972	1859	1641	1107	1339
rna-XM_011510002.2	178	61	73	198	381	272
rna-NM_001204286.1	377	936	1162	558	588	618
rna-XM_011509926.2	1006	1122	1202	811	549	793
rna-NM_002455.4	1076	1117	932	1543	1361	922
novel.110.1	62	31	20	57	57	27
novel.43.1	530	273	332	735	472	573
novel.43.2	27	0	0	0	0	0
rna-NM_001005742.2	4016	1729	1779	4084	3870	2818
rna-XM_005244845.2	952	866	763	1387	1348	1372
rna-NM_005698.3	1016	960	804	1326	1347	1026
rna-NM_001294338.1	266	426	409	249	322	201
rna-NM_003145.3	5545	6687	6152	7077	5371	6158
rna-NM_020131.4	1913	2353	2179	2466	2719	2390
rna-NM_014017.3	925	1290	1284	1454	1122	1266
rna-NM_020387.3	0	0	0	0	8	0
rna-NM_001093725.1	704	1515	1182	760	725	1043
rna-NM_181885.2	0	3	0	3	5	0
rna-NM_020897.2	144	92	71	156	215	136
rna-NM_000298.5	2	0	0	0	4	3
rna-XM_024454070.1	8583	7737	5709	8231	8231	4355
rna-XM_006711254.2	1993	1406	1123	2105	2157	1222
rna-NM_018489.2	1536	2166	1768	1297	2045	2558
rna-NM_018116.3	641	809	615	796	723	409
novel.111.1	155	53	58	173	190	143
rna-NM_001198903.1	2958	2903	2834	3165	3206	2873
rna-XM_024449697.1	2408	3541	2585	3081	2812	2579
rna-NM_001282856.1	1182	1155	931	927	1540	883
rna-XM_017000759.2	1635	5212	4351	2283	616	4776
rna-NM_001256821.1	1084	842	601	1061	1350	964
rna-NM_014949.3	1128	711	670	930	1400	1163
rna-XM_011510139.3	3667	3685	2962	4704	3396	3278
rna-NM_170707.3	11640	12718	11562	11166	9228	6217
rna-NM_001193301.1	33	8	6	31	20	2
rna-NM_001286184.1	1814	1722	1536	2266	2368	2645
rna-NM_001199654.1	626	760	756	840	886	798
rna-NM_001199661.1	290	379	321	365	381	365
rna-NM_199173.5	5	0	0	1	0	1
rna-XM_024449878.1	14	27	20	21	24	48
rna-NM_015327.2	3519	4212	3235	5621	5757	4484
rna-NM_032323.2	247	146	142	278	247	175
rna-NM_144580.2	1281	950	845	1236	1019	617
rna-NM_020407.4	2	2	4	5	4	2
rna-NM_001304826.1	0	3	0	3	6	4
rna-NM_005998.4	11169	12977	10145	13259	15171	11460
rna-NM_005920.3	1586	1106	1102	1386	1346	969
rna-XM_024453273.1	557	640	180	399	301	123
rna-NM_001105669.3	0	0	0	2	1	0
rna-XM_017000319.2	2091	2480	2329	3096	2298	2079
rna-NM_015590.3	632	627	425	724	811	368
rna-XM_017002020.1	4	8	9	3	1	0
rna-XM_017002047.1	30	87	82	43	23	19
rna-NM_006617.1	2556	17942	13896	1952	29	1897
rna-NM_001199723.1	878	908	732	1173	799	703
rna-NM_001303095.1	1697	2288	1592	1924	1922	1842
rna-NM_015997.3	783	990	767	1148	1022	1085
rna-NM_024540.3	767	1534	1323	1226	1014	782
rna-NM_001319186.1	16131	15476	13303	21846	23798	21096
rna-NM_002529.3	11	0	10	11	0	5
rna-XM_017001234.2	51	0	0	42	29	16
rna-XM_005244926.3	0	0	0	4	4	0
rna-XM_005245313.3	2990	3042	2611	3825	3312	3700
rna-XM_006711659.3	958	992	943	1101	1552	1035
rna-NM_001004341.2	0	4	0	0	0	0
rna-NM_001145312.2	698	776	735	666	1041	671
rna-XM_005245305.5	6277	7563	6005	5825	7259	5094
rna-XM_011509916.2	4	0	0	0	0	0
rna-NM_001320010.1	0	0	0	0	0	0
rna-XM_005245127.4	5761	7402	5651	4072	4818	2923
rna-XM_017002848.1	2	0	0	0	0	0
rna-XM_024448760.1	131	16	14	120	57	34
rna-NM_001122951.2	10	0	6	18	11	0
rna-NM_001319659.1	376	40	72	393	438	326
rna-XM_005245128.4	3	0	0	5	14	38
rna-XM_011509775.2	40	0	4	37	42	33
rna-NM_001135050.1	18	77	84	38	12	60
rna-NM_145167.2	288	635	552	396	425	400
rna-NM_002241.4	174	921	856	216	12	809
rna-XM_017001247.1	2	17	7	0	0	70
rna-NM_001013661.1	0	0	0	0	2	0
rna-NM_012337.2	48	39	37	26	30	28
rna-NM_001277224.1	14943	23093	21199	18619	12104	17448
rna-NM_001206665.2	3156	3288	3953	2695	1744	2597
rna-NM_000702.3	6	44	26	3	0	0
rna-NM_001231.4	12	39	37	13	0	9
rna-NM_005598.3	2	0	5	2	2	5
rna-NM_020335.2	751	1321	1092	928	549	986
rna-NM_001184879.1	2	2	0	0	2	7
rna-NM_001330754.1	1	0	0	0	0	0
novel.44.1	58	183	147	24	19	19
rna-NM_016946.5	2111	1204	1156	2198	2218	1745
rna-NM_001113207.1	45	22	36	54	77	82
rna-NM_001297576.1	10550	19734	15111	14060	9028	10224
rna-NM_015726.3	2196	3045	2857	2822	2675	2814
rna-NM_002857.3	2172	3787	2996	2538	2629	2480
rna-NM_001098398.1	7585	9072	7296	6892	7284	5591
rna-NM_015331.2	4829	5350	5071	4222	4236	4480
rna-NM_007122.4	1042	916	928	1325	1795	1390
rna-NM_001025598.1	9	3	7	4	6	3
rna-XM_011510021.2	47	13	6	30	62	7
rna-NM_152366.4	7	65	50	9	0	4
rna-NM_012394.3	1266	1429	1086	1585	1498	1320
rna-XM_005245215.5	558	513	463	760	794	612
rna-XM_005245600.3	1475	1911	1294	1787	1780	1887
rna-XM_017001450.2	1166	1487	1336	1471	1742	1805
rna-XM_017001036.1	945	1040	988	1250	1386	1091
rna-XM_011509663.2	353	438	344	415	271	220
rna-NM_001199874.1	2021	1900	1403	2642	2328	2565
rna-NM_001320336.1	88	254	139	115	3	262
rna-NM_004106.1	13	8	3	7	0	6
rna-NM_032174.5	831	997	879	935	852	960
rna-XM_005245693.4	17	23	25	23	22	41
rna-NM_004550.4	2451	4847	4028	3572	2852	3219
rna-XM_017002154.2	46	7	5	54	41	13
rna-NM_001315491.1	24	6	0	30	17	0
rna-NM_003001.3	3013	4276	4010	4205	3978	3769
rna-NM_001013625.3	35	107	79	56	66	68
novel.45.2	0	0	0	75	2	0
novel.45.1	146	36	58	80	148	212
rna-XM_011509287.2	6	42	20	3	0	2
rna-NM_000569.7	0	0	0	0	0	0
novel.46.1	0	2	1	1	0	0
rna-NM_002155.4	139	59	45	286	24	86
rna-NM_001002901.3	18	14	6	8	13	15
rna-NM_007240.2	480	575	423	761	810	783
rna-XM_011509308.1	1652	3211	2472	1991	1961	2227
rna-NM_001347700.1	337	39	48	274	398	262
rna-XM_011509443.2	0	0	0	0	0	0
rna-NM_014697.2	60	105	78	43	51	78
rna-NM_001135240.2	160	464	545	212	218	250
rna-NM_175866.4	3167	3813	2970	2717	4610	4279
rna-NM_001324116.1	3443	2335	1760	2900	3961	2236
rna-NM_001354983.1	163	394	343	325	79	196
rna-NM_016371.3	459	281	266	508	533	265
rna-XM_011509477.2	6	0	0	6	6	0
rna-NM_001102445.2	243	83	29	520	143	3238
rna-NM_001254749.1	16	24	21	19	45	34
rna-NM_145697.2	276	300	81	207	297	63
rna-XM_005245228.3	226	1412	1491	352	48	420
rna-NM_004528.3	1904	1518	1715	2207	2227	2003
rna-NM_000696.3	1781	2707	2128	2059	2175	1742
rna-NM_019026.4	2500	3321	3014	3364	2794	3633
rna-NM_012474.4	1710	2313	1362	1736	1942	1052
rna-XM_017000418.1	124	603	456	99	74	159
rna-NM_017542.4	2033	2072	1299	2918	3226	3720
rna-NM_053053.3	406	498	392	522	618	408
rna-XM_017001252.1	6	193	74	20	0	19
rna-XM_017003063.1	0	0	0	0	0	0
rna-NM_005814.2	2	2	5	0	0	0
rna-XM_011509653.2	828	957	915	422	770	711
rna-XM_017002800.1	2	3	0	0	0	0
rna-NM_003851.2	898	605	686	1076	1334	771
rna-NM_052862.3	5	0	2	6	74	12
rna-NM_003953.5	5128	4375	4099	5924	8550	9301
rna-XM_011509760.3	0	4	0	0	9	9
rna-XM_006711253.2	1229	864	899	1403	1408	1474
rna-NM_015415.3	1030	1407	1290	1164	1296	1085
rna-NM_001198956.1	2425	2410	2462	2217	2767	3373
rna-NM_152902.4	1467	2200	1761	1512	1406	1619
rna-NM_199344.2	130	215	117	163	146	225
rna-NM_005149.2	151	152	166	208	159	532
rna-NM_006996.2	170	285	139	151	272	140
rna-NM_001677.3	6798	3229	4492	15025	14189	32521
rna-NM_013330.4	654	803	813	623	590	608
rna-NM_003666.3	678	487	332	661	937	567
rna-XM_017001938.1	15	52	28	29	10	18
rna-XM_006711627.3	134	152	105	123	146	70
rna-XM_005245317.5	589	479	250	547	625	170
rna-NM_181093.3	159	142	116	240	289	269
rna-XM_024454186.1	738	1062	970	927	820	957
rna-NM_001136107.1	0	0	0	0	0	0
rna-NM_022716.3	18	123	119	84	5	223
rna-NM_001163629.1	0	0	0	0	2	0
rna-NM_152281.2	189	168	156	225	364	215
rna-NM_002022.2	29	53	36	21	23	13
rna-XM_005245015.2	2851	3449	2541	1912	4257	2732
rna-NM_003762.4	409	350	388	387	615	557
rna-NM_015935.4	1759	1413	1180	2008	2224	1652
rna-XM_017000976.1	79	102	78	64	76	58
rna-XM_011510152.2	0	0	0	0	0	0
rna-NM_153747.1	639	844	657	707	705	418
rna-NM_016227.3	1717	2207	1952	1236	1931	1420
rna-NM_005092.3	7	0	2	4	6	10
novel.112.1	100	10	13	70	116	37
rna-XM_011509964.2	47	67	41	41	33	61
rna-NM_004905.2	5528	9559	7663	6399	5700	6042
rna-XM_011509426.2	0	0	0	1	0	0
rna-XM_011509968.2	0	0	0	0	0	0
rna-XM_017001123.1	12	26	13	0	5	7
rna-XM_017001052.1	477	451	387	485	553	480
rna-NM_001127181.2	417	298	223	472	589	387
rna-NM_018122.4	1039	1095	731	1302	1403	1024
rna-XM_006711578.4	82	129	142	94	225	110
rna-NM_000488.3	2	6	0	5	0	0
rna-NM_001300850.1	611	484	683	394	1135	614
rna-NM_005684.4	0	0	0	0	0	0
rna-XM_005245680.1	496	537	447	341	724	469
rna-NM_014412.2	3309	3811	2728	3667	3512	2582
rna-NM_022100.2	661	1071	1059	909	778	832
rna-XM_017002048.1	12	41	22	8	0	18
rna-XM_024451079.1	129	823	331	148	76	201
rna-XM_017002059.2	878	1108	1014	1031	1031	1228
rna-XM_017002024.1	8	8	13	3	2	7
rna-NM_001356506.1	0	8	8	14	10	10
rna-NM_033127.3	15	0	0	0	0	0
novel.113.1	35	12	8	36	96	29
rna-XM_017002849.1	1254	610	562	945	2114	1576
rna-NM_152663.4	1359	936	909	1079	1650	1321
rna-NM_004673.3	2	16	11	2	0	0
rna-XM_017003001.2	957	2194	1415	945	1307	1250
rna-NM_022371.3	889	911	680	1065	1006	534
rna-NM_007314.3	2669	2794	1503	1701	2449	2096
rna-NM_003101.5	3045	1327	1216	2923	3742	2257
rna-NM_014625.3	0	0	0	0	2	0
rna-XM_011509167.3	7	0	5	4	4	0
rna-NM_001199085.2	2	0	0	0	0	0
rna-NM_001329714.1	4	0	0	0	0	0
rna-NM_001349936.1	1139	875	1081	1090	2151	1525
rna-XM_011509403.2	2555	2226	1927	2377	3739	3020
rna-XM_011510191.2	937	724	777	503	1690	1002
rna-NM_033343.3	17	29	34	9	11	30
rna-NM_032360.3	1153	2013	1765	1522	1151	1152
rna-NM_002826.4	14900	7172	7332	14012	8339	5585
rna-NM_004736.3	1774	2397	2193	1826	1852	3272
rna-NM_020950.1	19	14	21	18	29	26
rna-NM_005819.5	2105	2224	1826	2256	2204	3369
rna-NM_001531.2	506	433	447	559	534	684
rna-NM_016545.4	4137	1642	1454	3854	3827	4674
rna-XM_017002244.1	4	10	6	0	0	4
rna-NM_001033044.3	5213	37371	36926	7284	3086	16173
rna-NM_021133.3	69	281	244	103	91	118
rna-NM_002928.3	544	4764	2987	678	10	1375
rna-XM_011510089.3	143	2068	1347	77	2	165
rna-NM_030769.2	11	92	64	15	7	19
rna-NM_001357.4	6535	7187	5145	6222	8668	7327
rna-NM_005562.2	327	88	163	542	868	737
rna-NM_002293.3	11458	14121	10364	8469	9961	11560
rna-NM_015039.3	653	1287	1189	634	211	515
rna-XM_011510205.3	3726	6776	4948	5216	3620	6357
rna-NM_001127651.2	59	94	71	128	19	156
rna-XM_011509332.2	993	7399	4596	1546	81	4580
rna-XM_017000228.2	180	456	363	227	145	165
rna-NM_203454.2	0	0	0	4	0	0
novel.114.1	2	3	2	1	0	3
novel.47.1	235	236	567	696	9	1274
novel.47.2	181	647	513	542	5	1400
rna-NM_001270439.1	6858	12627	10494	7055	5931	6675
rna-NM_015149.4	2076	3921	3367	1889	1140	3028
novel.48.1	0	0	0	0	2	0
rna-NM_030806.3	594	1919	1312	509	166	843
rna-NM_001319960.1	782	749	705	602	1081	927
rna-XM_011509140.3	1710	965	841	1368	1471	586
rna-NM_007212.3	880	964	862	865	1232	826
rna-NM_030934.4	708	648	604	727	1192	825
rna-XM_005245271.2	200	86	121	165	250	186
rna-XM_011509079.3	2324	4564	2689	2529	2861	2498
rna-NM_031935.2	26	3	0	20	20	6
rna-NM_005807.4	0	0	3	1	6	0
rna-NM_003292.2	1164	878	1117	641	2995	780
rna-NM_017847.5	350	369	344	268	642	324
rna-NM_022375.3	4	0	0	1	0	2
rna-NM_000963.3	3203	52	155	2302	4189	8322
rna-XM_005245267.4	376	43	49	314	478	300
novel.49.1	0	0	0	0	0	0
novel.49.2	4	0	0	0	0	0
rna-NM_130782.2	2	0	0	0	0	0
rna-NM_002923.3	318	53	60	248	233	189
rna-XM_006711367.4	907	1308	944	894	1028	877
rna-XM_006711495.4	1357	1279	1295	1207	2178	1461
rna-NM_016066.4	445	163	146	507	644	369
rna-NM_003783.3	0	0	2	0	0	0
rna-NM_024529.4	2366	1854	1772	2344	4119	3335
rna-XM_006711294.3	88	8	19	66	175	58
rna-NM_021023.5	4	0	0	0	12	4
rna-NM_002113.2	16	2	12	15	19	17
rna-NM_000186.3	567	55	58	293	584	110
rna-NM_018136.4	370	157	79	116	729	53
rna-XM_024446754.1	529	338	475	326	920	611
rna-XM_017000852.1	4	0	0	0	3	0
rna-XM_011509246.2	132	70	82	64	284	331
rna-NM_001024594.2	21	32	27	39	38	29
rna-XM_011509781.2	20	44	17	7	6	8
rna-XM_017000344.1	1406	1095	1217	1157	2685	2075
rna-NM_205860.2	54	16	37	102	245	168
rna-NM_012482.4	1306	612	798	1203	2218	1168
novel.50.1	0	0	0	0	0	0
novel.115.1	49	8	5	52	92	37
rna-NM_014875.2	222	141	49	81	243	50
rna-NM_001031725.5	292	415	304	335	426	383
rna-NM_001297707.1	1966	1684	1599	1618	2999	2581
rna-NM_018265.3	272	112	85	267	207	111
rna-NM_001252100.1	252	46	55	209	148	122
rna-NM_000069.2	6	2	3	19	8	0
rna-NM_001270601.1	2	0	5	0	2	0
rna-NM_001288571.1	2770	3647	3235	3478	2171	2677
rna-NM_001164586.1	284	17	43	133	711	48
rna-NM_000299.3	0	0	0	0	0	0
rna-NM_001276345.1	2	0	0	0	2	0
rna-NM_003281.3	0	0	0	0	0	0
rna-NM_005558.3	11	2	0	0	3	3
rna-NM_012396.4	1249	1523	1480	1549	844	600
rna-NM_004078.2	6774	11775	12781	9853	5273	9825
rna-XM_017003087.1	13	38	24	17	26	12
rna-XM_024450645.1	2487	1921	1705	1893	2375	2502
rna-NM_198149.2	551	795	839	866	577	596
rna-NM_018085.4	5157	6330	4878	5576	5961	4998
rna-NM_012134.2	110	14	17	59	26	14
rna-NM_006335.2	2136	2214	1751	2589	2667	2033
rna-NM_020216.3	2859	4128	3902	3616	3722	2761
rna-NM_001114309.1	1881	1524	2981	1750	2924	2089
rna-NM_004767.4	22	11	21	29	54	23
rna-NM_138795.3	1321	1302	1140	1575	1359	1525
rna-XM_011509819.1	0	0	0	0	2	0
rna-NM_001017403.1	553	1861	1285	1415	62	3691
rna-NM_014176.3	1405	857	455	1204	1439	417
rna-XM_017001342.1	50	49	40	26	70	51
rna-XM_017000309.2	2	4	1	5	18	5
rna-NM_001314042.1	2870	5486	4274	2498	2773	4506
novel.51.1	23	48	39	14	18	23
rna-NM_002871.4	728	558	489	995	1050	848
rna-XM_011509835.2	951	990	873	1282	1646	1344
rna-NM_001290629.1	3565	4192	3678	4391	4427	4643
rna-NM_016243.2	1756	1842	2303	1823	1509	1520
rna-NM_138391.5	2767	4098	3538	3731	2757	4165
rna-XM_006711586.2	212	333	359	119	182	165
rna-NM_000674.2	572	724	813	685	514	465
rna-NM_004997.2	0	2	0	0	0	0
rna-NM_001276.2	168	481	591	268	70	564
rna-NM_006763.2	366	1079	1536	428	351	146
rna-NM_002725.3	2	8	7	9	0	4
rna-NM_001684.4	1570	3510	3211	1121	1016	1487
rna-NM_001319238.1	3424	2030	2439	2656	5860	3893
rna-NM_001174108.2	99	84	88	27	223	141
rna-NM_003094.3	1078	1666	1232	1395	989	864
rna-NM_005686.2	1199	2029	1812	1069	649	952
rna-NM_001297760.1	1641	1245	1610	2521	1378	2908
rna-NM_000537.3	2	0	0	2	0	0
rna-NM_002256.3	159	20	26	82	90	7
rna-NM_198447.1	32	4	17	31	16	6
rna-XM_006711212.3	157	31	40	108	71	14
rna-NM_032833.4	2912	2218	2009	2722	4034	3366
rna-NM_002646.3	364	260	321	316	412	277
rna-XM_017001311.1	113	132	138	126	254	127
rna-XM_005244827.3	6	30	58	18	0	23
rna-XM_024454283.1	77	302	314	61	13	67
rna-XM_024449386.1	7	0	2	0	8	3
rna-NM_203376.1	92	66	61	84	85	134
rna-NM_005057.3	1452	1267	987	1480	1914	1596
rna-NM_015375.2	878	985	819	735	858	1000
rna-NM_014858.3	1221	730	926	1398	803	1177
rna-NM_030952.2	1217	967	682	1155	1700	1080
rna-XM_024448121.1	17	125	122	12	0	9
rna-XM_011510161.2	45	129	180	46	0	50
rna-XM_017001423.2	642	781	712	523	369	273
rna-NM_033102.2	323	134	119	338	305	336
rna-NM_181644.4	10	4	18	6	13	6
rna-NM_001973.3	636	727	817	720	1453	879
rna-XM_005245571.1	2129	1203	1088	2454	3204	2922
rna-NM_022731.4	9131	18344	12431	9524	9259	6609
rna-NM_152491.4	0	0	0	0	0	1
rna-NM_173854.5	2263	2545	2363	2319	2908	1995
rna-NM_134325.2	0	27	18	6	0	0
rna-NM_001164522.2	28	23	21	39	28	46
rna-XM_011509244.1	35	8	10	31	20	0
rna-NM_001007544.3	79	9	17	37	75	24
rna-NM_014002.3	594	415	343	552	656	282
rna-NM_182663.3	480	213	186	417	389	269
rna-NM_001317901.1	129	230	87	116	92	60
rna-XM_011509354.2	2173	1821	1528	1844	2181	1783
rna-NM_006893.2	1048	1523	1419	1366	1022	949
rna-NM_003582.2	334	256	209	335	383	301
rna-NM_032960.3	3901	3821	3240	4489	4144	4665
rna-NM_001185156.1	46	4	5	27	11	10
rna-NM_005449.4	10	12	7	18	2	2
rna-XM_006711530.1	10	33	22	10	6	4
rna-NM_018566.3	303	306	370	222	527	306
rna-XM_005273254.5	7	0	0	10	4	0
rna-XM_005273252.4	0	0	0	0	0	0
rna-XM_024447654.1	454	268	232	435	860	509
rna-NM_001300902.1	656	221	284	565	961	632
rna-NM_001006658.2	4	0	0	11	2	0
rna-XM_011509205.1	3	0	0	0	2	0
rna-NM_175710.1	40	5	0	24	21	0
rna-NM_172359.2	5520	2861	3028	4108	6606	4652
rna-NM_001025109.1	382	92	115	461	426	332
rna-XM_011510292.2	12	5	2	28	11	14
rna-XM_005273164.3	1016	821	1128	958	960	1419
rna-NM_020439.2	7	5	6	6	0	0
rna-NM_000228.2	3232	821	1185	5105	4289	3729
rna-NM_015714.3	611	52	71	558	504	197
rna-NM_001206741.1	67	6	4	84	68	10
rna-NM_025228.3	0	0	2	0	0	0
rna-NM_152485.3	178	158	140	212	206	140
rna-NM_014388.6	1096	816	589	1227	1544	1367
rna-XM_006711262.3	519	19	80	267	585	236
rna-NM_019605.4	420	200	326	317	382	353
rna-XM_017001726.1	101	91	92	94	110	93
rna-NM_172362.2	78	47	49	87	49	24
rna-XM_017001758.2	804	647	628	739	852	628
rna-XM_011509957.3	263	382	314	247	449	196
novel.52.1	33	46	42	41	43	20
rna-NM_021194.2	593	239	233	537	734	348
rna-NM_002497.3	571	372	157	446	422	99
rna-XM_005273362.3	1207	1389	1262	1155	2288	1771
rna-NM_006243.3	1316	975	957	1197	1613	1293
rna-XM_011509717.3	686	550	472	738	830	922
rna-XM_011509396.2	2276	1099	846	2508	2923	2099
rna-NM_016448.3	3711	1448	684	2734	2672	792
rna-NM_013349.4	796	1045	1089	1069	799	788
rna-NM_001030287.3	506	408	219	436	1218	318
rna-NM_153606.3	2	0	0	0	3	0
rna-XM_017001683.1	46	31	12	64	112	36
rna-NM_001024601.2	2	3	3	0	0	0
novel.117.1	108	129	87	157	168	95
rna-NM_014053.3	320	296	179	266	599	291
rna-XM_011509988.3	92	65	38	80	118	44
rna-NM_144567.4	513	810	606	608	819	709
rna-NM_015471.3	1130	1073	919	1045	1020	891
rna-NM_001146171.1	200	276	225	263	289	194
rna-NM_012424.5	984	782	748	832	1214	978
rna-XM_011509773.2	268	997	462	382	43	1807
rna-NM_020197.2	1126	1742	1284	1311	1365	1302
rna-NM_005401.4	3553	8293	5501	2866	3334	5699
rna-NM_016343.3	1104	1046	583	399	1294	258
rna-NM_001017425.2	115	32	17	124	51	24
rna-NM_016121.4	1153	1675	1414	938	1435	1316
rna-NM_206933.2	2	0	0	0	3	4
rna-XM_017000625.1	22	20	21	7	5	0
rna-XM_011509689.3	198	205	144	297	310	350
rna-NM_138796.3	27	27	16	12	23	11
rna-XM_011509597.3	294	181	139	277	386	179
rna-NM_001135599.3	1547	1209	950	1338	1118	1879
rna-NM_001350628.1	166	267	222	234	142	138
rna-NM_001355457.1	10	10	2	5	8	7
rna-NM_004446.2	3400	5244	3720	3690	5288	4073
rna-XM_005272999.5	1051	1019	810	1194	1311	989
rna-NM_018060.3	2919	4649	4647	3092	4190	3773
rna-NM_012414.3	1140	1101	949	1024	1758	1017
rna-NM_001286124.1	163	274	247	142	158	133
rna-NM_024709.4	711	343	371	715	538	317
rna-NM_001317338.1	202	248	243	257	194	143
rna-XM_011509900.3	68	13	15	110	87	53
rna-NM_021958.3	159	26	52	199	270	198
rna-NM_007207.5	1584	474	581	1596	1424	1910
novel.53.3	0	0	0	79	0	94
novel.53.1	145	322	342	1082	50	1657
novel.53.2	118	84	51	670	11	729
novel.53.4	2	0	0	7	0	61
novel.53.5	10	11	6	8	2	137
rna-XM_024449814.1	16	12	9	24	33	19
rna-NM_001201536.1	208	141	104	205	254	156
novel.54.1	50	54	71	73	81	47
rna-NM_207468.2	0	0	0	0	0	0
rna-XM_011510075.2	152	215	163	205	185	218
rna-XM_006711505.3	2	9	26	8	2	33
rna-XM_017001583.1	18	79	73	25	3	94
rna-NM_001143962.1	0	0	0	0	0	4
rna-NM_001324062.1	1616	1312	1161	1299	2225	1385
rna-NM_022831.2	3330	3204	2771	3249	4794	4103
rna-XM_011509212.3	1002	573	749	900	2057	838
rna-NM_001748.4	7649	8316	8889	9716	10234	18017
rna-NM_001031685.2	2106	1430	1243	1651	2799	2910
novel.118.1	10	9	0	17	10	5
novel.119.1	11	8	9	10	37	15
novel.55.1	41	40	49	37	83	32
rna-NM_015176.3	1680	1565	1225	1607	2385	2190
rna-NM_003676.3	4586	4388	3255	4302	5194	3724
rna-XM_017001378.1	727	620	518	611	658	279
rna-NM_014184.3	1111	1600	1142	1435	1249	1404
rna-NM_025160.6	4761	5314	4516	4773	5786	6577
rna-NM_001322302.1	213	168	92	218	63	92
rna-XM_011544057.2	99	17	27	104	281	73
rna-NM_194442.2	2759	3523	2601	2241	2416	2004
rna-XM_024448305.1	3280	4398	4094	2780	3742	3480
novel.56.1	44	4	16	27	23	6
rna-NM_020997.3	8	0	3	6	4	8
rna-NM_013328.3	1088	2441	2087	1364	1117	858
rna-NM_003133.5	5445	9223	7813	6289	5543	6681
rna-NM_001136018.3	4293	5629	7889	8839	6300	13031
rna-NM_014698.2	1587	943	889	1921	1967	1212
rna-NM_003240.4	4	16	7	2	0	10
rna-NM_152608.3	1348	1607	1280	1368	1371	1390
rna-NM_002107.4	5521	10359	8964	6366	5124	7005
rna-NM_022735.3	2600	1708	1648	2266	2731	2088
rna-NM_001282402.1	2	0	0	0	4	0
rna-XM_005273102.3	441	354	267	424	533	271
rna-NM_001618.3	5156	9816	7443	5780	5824	7164
rna-NM_001003665.3	6	13	12	6	0	0
rna-NM_002221.3	1062	1664	1713	1437	1471	2045
rna-NM_000447.2	401	338	344	473	549	302
rna-XM_017001852.1	987	936	1062	1094	1014	1274
rna-XM_011544346.3	12	0	8	4	6	9
rna-XM_011544306.3	1059	1005	1118	889	2257	1665
rna-NM_178549.3	153	149	129	104	250	67
rna-XM_017000232.1	2097	2104	2141	2787	2445	2663
rna-NM_023007.2	409	491	379	590	433	290
rna-NM_003395.3	132	195	227	151	171	166
rna-XM_011544347.3	1	4	6	2	2	2
rna-XM_011544319.3	2	0	0	2	0	0
rna-XM_003119160.4	6	2	3	0	0	2
rna-NM_024319.3	585	483	465	728	550	404
rna-NM_181462.2	541	455	362	667	568	457
rna-XM_017001233.1	15022	16296	13224	17265	15051	14511
rna-NM_020435.3	140	229	244	374	43	577
rna-NM_001010867.3	130	122	110	169	169	96
rna-XM_005273104.5	3761	6785	5907	5122	4131	5082
rna-XM_017003091.1	0	0	0	4	3	2
rna-XM_017002443.2	228	107	147	278	417	140
rna-XM_011544210.3	5	6	3	4	10	8
rna-NM_145214.2	1021	977	915	1228	1066	762
rna-NM_033445.2	302	193	212	299	259	240
rna-NM_175055.2	6	7	3	5	7	2
rna-XM_011544015.2	0	0	0	0	2	5
rna-NM_001010858.2	3105	4714	4429	5890	3171	5973
rna-XM_024451877.1	24	28	36	15	63	14
rna-NM_021205.5	73	276	280	110	144	183
novel.120.1	186	266	187	179	227	93
rna-NM_004578.3	1074	2188	2145	1424	972	1833
rna-NM_006542.3	1	1	1	1	1	1
rna-NM_145257.4	615	1331	926	412	621	437
rna-NM_001100.3	0	0	0	2	8	0
rna-NM_018230.2	1465	2284	1724	1346	2230	1583
rna-NM_012089.2	455	1009	669	522	767	639
rna-NM_014409.3	1004	814	540	884	1073	1116
rna-NM_001314021.1	922	1124	684	902	1230	708
rna-XM_017000963.2	1951	2381	1891	1745	1715	1828
novel.58.1	8	7	22	13	0	22
rna-NM_001258311.1	511	1032	958	815	10	1883
novel.121.1	17	34	31	23	0	50
novel.59.2	3492	9803	10229	8296	0	11416
novel.59.1	165	494	543	676	6	928
novel.60.1	19	36	48	40	0	82
rna-NM_007357.2	1315	1489	1223	1830	1317	2745
rna-NM_000029.3	69	244	281	49	2	122
rna-XM_011544017.1	0	0	4	0	0	0
rna-NM_032800.2	1103	939	935	1132	1110	687
rna-NM_198552.2	482	54	70	400	478	299
rna-NM_024525.4	570	610	535	677	620	977
rna-XM_024449202.1	336	441	431	372	336	308
rna-NM_001256615.1	0	0	0	0	0	0
rna-XM_017001323.2	8	0	2	4	3	2
rna-NM_152379.3	154	181	168	180	187	108
rna-NM_014236.3	1034	1876	1703	1361	1413	1580
rna-NM_175876.4	471	445	364	488	896	436
rna-NM_032018.6	591	333	307	523	684	419
rna-NM_022051.2	4273	9456	8180	2743	4250	6063
novel.122.1	112	68	39	178	175	179
novel.122.2	1	1	1	5	11	11
rna-NM_005999.2	952	1181	1095	957	1072	867
rna-NM_001164537.1	122	96	77	72	105	72
rna-NM_019090.2	8	2	0	10	5	0
rna-XM_017001896.1	2654	1408	1073	2069	1951	3384
rna-NM_032324.2	1327	803	657	1404	1297	785
rna-NM_014801.3	832	903	720	719	520	785
rna-NM_032435.2	406	490	405	305	343	239
rna-NM_002245.3	331	734	574	392	4	587
novel.123.2	0	0	0	0	0	12
novel.123.1	429	1002	1014	748	12	750
novel.61.1	2	1	4	4	0	3
novel.124.2	0	50	114	102	0	15
novel.124.1	71	154	61	18	0	225
rna-NM_173508.3	40	6	13	34	19	20
rna-NM_001206641.2	452	490	288	450	406	400
rna-NM_005646.3	501	828	521	373	601	338
rna-NM_182972.2	4076	4369	3994	3605	3811	2183
rna-NM_014765.2	4502	8726	7652	4566	3513	5061
rna-NM_015014.3	920	905	823	1054	1287	870
rna-XM_011544212.3	682	496	529	337	1422	551
rna-NM_001037277.1	1095	1267	989	1143	1414	1169
rna-NM_001287801.1	454	303	281	473	481	279
rna-XM_006711749.3	103	137	102	90	122	126
rna-NM_004485.3	189	172	125	248	139	260
rna-XM_011544032.1	615	327	290	272	836	306
rna-NM_002508.2	3362	4868	3637	2517	1590	2111
rna-NM_003272.3	473	549	501	479	482	459
rna-NM_019891.3	328	251	269	396	421	328
rna-NM_145861.2	133	58	54	97	91	31
rna-NM_201545.2	1103	1251	1128	1052	1527	892
rna-NM_018072.5	1648	2228	1346	1191	2289	1524
rna-NM_001278343.1	42	4	8	31	55	12
rna-XM_011544194.3	768	983	906	531	1467	759
rna-NM_021186.4	4	0	0	8	0	14
novel.125.1	21	3	9	32	105	67
rna-XM_006711802.3	33	145	85	26	17	24
rna-XM_017000153.1	252	339	198	185	193	102
rna-NM_001305424.1	1645	154	150	1168	1549	882
rna-XM_005273226.4	2	5	5	2	4	0
rna-XM_005273218.4	81	16	5	60	65	24
rna-NM_000143.3	1808	2572	2128	1901	1732	1508
rna-XM_005273337.1	9	0	0	6	2	2
rna-NM_014322.2	475	480	381	404	533	482
rna-NM_001821.3	700	574	510	382	1220	319
rna-XM_011544322.1	1144	732	293	740	762	110
rna-NM_001290693.1	2	0	0	0	0	0
rna-XM_005273139.3	2	0	2	0	2	0
rna-NM_152666.2	40	301	218	61	0	129
rna-NM_205768.2	814	689	821	692	885	1277
rna-XM_011544334.3	1044	749	661	705	1579	862
rna-NM_001350248.1	157	132	103	177	175	181
rna-NM_005465.4	1220	1368	1183	976	1248	1313
rna-NM_001126.3	1812	1239	965	1603	2597	1640
rna-XM_011544138.2	6	0	0	0	11	2
rna-XM_011544203.3	2764	1798	1531	3087	4291	4196
rna-NM_001312872.1	658	1526	1308	1008	1106	1711
rna-XM_011544300.2	108	159	166	161	202	119
rna-NM_031844.2	16895	21682	15880	16857	18709	19677
rna-NM_018012.4	25	95	82	19	10	39
rna-NM_001167740.1	735	972	817	995	770	898
rna-NM_022366.2	430	530	374	445	647	375
rna-NM_152609.2	1106	631	600	985	1322	1367
rna-NM_016002.2	1579	2090	1691	1742	1720	1168
rna-NM_020394.4	113	6	16	78	139	40
rna-NM_033213.4	304	149	143	268	393	261
rna-NM_024804.2	230	200	160	208	277	247
rna-NM_207401.2	4	9	2	11	35	13
rna-XM_006711758.1	1564	1648	1225	1136	2727	1795
rna-NM_001297568.1	138	72	71	118	153	96
novel.126.3	0	9	22	6	31	58
novel.126.1	195	163	161	142	466	221
novel.126.2	16	21	0	5	13	0
rna-NM_001079821.2	74	7	13	55	34	13
rna-XM_017002586.1	2828	3194	2681	2750	2215	2596
rna-XM_017003072.1	13	18	10	13	12	29
rna-NM_015431.3	483	58	83	384	433	73
rna-NM_001001957.2	37	1	7	22	26	12
rna-XM_011544178.2	6	0	0	0	0	0
rna-NM_001001963.1	0	0	0	0	0	0
rna-NM_001004491.1	0	0	0	0	0	0
rna-XM_011544158.2	0	0	0	0	0	0
rna-NM_001004687.1	0	0	0	0	0	2
rna-NM_175911.3	6	2	0	0	0	0
rna-NM_001258284.1	2	0	0	0	0	0
rna-NM_001291283.1	2	2	0	0	0	0
rna-NM_030645.2	2561	1574	1745	3132	2640	2699
rna-NM_024836.2	1925	1238	1146	2014	1654	1523
rna-XM_011544223.2	244	230	195	312	379	295
rna-XM_011544161.3	282	47	65	200	260	156
rna-XM_017030106.1	4	0	0	0	1	0
rna-XM_024452498.1	616	381	387	855	1277	1393
rna-XM_017004689.1	5	3	2	6	22	14
rna-NM_001352681.1	545	364	334	564	647	347
rna-XM_005264689.5	0	0	6	5	0	10
rna-NM_015677.3	132	221	186	145	180	157
rna-NM_004300.3	2227	2539	2199	2642	2256	1878
rna-XM_011510431.2	9	10	14	19	8	42
rna-XM_024453085.1	2	0	0	0	0	0
rna-XM_017005456.1	2	2	2	3	0	0
rna-XM_017004361.1	0	0	0	0	0	0
rna-NM_012293.2	11898	16021	11080	7777	5265	5683
rna-XM_011510383.3	783	1300	1005	866	723	617
rna-NM_016030.5	676	886	846	760	618	442
rna-XM_024453267.1	19	9	13	6	22	12
rna-NM_018269.3	1370	1469	1231	1927	2358	1922
novel.127.1	38	24	23	34	16	131
novel.161.3	0	12	18	0	0	4
novel.161.1	31	44	39	17	42	8
novel.161.2	38	27	27	36	32	50
rna-NM_002936.5	1367	2698	1716	1671	1257	1490
novel.128.2	163	102	79	176	192	153
novel.128.1	116	110	95	240	160	123
novel.128.3	51	58	42	77	86	43
rna-NM_001255985.1	10	37	26	30	1	18
rna-XM_017004495.1	0	0	0	0	4	5
rna-XM_011510452.1	1	0	0	0	0	0
rna-NM_003108.3	80	381	347	77	0	166
novel.162.1	154	159	145	207	200	99
novel.162.2	13	48	85	26	43	145
rna-NM_001011.3	15031	19483	19928	17388	10806	15341
rna-NM_207315.3	570	581	341	228	8	186
rna-NM_080657.4	1429	518	410	678	905	442
rna-NM_001349181.1	79	64	48	32	55	35
rna-NM_002166.4	1685	1463	1538	1454	1648	1273
rna-NM_001348729.1	1642	1981	1887	1287	1733	1757
rna-NM_138799.3	1581	1965	1579	1528	1180	1829
rna-XM_011510403.3	1807	1306	970	1345	2357	1517
rna-NM_004763.4	1186	1526	1301	1440	1311	1120
rna-NM_001321836.1	1991	2479	1796	1808	1808	1202
rna-XM_024452813.1	490	321	344	463	490	240
rna-NM_003183.5	2429	3281	3030	2394	2660	3328
rna-NM_005680.2	581	505	489	517	777	409
rna-XM_006711882.3	111	48	56	88	126	34
rna-NM_006826.3	14192	23098	18920	15663	13653	19846
rna-NM_003597.4	530	535	482	480	685	335
rna-NM_001037160.2	173	130	173	137	46	56
rna-NM_001165931.1	5530	4723	1692	4369	4006	647
rna-NM_182626.3	41	14	8	19	23	9
rna-XM_017003952.1	6166	1908	2118	7649	7586	6326
rna-NM_002539.2	1129	4438	2523	1612	1276	1299
rna-NM_024894.3	1302	1447	969	1425	1480	1370
rna-NM_002236.4	9	14	16	12	3	8
rna-NM_182500.2	3	0	0	14	0	2
rna-NM_152391.4	214	258	305	229	257	125
rna-XM_005246190.3	1059	661	778	543	1758	605
rna-XM_017003547.1	434	196	185	341	423	373
rna-XM_024453254.1	73	50	32	49	53	6
rna-XM_011510339.3	18	32	35	23	5	23
rna-NM_001282704.1	17099	17286	15127	17810	12596	14738
rna-NM_001261428.2	2379	2811	1705	1910	2482	1697
novel.131.1	4	0	6	5	0	0
novel.132.1	18	32	10	16	4	8
novel.133.3	0	0	0	14	0	212
novel.163.1	17	59	17	19	0	132
novel.133.1	385	379	614	1014	12	3086
novel.133.2	119	465	238	124	0	402
rna-NM_021643.3	6367	20684	12596	7703	4092	11817
novel.164.1	8	14	2	0	3	6
rna-NM_145175.3	85	210	153	83	20	74
rna-NM_015909.3	1152	2204	1763	871	1094	1015
rna-NM_004939.2	3544	3159	2754	3424	4194	2669
rna-XM_024452527.1	1	0	0	2	0	5
rna-NM_001293228.1	48	87	97	134	16	223
rna-NM_030797.3	1445	159	205	790	865	147
rna-NM_003385.4	62	76	103	44	49	84
rna-NM_001282428.1	82	14	5	98	76	14
rna-XM_017004913.2	658	399	487	330	1127	432
rna-XM_011532822.2	242	174	100	139	352	56
rna-NM_001199103.1	0	0	12	25	11	0
rna-NM_020905.3	1140	469	507	986	1148	843
rna-NM_001199087.1	10	0	0	6	7	2
rna-NM_145260.2	280	42	45	277	256	156
rna-NM_001008237.2	127	44	77	122	236	79
rna-NM_001006657.1	515	894	628	467	691	329
rna-NM_002381.4	247	37	24	268	220	116
rna-NM_014713.4	12696	11266	12005	12474	11807	13229
rna-XM_005262620.4	5025	4009	2765	5253	3143	2886
rna-NM_001352917.1	4037	3990	3661	3143	4040	3611
rna-NM_004040.3	1820	1684	2170	1949	2413	1292
rna-NM_182828.3	29	15	14	28	22	9
rna-XM_011533014.2	465	511	379	481	541	365
rna-NM_000384.2	3	3	2	3	0	0
rna-XM_017004696.2	748	429	425	886	653	509
rna-NM_052920.1	842	348	360	556	564	337
rna-XM_011532918.3	72	134	80	52	124	67
rna-XM_005264168.5	681	726	554	687	833	624
rna-XM_017004063.2	3	0	4	2	6	6
rna-NM_025203.2	606	472	341	550	669	466
rna-NM_004116.4	331	175	199	355	366	372
rna-NM_016047.3	2834	3032	2862	3060	2329	1975
rna-NM_147184.3	858	755	745	971	1201	393
rna-NM_199346.2	12	14	8	13	19	13
rna-NM_001145710.1	21	14	20	22	26	14
rna-NM_001040710.2	0	6	4	0	3	5
rna-XM_024452931.1	475	327	306	327	884	618
rna-XM_005264625.1	980	1213	1182	808	1012	1061
rna-NM_016544.2	90	109	94	107	76	114
rna-NM_014971.1	42	246	162	58	128	52
rna-NM_001013663.1	147	224	267	236	284	178
rna-NM_024322.3	2579	1473	910	2583	2513	1177
rna-XM_011532489.1	2229	1686	1209	2195	2109	1226
rna-NM_175629.2	415	377	344	485	515	254
rna-XM_011532671.1	732	625	630	784	672	838
rna-XM_024452974.1	1806	1820	1563	1225	1964	1556
rna-NM_002254.6	2368	2129	1813	3402	2472	5056
rna-NM_016131.4	6739	9241	7983	6971	6422	6061
rna-NM_001168241.1	420	63	65	335	289	85
rna-NM_001145168.1	3	6	3	4	14	0
rna-NM_033505.3	911	1279	779	667	1035	592
rna-NM_145038.4	2	0	2	0	4	2
rna-XM_017003962.1	8	0	0	11	4	0
rna-NM_002246.2	1557	140	181	1489	1368	722
rna-NM_000182.4	6712	8325	7560	7130	6169	6234
rna-NM_000183.2	3141	4116	3973	3365	3055	3962
rna-NM_017877.3	1841	1745	1766	2480	1851	1667
rna-NM_001809.3	544	294	109	373	373	90
rna-NM_020134.3	425	3208	3488	657	14	1074
rna-NM_012326.3	664	1635	1532	960	447	1164
rna-XM_005264381.4	5987	5570	4883	5769	5605	4556
rna-XM_011533011.3	1546	2439	2253	2234	1711	2064
rna-NM_001134693.1	1369	2694	2612	1900	1615	2025
rna-NM_007046.3	84	51	63	129	131	148
rna-XM_006712008.4	423	448	418	504	307	241
rna-NM_006569.5	72	15	21	107	142	59
rna-NM_032604.3	3	12	12	9	6	4
rna-NM_013388.5	2874	2946	2340	3670	2965	2371
rna-XM_005264547.2	131	421	329	133	136	47
rna-NM_001303127.1	0	6	3	2	0	0
rna-NM_021095.2	1091	1198	871	1310	1364	800
rna-NM_080592.3	1879	3158	2938	2586	1888	2147
rna-NM_004341.4	3993	3478	2507	3709	5000	2083
rna-NM_032546.3	0	5	6	0	0	0
rna-NM_003353.3	41	37	33	41	41	36
rna-NM_002437.4	1123	1256	1105	1211	1096	815
rna-XM_005264272.5	2038	2747	2233	2668	2685	2745
rna-NM_001318965.1	1472	1116	1104	1683	1660	1273
rna-NM_014748.3	4471	5750	5417	6160	4592	4967
rna-NM_144631.5	546	321	307	505	464	347
rna-NM_177983.2	10195	8855	6892	10775	8441	7360
rna-NM_001321358.1	3165	3699	2939	3597	3144	2894
rna-NM_001168364.1	5	2	0	0	4	3
rna-NM_015662.2	314	595	407	221	341	179
rna-NM_022823.2	402	470	574	612	393	624
rna-NM_001486.3	3	0	0	1	0	0
rna-NM_032266.3	42	17	2	58	85	16
rna-NM_032434.3	843	139	196	877	1263	373
rna-XM_005264560.4	56	34	41	38	96	39
rna-NM_007266.3	1136	1891	1411	1374	1291	1080
rna-NM_014860.2	1343	1202	1156	1445	1812	1396
rna-NM_018158.2	1127	1452	1185	1105	1220	806
rna-XM_011533215.2	7	28	24	19	3	21
rna-NM_004891.3	814	2740	1857	1005	473	662
rna-NM_022128.2	70	114	145	76	88	61
rna-NM_001329114.1	819	1626	1258	1277	921	969
rna-XM_011532589.2	15	80	68	13	7	11
rna-XM_006711976.3	8145	17256	17157	7278	7599	11826
rna-NM_206876.1	9163	26414	22636	7845	6312	7623
rna-NM_182756.3	11	6	21	0	24	9
rna-NM_017910.3	457	610	523	506	470	323
rna-NM_015131.2	1669	1635	1255	1421	2080	1155
rna-XM_005264562.2	710	605	624	624	1000	538
rna-NM_004304.4	43	43	32	25	14	7
rna-XM_017004318.1	4194	2596	3190	5119	4184	9475
rna-XM_017005059.1	1245	594	492	1046	818	445
rna-NM_182551.4	475	272	298	393	597	209
rna-XM_017004906.1	1320	137	221	1099	973	332
rna-XM_011532864.3	13	6	0	17	8	8
rna-NM_014600.2	1520	563	497	1085	804	351
rna-NM_000379.3	142	62	32	102	138	27
rna-NM_001301833.1	786	1004	876	831	884	873
rna-XM_017005111.1	408	356	381	475	482	413
rna-NM_014946.3	712	735	691	746	1013	839
rna-NM_001193513.2	1484	1441	1127	1567	1980	1472
rna-NM_021209.4	12	15	8	16	8	13
rna-NM_032312.3	1784	1397	1315	1811	1805	1476
rna-XM_005264449.4	1622	1786	1406	899	2237	1181
rna-NM_017735.4	520	459	340	443	566	127
rna-XM_011532853.2	676	655	581	516	192	572
rna-NM_001349975.1	339	71	83	238	294	65
rna-NM_015475.4	2850	1512	1200	2173	2718	1241
novel.134.2	0	4	2	0	0	9
novel.134.1	18	39	33	24	0	31
rna-NM_001042548.1	1548	2298	2039	1974	1274	2134
novel.165.1	107	67	78	136	84	170
rna-XM_011532898.3	9836	5205	4857	7249	9581	11236
rna-NM_053276.3	5	0	0	2	0	0
rna-XM_011533073.2	1721	1432	1207	1137	2126	1889
rna-NM_019024.2	645	583	428	458	902	559
rna-NM_174931.3	498	483	396	558	579	406
rna-XM_011532987.2	8853	9391	7133	7052	11096	7857
rna-XM_024452884.1	0	0	0	0	0	0
rna-NM_001322373.1	734	1336	1269	784	739	656
rna-NM_005760.2	2397	1735	1345	1592	2812	1666
rna-NM_144736.4	422	412	342	485	538	332
rna-XM_024452776.1	2303	2289	1953	1773	2870	2495
rna-NM_012413.3	349	42	73	375	415	330
rna-XM_011532614.3	25	25	21	32	61	41
rna-NM_001270436.1	14435	4364	3740	11077	10356	5303
rna-NM_000104.3	2404	252	422	935	1243	260
rna-NM_001330463.1	1802	1277	1213	1577	2049	1257
rna-XM_005264639.4	983	1754	1501	1161	1100	1314
rna-NM_138801.2	112	143	133	216	263	372
rna-NM_024775.9	326	272	210	381	448	204
rna-NM_001031684.2	1267	3022	1191	1478	2303	784
rna-NM_198963.2	664	782	620	557	776	372
rna-NM_001145450.1	251	362	334	320	217	228
rna-NM_001145451.2	5	4	3	5	6	6
rna-NM_005633.3	1832	1316	1217	1469	2854	2182
rna-XM_011532815.3	3	0	0	0	2	6
rna-NM_003618.3	1808	1236	1018	1355	1603	1756
novel.135.1	209	202	203	280	135	172
novel.135.2	99	205	158	115	27	167
rna-NM_152390.2	398	1021	562	1132	19	1367
rna-NM_025264.4	271	282	173	264	401	239
rna-XM_017004745.2	632	1248	750	341	287	169
rna-XM_017004097.2	2	0	0	0	2	0
rna-NM_138370.2	51	38	20	60	49	14
rna-XM_005264267.1	1920	1281	994	1482	2193	1315
rna-NM_001319036.1	3165	2752	2668	3527	2867	2414
rna-NM_133329.5	92	7	11	65	82	6
rna-NM_001330442.1	1670	1363	1381	1766	2107	1884
rna-NM_148962.4	2	0	0	2	0	0
rna-XM_024452774.1	6	2	6	0	7	2
rna-NM_006887.4	4537	1871	1626	3724	4768	5161
rna-NM_022065.4	994	1128	872	994	1406	870
rna-NM_172069.3	203	141	134	143	243	94
rna-NM_001101330.2	8	0	0	11	48	10
rna-NM_022436.2	0	0	0	0	0	0
rna-XM_011533029.2	0	0	0	0	3	0
rna-NM_001348913.1	248	255	244	271	310	249
rna-NM_133259.3	4840	4380	3667	3727	6181	4119
rna-XM_017004395.2	1510	1050	1014	1243	1784	1413
rna-NM_005413.3	3	2	2	18	4	10
rna-XM_024453268.1	2	0	0	0	0	0
rna-XM_005264100.3	295	30	28	293	200	50
rna-NM_000341.3	3	0	0	6	3	0
rna-NM_001171603.1	1700	2240	1940	1737	2577	2111
rna-NM_024766.4	140	165	134	143	142	182
rna-NM_018079.4	538	588	393	435	644	407
rna-XM_024453277.1	42	17	23	46	54	99
rna-XM_005264428.1	1370	600	599	1393	1611	2208
rna-XM_011532698.2	7483	2093	2789	7980	12738	13015
rna-NM_001318063.1	28	61	68	32	70	45
rna-NM_012249.3	2873	2152	2116	2927	4085	3954
rna-XM_011532908.3	351	449	372	484	473	518
rna-NM_014171.5	560	834	794	651	735	554
rna-NM_014011.4	2545	1971	1991	2309	3010	3101
rna-NM_001171508.2	6484	5536	4740	6873	7482	5497
rna-NM_001288951.1	1216	1131	1231	1215	1170	670
rna-NM_001305624.1	15926	15208	13115	17488	17439	12323
rna-NM_002354.2	30	6	21	66	39	45
rna-NM_022055.1	0	3	0	0	2	0
rna-XM_005264332.4	2903	1434	964	1909	3402	1202
rna-XM_024452819.1	4388	3831	2966	3540	4278	2424
rna-XM_005264572.5	1858	1997	1681	1824	3208	2585
rna-XM_005264282.2	780	406	396	480	1398	753
rna-NM_001135629.2	631	502	658	748	1112	946
rna-NM_006872.4	0	0	0	0	0	0
rna-NM_001198595.1	601	1045	1436	365	322	318
rna-NM_172311.2	13	29	19	6	2	6
rna-NM_001135659.2	8	0	2	8	3	3
rna-NM_001003937.2	0	0	0	0	0	0
rna-NM_016115.4	748	559	483	723	896	685
rna-NM_001164165.1	3	5	0	4	13	0
rna-NM_001008708.3	240	172	160	252	339	196
rna-XM_024452792.1	1417	1043	923	1401	1803	1233
rna-NM_006794.3	13	3	0	11	64	26
rna-XM_011532705.2	2645	1968	1579	2542	5450	3725
rna-XM_017005406.1	57	72	60	83	110	90
rna-NM_003128.2	6684	8861	6961	6092	10212	13294
rna-XM_017004098.2	63	76	80	75	156	107
rna-NM_020532.4	12900	10899	9710	16277	19560	22295
rna-XM_005264418.5	224	153	208	86	1069	122
rna-NM_001282761.1	1007	1285	1369	1243	1228	1341
rna-NM_152385.3	60	51	44	48	138	51
rna-NM_001135592.2	12213	16720	16877	15898	10612	12837
rna-XM_017004162.2	582	819	557	624	929	455
rna-XM_024453014.1	2277	3311	3395	2215	3675	2873
rna-NM_033109.4	4030	2407	1808	3214	6230	2523
rna-XM_005264205.4	1644	1060	637	1412	918	479
rna-XM_017005442.1	3	2	0	4	5	0
rna-NM_001348512.1	125	13	6	117	104	24
rna-XM_017005443.1	0	0	3	4	12	10
rna-NM_001288837.1	258	72	65	347	691	345
rna-XM_011532939.3	498	476	281	569	688	304
rna-XM_011532909.1	150	560	465	148	70	262
rna-NM_002908.3	209	132	174	144	357	334
rna-NM_022894.3	884	601	578	753	1218	652
rna-XM_011532574.3	129	189	126	142	277	145
rna-NM_002618.3	1031	949	970	1044	1399	1019
rna-NM_001129993.2	255	151	162	230	476	156
novel.167.1	379	399	292	510	552	383
rna-NM_001143959.1	239	298	239	269	254	232
novel.136.1	118	45	58	87	251	104
rna-NM_014709.3	1727	2574	2345	1367	3680	2751
rna-NM_001201543.1	234	172	183	145	275	120
rna-XM_024453264.1	4	0	0	0	0	0
rna-XM_011533097.1	9199	8321	6191	8352	14853	10825
rna-NM_006577.5	1664	1085	1120	1531	1996	1746
rna-NM_006430.3	9096	9092	7058	10061	11355	6976
rna-NM_152516.3	314	333	320	418	443	229
rna-XM_024452749.1	8	3	8	4	12	6
rna-NM_001199770.1	161	67	92	155	159	67
rna-NM_001354212.1	2065	979	986	1449	2969	1735
rna-XM_005264348.4	87	110	66	103	91	56
rna-NM_001316374.1	5252	4613	3818	4961	5836	4852
rna-NM_006759.3	3008	2647	2125	2564	3537	2144
rna-NM_016516.2	509	637	529	429	621	303
rna-NM_020651.3	1412	1514	1056	1042	1318	2458
novel.137.1	0	31	0	16	0	16
rna-NM_014181.2	637	640	455	845	826	623
rna-XM_005264380.2	1684	1177	1036	1520	1940	2171
rna-XM_005264669.3	2239	3135	2091	1428	1762	1941
rna-NM_003038.4	1913	1090	751	2474	1744	1099
novel.168.1	55	21	14	43	31	12
rna-NM_015147.2	419	645	682	342	378	152
rna-NM_004161.4	4207	4359	3641	4306	4609	3984
rna-NM_001005386.2	9888	11373	10341	9413	11664	9385
rna-NM_181784.2	2443	2680	1947	2622	2556	2943
rna-NM_002398.2	1013	126	142	625	960	138
rna-NM_019002.3	334	129	189	264	751	200
rna-NM_173177.2	807	753	602	842	875	640
rna-NM_138458.3	397	373	307	425	618	343
rna-NM_020143.3	1172	1270	756	1199	1433	937
rna-NM_000945.3	3647	2641	2126	3781	4588	3847
rna-XM_005264249.1	344	242	161	273	300	112
rna-XM_017004437.2	79	20	30	62	75	60
rna-NM_173545.2	108	67	58	140	180	99
rna-XM_017005423.2	6	3	0	13	19	20
rna-NM_032208.2	3286	3773	3993	2966	2754	3728
rna-XM_017003801.1	4222	2494	2217	4140	4164	3478
rna-NM_001002755.2	679	541	493	851	933	560
rna-NM_006857.2	1496	1604	1321	1788	1756	1560
rna-XM_024453279.1	0	0	0	0	3	3
rna-XM_017005429.1	0	0	0	0	0	0
rna-NM_014911.3	949	1057	971	744	1132	1211
rna-NM_001320698.1	1805	1381	1611	2029	3177	1975
rna-NM_178439.4	1607	1655	1424	1647	1957	2361
rna-NM_002357.3	533	222	258	611	1287	1386
novel.169.1	0	8	0	35	0	11
novel.169.9	0	90	1	0	29	11
novel.169.10	0	38	40	7	0	25
rna-NM_152792.2	32	59	79	49	37	86
novel.169.2	42	0	0	0	57	123
novel.169.4	38	57	12	39	27	0
novel.169.3	7	120	124	18	5	16
novel.169.5	72	13	84	135	133	188
novel.169.6	1	0	36	0	0	0
novel.169.7	40	21	22	77	23	26
novel.169.8	39	2	2	32	81	41
rna-NM_006196.3	10361	10887	8416	11740	11984	10936
rna-NM_017880.2	361	329	254	581	573	638
rna-NM_022173.3	617	901	704	442	1563	545
rna-NM_016297.3	3376	3888	3931	3375	3698	4168
rna-NM_001317165.1	1923	1907	1514	2324	2036	1620
rna-NM_001329752.1	2104	2749	1644	2407	2589	2046
rna-NM_001308158.1	2250	11445	2804	1142	988	873
rna-XM_011532502.2	421	2303	1648	526	14	311
rna-NM_012476.2	7	83	54	13	5	23
rna-XM_011532907.2	13	40	48	10	0	12
rna-NM_001115116.1	8	5	8	3	9	6
rna-NM_144582.2	3133	3235	2904	3956	3442	3108
rna-NM_017567.4	1361	689	508	1600	1966	879
novel.170.1	20	14	30	24	19	22
rna-NM_032601.3	89	108	80	88	112	43
rna-NM_005791.2	518	467	354	454	834	375
novel.138.1	8	26	23	13	1	8
rna-XM_011532842.3	224	203	270	198	148	161
rna-XM_017003809.2	1303	1082	1197	1009	2946	1922
rna-XM_005264584.4	843	102	132	630	470	181
rna-NM_019885.3	262	57	90	339	437	376
rna-NM_001321729.1	906	962	836	842	1426	933
rna-NM_003124.4	912	817	779	1576	1808	1440
rna-NM_004097.2	4	6	3	4	4	3
rna-NM_001330400.1	662	774	488	587	690	513
rna-NM_015470.2	3170	3754	3424	2877	2557	2113
rna-NM_001080410.2	1154	450	590	1099	1390	1039
rna-NM_001965.3	41	6	26	117	285	103
rna-XM_017003163.1	1490	1310	1013	1762	1990	1149
rna-NM_032319.2	581	577	426	895	593	583
rna-NM_006429.3	11551	11451	9000	14682	14617	11743
rna-NM_015120.4	564	484	439	311	659	382
rna-NM_001330387.1	510	466	448	508	504	321
rna-NM_003584.2	1150	652	530	1067	1322	747
rna-NM_001080474.1	4	0	0	0	0	0
rna-NM_001353967.1	1904	3232	2429	1930	1942	1667
rna-NM_001615.3	15	10	6	14	8	0
rna-NM_080916.2	1197	1350	1112	1806	1425	1335
rna-XM_017003566.1	749	996	792	598	768	1069
rna-NM_212552.2	204	507	378	311	248	166
novel.139.1	78	112	53	141	179	99
rna-XM_024452973.1	5964	4843	4733	5995	9670	5768
rna-NM_006636.3	5919	4376	2758	6056	5938	3327
rna-NM_021196.3	14	0	13	8	16	14
rna-NM_004082.4	6119	5363	4986	6864	7474	5471
rna-NM_001316764.1	81	351	318	191	131	107
rna-NM_001320823.1	1916	2975	2714	2195	1683	1651
rna-NM_001015055.1	405	567	454	533	512	336
rna-NM_053050.4	697	1013	839	980	765	956
rna-NM_032779.3	644	279	354	627	917	534
rna-XM_011533035.1	348	580	444	419	452	332
rna-NM_001282430.1	42	11	17	93	152	88
rna-NM_032673.2	346	262	184	392	378	270
rna-NM_016170.4	22	20	20	49	10	41
rna-NM_133637.2	7	4	2	9	29	4
rna-NM_031288.3	1378	1037	1202	1857	1671	1579
rna-NM_012477.3	1206	1711	1731	1661	1200	1368
rna-NM_006302.2	4916	3125	3168	5240	5005	3732
rna-XM_006711946.3	5	2	2	4	6	6
rna-NM_181575.4	3757	3147	2846	4567	4317	3186
rna-NM_013247.4	2198	1666	1514	2805	2431	2179
rna-NM_032603.4	2483	466	551	1372	873	310
rna-NM_001381.4	715	540	573	934	623	486
rna-NM_004263.4	823	834	799	1019	1023	523
rna-XM_005264280.2	3155	9060	6184	1224	1961	1334
rna-NM_019896.3	779	425	309	953	897	380
rna-NM_001058.3	4	64	39	7	3	14
rna-XM_017005462.1	7	5	2	6	7	11
rna-NM_032181.2	2205	968	679	2335	2246	1539
rna-NM_014763.3	1687	2491	1886	1671	1849	1632
rna-XM_005264520.4	236	411	316	275	351	226
rna-NM_003849.3	2258	2250	1943	2352	2141	2012
rna-XM_006712052.3	2960	3605	2965	3127	3007	3965
rna-XM_011532649.3	3	0	0	4	13	2
rna-NM_001277053.1	952	165	156	726	566	211
rna-NM_021103.3	43573	54673	48580	55199	46049	45984
rna-XM_006712109.2	638	468	611	603	441	279
rna-NM_001206840.1	7053	5423	5241	6511	7893	7008
rna-NM_017750.3	3205	1867	2147	3846	3307	2608
rna-XM_024453170.1	540	263	345	730	663	520
rna-NM_001256139.1	4305	469	876	4719	3697	2285
rna-XM_017003838.1	7	7	6	5	0	2
rna-NM_006634.2	315	205	187	399	236	116
rna-NM_005911.5	5245	8270	3106	4746	6215	4250
rna-NM_000821.6	3694	2998	2720	3929	3391	3681
rna-NM_003761.4	172	22	73	271	320	272
rna-XM_005264359.4	1405	1324	1322	1522	1369	1100
rna-NM_001031738.2	288	165	200	486	595	510
rna-NM_001013649.3	599	829	717	779	693	676
rna-NM_006590.3	3854	3310	2459	4414	4004	3784
rna-NM_198843.2	0	0	2	5	0	5
rna-XM_005264084.2	0	0	0	3	2	0
rna-XM_011533139.1	923	62	104	828	1033	409
rna-NM_003896.3	751	299	274	497	404	278
rna-NM_015425.5	2115	2663	1758	2128	2725	1677
rna-NM_017952.5	2194	3528	2691	2026	2660	2056
rna-NM_006839.2	3368	4033	3014	3680	4114	3273
rna-NM_016622.3	665	1259	768	743	1024	634
rna-XM_005264502.2	104	176	146	116	45	155
rna-XM_024452995.1	2640	4397	3712	1470	2438	1970
novel.140.1	158	115	72	105	170	81
rna-XM_011533164.2	0	0	0	0	0	0
rna-NM_016079.3	2503	3098	2929	3073	3076	3031
rna-NM_001198954.1	49	150	33	9	29	45
rna-NM_005667.3	1054	701	760	876	1140	939
rna-NM_022780.3	1809	1437	1220	1749	1800	1814
rna-NM_001145873.1	31	0	2	34	17	8
rna-XM_017004103.2	14	4	9	4	27	4
rna-NM_001032392.2	7	8	3	6	32	17
novel.171.1	356	179	222	614	536	568
novel.171.2	61	71	62	74	18	16
rna-XM_024453280.1	78	64	43	67	75	66
novel.141.1	440	384	229	392	253	158
novel.141.3	81	84	13	60	22	29
novel.141.2	6	30	19	29	16	21
rna-XM_024453269.1	563	603	405	668	543	545
rna-NM_002665.4	13	9	10	9	19	26
rna-XM_017004845.1	13	9	6	3	26	5
rna-NM_001304526.1	363	419	488	383	448	392
rna-XM_005264400.4	4	2	2	2	0	0
rna-NM_004836.6	1962	1194	1055	1613	1775	2200
rna-NM_144563.2	561	557	358	601	717	393
novel.172.2	0	0	0	0	0	0
novel.172.3	0	0	0	0	0	0
novel.172.1	2	0	0	0	0	0
rna-XM_017005465.2	417	51	77	597	628	390
novel.173.1	108	10	28	107	142	83
novel.173.2	76	3	15	82	116	80
novel.173.3	164	17	26	178	290	120
novel.173.5	53	1	9	93	71	54
novel.173.4	31	5	0	75	55	9
novel.174.1	74	95	81	92	29	164
novel.174.2	43	57	56	0	127	68
novel.174.3	4	0	0	0	0	0
rna-XM_006712887.3	0	0	3	0	0	0
rna-NM_002371.3	96	9	21	101	159	41
rna-NM_031902.4	2409	2078	1967	2618	2824	1988
rna-NM_001318005.1	368	238	270	326	470	340
rna-NM_001291605.1	305	323	264	292	347	269
rna-NM_001165978.2	68	34	13	101	88	12
rna-NM_013434.4	1846	720	786	2246	2676	1495
novel.143.3	0	332	733	504	38	211
novel.175.2	0	0	0	0	0	23
rna-XM_011511284.2	1456	1463	1296	1721	1510	1433
novel.142.1	414	0	216	334	274	231
novel.142.2	92	270	69	125	53	36
rna-XM_011511669.1	5	0	0	3	8	9
novel.143.1	70	134	366	261	69	47
novel.175.1	86	0	0	88	0	232
novel.143.2	419	266	236	230	260	241
novel.143.4	226	274	91	0	237	275
novel.143.5	116	315	0	146	183	0
rna-NM_138800.2	4	0	2	2	17	14
novel.176.2	355	164	228	327	176	147
novel.176.1	263	166	83	234	184	207
rna-NM_001310154.1	28	30	5	26	48	21
rna-XM_017005470.2	17	47	72	31	31	31
rna-NM_001321525.1	16	36	44	22	12	23
rna-NM_000682.6	27	0	4	23	17	6
rna-XM_017003546.1	19	23	4	30	48	18
rna-NM_020151.3	6780	8784	7514	7732	6918	11297
rna-NM_001193304.2	3821	3084	3462	5556	4690	5765
rna-XM_024453247.1	3553	4033	3088	3882	4040	4037
novel.177.1	48	31	54	75	48	54
rna-NM_014014.4	9400	12958	9413	9026	10341	10197
rna-NM_178495.5	447	61	66	523	455	115
rna-NM_015341.4	2199	1077	467	1722	1835	605
rna-XM_011512179.2	373	10	19	395	554	420
rna-XM_017003183.1	1051	811	631	1013	801	1203
rna-XM_011511454.3	1531	961	860	1658	1867	1918
rna-XM_011512110.2	18	6	10	15	12	0
rna-NM_001142292.1	1660	1419	1410	2135	2085	1857
rna-XM_005263914.4	1452	841	829	1132	1576	1455
novel.144.1	56	36	39	67	51	28
rna-NM_017623.4	2187	1905	1796	2639	2318	2569
rna-NM_144994.7	21	25	36	13	50	33
rna-NM_016466.5	204	287	237	268	217	132
rna-XM_017004263.1	0	2	0	4	0	0
rna-XM_017004393.2	1479	1090	1084	1450	1394	1800
rna-XM_017003470.1	390	515	466	413	372	243
rna-NM_001354587.1	30	18	30	18	97	26
rna-XM_006712661.2	30	37	28	16	58	29
rna-NM_001862.2	3215	4437	4677	4274	2819	3435
rna-NM_005735.3	2305	5810	5347	3172	2081	3100
rna-XM_024453105.1	5	12	14	15	11	15
rna-XM_017004867.1	0	0	0	0	0	0
rna-XM_005263909.1	1719	2188	2020	1739	2100	1997
rna-XM_005263897.2	3	0	0	0	0	4
rna-XM_024452876.1	964	985	827	742	975	751
rna-NM_001008215.2	400	891	762	615	492	623
rna-XM_006712403.3	651	712	735	800	944	757
rna-NM_012214.2	158	262	201	123	172	223
rna-XM_005263923.3	14	12	11	11	7	30
rna-XM_011511934.1	74	25	36	39	175	79
rna-NM_001317992.1	67	48	64	130	119	114
rna-NM_145197.2	78	55	27	115	151	62
rna-XM_011510581.3	366	328	292	450	466	380
rna-NM_145212.3	1163	2316	1547	1324	1237	826
rna-XM_017003751.2	6	0	3	0	3	5
rna-XM_005263869.2	8	8	10	9	42	15
rna-NM_005783.3	1428	1202	866	1415	1793	919
rna-NM_015904.3	2050	2115	2027	1521	3376	1791
rna-XM_017004313.1	1007	664	612	727	1382	894
rna-NM_198461.3	166	393	317	244	2	278
rna-XM_024452883.1	330	249	201	276	210	116
rna-NM_004854.4	702	581	480	872	985	513
rna-NM_024065.4	676	758	534	910	1012	691
rna-XM_005263953.2	824	268	259	1397	1993	2470
rna-NM_001098577.2	12581	14437	14774	15644	8767	11739
rna-XM_005263862.4	1662	962	942	2117	3099	3309
rna-NM_017546.4	1266	1526	1311	1404	1665	1317
rna-XM_005263920.3	1158	475	480	1097	1494	1190
rna-XM_017003565.1	12	38	30	6	4	0
rna-XM_017004851.1	0	5	0	0	0	0
rna-XM_005264048.2	3872	2223	2445	3326	4954	3170
novel.145.2	0	0	0	447	360	0
novel.145.1	554	74	100	0	0	28
rna-XM_011511801.2	223	14	17	186	142	48
rna-XM_011511117.1	1813	151	349	2110	2860	1814
rna-NM_016232.4	60	4	3	75	43	18
rna-XM_024453202.1	370	30	43	395	753	198
rna-NM_001011552.3	4	16	6	0	0	3
rna-NM_003048.5	15	36	47	15	32	21
rna-NM_032718.4	756	239	318	741	1197	982
rna-NM_144632.4	131	113	83	144	202	159
novel.179.2	0	0	0	0	0	0
novel.179.3	0	0	0	0	0	0
novel.179.4	0	0	0	0	0	0
novel.179.5	0	0	7	0	0	0
novel.179.6	0	0	0	0	0	0
novel.179.1	2	5	0	2	0	0
rna-NM_006236.2	15	33	37	18	9	22
rna-NM_182640.2	927	783	639	876	1090	680
rna-NM_007227.3	8	2	1	6	2	0
rna-NM_001142621.2	2572	1413	1261	2443	2857	2245
novel.181.2	14	38	20	0	0	0
novel.181.1	1	0	3	19	38	40
rna-NM_024093.2	1172	1061	946	1071	1284	904
rna-NM_201557.3	4596	1441	1224	3936	3123	2701
rna-XM_017005105.1	1153	1501	1500	1455	1317	1457
rna-XM_017005106.1	3	0	0	0	0	0
rna-NM_001253875.1	3826	1517	1510	3360	4267	2477
rna-XM_017005471.1	3	0	0	0	2	1
rna-XM_017004738.1	17	17	10	12	39	19
rna-XM_017005473.1	0	0	0	0	0	0
rna-XM_024453217.1	0	0	0	0	0	0
rna-XM_011511999.2	37	0	3	9	10	0
rna-NM_182588.2	41	16	16	20	70	10
rna-NM_006588.3	14	0	2	0	4	0
rna-XM_006712870.3	437	174	379	261	1371	221
rna-XM_005263946.1	3409	5627	3368	2231	2279	1701
rna-XM_005264002.3	2011	2233	1959	1261	3025	1463
rna-NM_001351544.1	184	187	111	169	247	116
rna-XM_017005436.1	0	0	0	0	0	0
rna-NM_001099289.2	612	462	366	388	288	108
rna-NM_001321498.1	2982	2139	1743	2720	3994	3123
rna-NM_023016.3	915	155	205	724	1484	706
rna-NM_033514.4	9	7	4	3	2	0
rna-XM_006712794.4	351	273	270	220	653	328
rna-NM_005434.4	324	135	229	388	689	214
rna-XM_006712551.1	175	137	162	134	151	110
novel.147.1	0	54	124	0	0	112
rna-NM_001355251.1	210	353	269	278	227	157
novel.147.2	195	0	0	243	417	0
rna-XM_005263563.5	95	147	73	74	77	49
rna-XM_017004839.1	173	148	112	118	334	198
rna-NM_004336.4	1729	1638	724	1294	1528	483
rna-XM_011511404.3	111	43	79	65	41	46
rna-XM_005263550.4	76	119	108	102	117	185
novel.182.1	235	256	267	199	194	173
novel.182.2	670	1246	423	416	327	106
novel.182.3	206	36	219	106	107	120
novel.182.4	458	214	223	549	295	94
rna-XM_011511633.2	1960	2257	1474	1772	2683	1715
rna-NM_006343.2	685	100	178	528	692	435
rna-NM_032824.2	1628	621	626	1791	2507	2237
rna-XM_011510585.2	201	22	21	133	99	22
rna-NM_032494.2	176	131	74	189	307	176
rna-NM_198581.2	165	416	310	113	209	181
rna-NM_001164463.1	276	206	231	206	575	233
rna-NM_153712.4	2286	3138	2525	2518	3213	3814
rna-NM_001282772.1	1827	1762	1172	1945	2292	1750
rna-XM_005263824.4	169	279	251	296	186	213
rna-NM_005415.4	6474	4862	3121	4905	6088	2453
rna-XM_011510963.3	2	0	1	0	0	0
rna-XM_011510965.1	2	0	0	0	0	0
rna-XM_024452799.1	1	0	0	2	0	0
rna-NM_152515.4	969	389	215	615	923	287
rna-NM_000575.4	26	13	10	34	9	15
rna-NM_000576.2	233	21	19	206	104	92
rna-XM_005263634.2	381	80	160	951	1296	936
novel.148.1	126	11	17	211	343	165
rna-NM_003466.3	12565	897	1404	11183	14830	5657
rna-NM_172003.3	658	945	823	729	699	987
rna-NM_012184.4	7	15	11	5	10	26
novel.149.1	0	0	0	60	0	116
novel.149.3	0	0	0	68	0	153
novel.149.5	0	209	136	82	93	79
novel.149.7	0	0	83	73	89	2
novel.149.2	119	0	13	58	90	0
novel.149.4	165	1	35	56	80	5
novel.149.6	16	120	69	67	114	10
novel.183.1	0	12	19	41	52	55
novel.183.2	0	0	0	0	1	0
novel.184.1	365	193	157	441	610	500
rna-NM_001354409.1	141	219	175	214	230	199
rna-XM_017005027.1	1351	725	654	1078	1984	1302
rna-NM_005721.4	8483	8205	6845	8021	11097	8390
rna-NM_006773.3	2685	3026	2354	2448	3254	2353
rna-XM_017005479.1	26	8	26	12	62	29
rna-XM_011511359.1	1258	902	794	977	2078	1434
rna-NM_016133.3	1625	3701	2871	821	1130	1289
rna-NM_001426.3	42	95	63	54	2	100
rna-NM_182528.3	3	0	0	2	0	4
rna-NM_182915.2	3445	6576	7259	5864	4298	13002
novel.185.1	27	86	97	42	19	145
rna-XM_017003354.2	67	124	105	99	118	142
rna-NM_001178017.1	2921	4370	4184	3771	3383	4801
rna-XM_011510659.2	105	20	36	63	46	13
rna-XM_017003550.1	0	8	4	2	5	0
rna-NM_001105198.1	238	403	397	285	199	112
rna-XM_017004596.2	573	555	512	550	1019	950
rna-XM_006712651.1	1142	895	1062	1059	1542	2137
rna-NM_024121.2	1832	864	756	1882	2872	1245
rna-NM_002881.2	2134	1706	1551	2495	3123	2117
rna-XM_017005445.1	35	4	8	30	18	2
rna-NM_002193.3	300	44	84	249	149	71
rna-NM_014553.2	212	1959	1344	219	56	91
rna-XM_011510969.2	373	488	329	230	238	164
rna-XM_017003657.1	1711	2469	1804	1465	2421	2009
novel.150.1	105	110	139	206	200	193
rna-NM_032390.4	1209	1309	971	1295	1260	926
rna-NM_004622.2	2970	3637	2880	3166	3390	2589
rna-NM_002101.4	63	11	13	60	43	12
rna-XM_006712258.1	0	0	0	0	0	0
rna-XM_017003960.1	78	58	52	116	297	245
rna-XM_005263642.4	3981	1890	1900	4171	4429	2669
rna-XM_011510794.2	1888	1305	1155	2182	3098	2271
rna-NM_006609.4	1589	1265	1114	1063	2493	1864
novel.151.1	6	5	3	0	6	4
novel.151.2	31	36	23	39	33	23
rna-XM_024453002.1	63	3	9	113	74	42
rna-XM_005263707.3	1792	1353	1102	1583	2219	1666
rna-XM_017004169.1	0	0	2	9	2	0
rna-NM_017980.4	297	32	84	334	228	168
rna-NM_001161415.1	4	0	0	3	4	0
rna-NM_032740.3	375	475	474	490	447	525
rna-NM_018383.4	1903	2220	2013	1833	2225	1824
rna-NM_004805.3	967	1290	810	1185	1293	780
rna-XM_017005446.1	20	24	12	58	54	45
rna-XM_011511952.3	1360	1246	974	1647	2003	1570
rna-NM_001145928.1	2045	1613	1316	1901	2295	1507
rna-NM_020120.3	2875	2803	2372	2219	2695	2373
rna-NM_004807.2	2343	3696	5429	2685	1586	3415
rna-NM_032144.2	8	21	18	9	6	11
rna-XM_011512142.2	55	19	31	69	29	54
rna-NM_207312.2	0	0	0	0	0	0
rna-XM_011511443.2	3294	2877	2050	3758	4219	2911
rna-NM_001330282.1	2834	3142	2903	3485	2575	2519
rna-NM_032357.3	659	438	394	892	933	1033
rna-XM_024453219.1	2328	2218	1531	3060	3035	2361
rna-XM_006712417.1	371	515	496	501	455	254
rna-NM_207364.2	3	0	0	0	0	0
rna-XM_017004732.2	0	1	0	0	0	0
rna-NM_001079530.1	0	0	0	0	0	0
rna-XM_017005439.1	0	0	0	0	0	0
rna-NM_032545.3	0	0	0	2	0	0
rna-XM_017004741.2	0	0	0	0	0	0
rna-XM_005263681.2	1347	1085	1004	1808	1480	892
rna-NM_001321746.1	2158	3970	3490	1987	2012	4226
rna-XM_011511385.3	5084	5429	4441	4703	5328	5715
rna-XM_017004161.2	0	1	0	0	0	0
rna-NM_001077637.1	7	12	1	3	10	11
rna-NM_080386.3	0	7	9	2	5	6
novel.152.2	0	279	176	0	21	229
rna-XM_024453051.1	1657	1504	1372	1851	1385	1224
novel.152.1	200	12	126	466	737	187
novel.152.3	251	0	0	54	0	0
rna-XM_005263836.4	103	36	42	138	66	83
rna-NM_001354871.1	175	61	62	144	244	200
rna-NM_214461.2	1	3	0	6	0	2
rna-NM_001508.2	741	542	711	659	386	253
rna-NM_001321234.1	840	2298	1774	863	290	979
rna-XM_017003975.2	240	40	26	171	243	18
rna-NM_030923.4	18	35	34	24	3	16
rna-XM_017004147.2	2024	3827	3005	1863	1612	3026
rna-NM_138326.2	4	6	4	1	2	6
rna-NM_058241.2	636	536	504	577	1440	1249
rna-XM_011510823.3	2188	1754	1401	2282	2778	2322
rna-NM_032143.3	219	189	142	178	258	136
rna-XM_011510870.1	1452	1622	1406	1452	1644	1288
rna-XM_017005480.2	17	5	12	15	61	19
rna-NM_014607.3	2245	3020	2771	1804	3190	1839
rna-NM_002299.3	3	0	2	2	5	0
rna-NM_005915.5	3693	3556	1662	3585	4726	1368
rna-NM_001348056.1	14	22	14	40	39	66
rna-NM_001349.3	3293	5258	4382	3391	4237	3172
rna-NM_006895.2	107	671	795	167	0	188
rna-NM_001316349.1	6	0	4	0	3	0
rna-NM_001001664.2	917	941	702	630	1377	1376
rna-NM_007226.2	12	26	13	40	31	24
rna-NM_001199241.1	410	52	79	346	322	210
rna-XM_011511479.2	2	3	2	2	0	0
rna-XM_024453141.1	354	574	493	374	441	459
rna-NM_018557.2	16	70	51	8	17	23
rna-NM_014795.3	1303	724	724	651	1031	962
novel.186.1	2	6	6	0	0	4
rna-NM_015630.3	1083	557	513	871	1871	967
rna-NM_004522.2	605	1087	1161	634	401	842
rna-NM_001278579.1	502	1237	1404	341	372	287
rna-NM_181742.3	1507	1344	1120	1608	2068	1632
rna-XM_011511472.2	242	440	397	201	263	458
rna-XM_011510620.2	33	7	2	23	13	12
rna-NM_001195685.1	486	747	875	448	190	439
rna-NM_015702.2	3828	3364	2586	4424	4170	2718
rna-NM_198557.2	134	99	148	159	303	74
rna-XM_005246941.2	785	382	358	852	1613	502
rna-NM_001254738.1	13062	795	1002	9734	11327	4123
rna-NM_007115.3	940	66	238	928	1861	1510
rna-NM_018151.4	1252	837	695	496	2785	603
rna-NM_001271208.1	1	3	0	0	20	0
rna-NM_012097.3	1440	1896	1782	1290	1643	1627
rna-NM_000726.4	124	183	161	97	199	154
rna-NM_005843.5	1185	894	801	1098	1411	799
rna-NM_019845.2	10	10	17	18	4	9
rna-NM_001256368.1	0	0	0	2	0	0
rna-XM_011510537.3	44	9	10	38	61	12
rna-NM_002239.3	10	4	5	17	10	0
rna-XM_011510530.1	3181	4476	5025	2612	6245	4996
rna-XM_017004453.2	3244	3024	2852	2411	5177	2698
rna-NM_152522.5	1988	1192	1161	1994	2262	1761
rna-XM_005246621.4	421	44	57	302	655	455
rna-XM_011510977.2	1595	2052	1564	1079	1988	899
rna-NM_001009959.2	3	0	0	0	6	2
rna-NM_145259.2	75	12	26	57	66	36
rna-NM_004288.4	160	3	8	155	91	53
rna-XM_006712825.4	2023	1050	1023	1786	1791	2159
rna-XM_011510638.3	39	9	10	27	46	20
rna-NM_001017920.2	6	7	0	4	2	2
rna-NM_003628.4	2169	1527	1121	1723	2449	1606
rna-XM_011512048.2	1630	1730	1390	1350	1691	1329
rna-NM_001128212.2	530	223	198	606	626	399
rna-XM_011510820.3	655	55	166	987	2831	2346
rna-XM_024452826.1	212	160	151	113	485	256
rna-NM_001282805.1	1943	1660	1332	1962	3371	1813
rna-NM_014880.4	398	442	414	447	477	322
rna-NM_001198759.1	8	5	0	6	0	0
rna-NM_002349.3	61	0	11	66	86	24
rna-NM_001282353.1	12	2	2	11	17	21
rna-XM_005246737.1	1943	1244	1190	1788	3353	2025
rna-XM_017003093.1	1168	545	618	1046	1728	1170
rna-NM_005805.5	2027	2663	1948	1964	2471	1372
rna-NM_006593.3	2	0	0	0	13	2
rna-XM_011511513.2	5	0	0	6	17	3
rna-NM_001935.3	1141	73	179	1022	1509	548
rna-NM_004460.4	26	8	4	9	27	0
rna-XM_011511389.2	780	743	756	691	872	772
rna-NM_022168.3	5574	1682	1576	3925	8529	3986
rna-XM_006712398.4	318	216	175	298	442	250
rna-XM_011512109.3	62	4	3	42	71	15
rna-NM_004490.2	83	28	22	86	109	65
rna-NM_001278458.1	511	288	261	998	769	3174
rna-NM_006922.3	10	2	3	0	16	10
rna-XM_017004656.1	71	9	13	44	69	0
rna-XM_024453154.1	30	7	16	31	29	8
rna-XM_017003770.1	709	103	122	434	572	55
rna-NM_024753.4	512	486	450	393	725	435
rna-NM_001202435.2	10	65	95	7	0	10
rna-XM_006712681.3	3	3	2	0	0	0
rna-XM_005246757.2	41	14	41	28	111	59
rna-NM_152381.5	4	10	4	2	3	0
rna-XM_011512085.2	0	2	2	10	0	6
rna-NM_013233.2	1140	1042	773	2227	2724	5558
rna-NM_001256126.1	2696	1810	1516	2179	3231	1977
rna-NM_001171631.1	8	3	0	0	3	0
rna-NM_020675.3	293	221	111	216	209	35
rna-NM_001289763.1	0	2	2	0	3	0
rna-NM_152384.2	72	133	138	103	144	78
rna-NM_004525.2	21	116	69	16	8	6
rna-NM_024622.5	340	431	341	381	651	331
rna-NM_004792.2	366	384	323	154	892	273
rna-NM_001085447.1	0	4	0	0	10	0
rna-NM_001199290.2	175	27	10	20	13	16
rna-NM_001199286.1	85	126	78	118	180	116
rna-NM_144711.5	451	603	412	483	792	252
rna-NM_003142.4	2033	2857	2225	1994	3165	1834
rna-NM_001293187.1	739	1215	912	929	763	602
rna-XM_005246299.4	965	881	972	684	1328	1108
rna-XM_011511159.2	6	0	0	11	7	2
rna-XM_017003875.1	13	26	23	24	6	13
rna-XM_011510922.1	106	342	279	91	34	87
rna-NM_015530.4	4909	3864	3539	5389	5207	4370
rna-NM_012290.4	1105	931	991	1205	2653	1525
rna-XM_017004984.2	162	162	126	143	243	206
rna-NM_025000.3	526	435	402	464	872	602
rna-NM_024843.3	4999	4109	4461	3921	4356	3076
rna-NM_001378.2	2798	2829	2768	2638	3933	2185
rna-NM_003705.4	812	817	769	847	869	478
rna-XM_017003750.2	278	276	247	289	407	152
rna-NM_178120.4	205	248	204	145	236	79
rna-NM_003642.3	2834	2522	2036	2641	3190	1596
rna-NM_004405.3	208	51	62	103	149	75
rna-NM_007023.3	22	39	24	25	81	46
rna-NM_001079818.2	1780	2134	1590	1307	1459	1519
rna-NM_001278549.1	1184	3566	2238	477	616	766
rna-NM_016653.2	1204	613	510	988	1270	478
rna-NM_031942.4	561	1136	374	493	611	77
rna-NM_003111.4	4504	4048	3787	4272	5624	5076
rna-NM_013341.4	4619	6115	5170	5377	5408	5255
novel.187.1	16	0	6	35	83	47
rna-NM_001145250.1	33	84	64	53	17	59
rna-NM_004882.3	750	500	615	629	871	487
rna-XM_005246853.3	348	535	495	377	389	266
rna-NM_152529.6	306	964	814	184	161	288
novel.153.1	6	33	18	16	6	5
rna-NM_001077269.1	459	1637	900	540	114	604
rna-XM_017003256.1	20	40	44	18	16	30
rna-NM_001822.5	983	1618	1764	1536	879	3242
rna-NM_001880.3	2549	1887	1777	2273	3395	2343
rna-NM_001689.4	4139	6187	4995	5102	4063	4445
rna-NM_001305008.1	1518	3096	2904	1122	1556	1803
rna-XM_024453265.1	16	4	11	23	37	20
rna-NM_021192.2	50	108	94	95	133	147
rna-NM_002148.3	26	12	19	18	52	69
rna-NM_014213.3	102	409	344	175	122	149
rna-NM_019558.3	85	247	344	185	71	224
novel.188.1	8	43	39	9	12	16
novel.154.1	17	26	27	41	33	87
rna-NM_014621.2	29	16	21	34	43	25
rna-XM_005246513.5	11	9	29	25	24	43
novel.189.1	102	120	109	179	149	353
rna-NM_024501.2	8	8	9	7	18	15
rna-NM_006554.4	648	984	703	794	809	578
novel.190.1	40	63	55	35	44	13
rna-XM_017005483.2	5	5	8	17	16	8
rna-NM_194247.3	8804	11314	8548	8417	10801	5390
rna-NM_006164.4	3496	2513	3061	2882	3988	2805
rna-NM_003659.3	2687	3461	3073	2455	2724	2432
rna-NM_152517.2	115	187	194	160	104	199
rna-NM_152275.3	187	463	514	208	217	254
rna-NM_016953.3	12	7	4	0	0	2
rna-XM_017003321.1	229	201	216	336	362	251
rna-XM_017003265.2	657	1543	1039	665	749	728
rna-NM_003690.4	1179	1475	1103	1488	1460	1302
rna-XM_017004221.2	0	0	4	6	5	11
rna-NM_181342.2	530	267	297	359	343	231
rna-NM_019091.3	880	692	588	939	1128	1123
rna-NM_001267550.2	107	26	22	96	143	39
rna-XM_011510991.3	4	0	0	0	2	0
rna-NM_178123.4	953	841	891	567	845	576
rna-NM_001352809.1	41	16	18	52	35	12
rna-XM_005246726.3	542	355	317	428	921	488
rna-NM_182678.2	2111	2232	1950	3047	2658	3193
novel.155.1	12	2	0	14	21	28
rna-NM_000885.5	254	309	161	130	155	48
rna-NM_001030311.2	15	3	7	0	4	0
rna-NM_001130445.2	5844	11369	10170	4401	4854	5352
rna-NM_001261424.1	2	0	0	6	7	12
rna-XM_017004294.2	6	0	0	18	10	7
rna-NM_001463.3	90	6	20	85	48	17
rna-XM_024452971.1	4337	2263	2230	3211	5089	3556
rna-NM_205842.2	6988	5613	5531	5843	10764	9644
rna-NM_080876.3	74	56	33	79	128	58
rna-XM_017003308.1	487	283	187	368	547	330
rna-NM_173651.3	4	0	0	0	4	0
rna-XM_011512285.1	0	0	3	0	0	0
rna-NM_194250.1	69	14	11	47	89	13
rna-NM_018471.2	2150	2151	1811	2162	2553	1880
rna-NM_002210.4	7126	12969	12569	4966	5982	9523
rna-NM_177454.3	273	216	180	200	399	306
rna-NM_182521.2	0	0	2	0	0	0
rna-XM_005246234.4	2269	6683	6439	1670	36	5130
rna-NM_006287.5	2460	1878	2081	2666	6523	4320
rna-NM_000090.3	15	0	0	10	5	10
rna-XM_006712581.1	731	297	402	795	1761	1956
rna-NM_000393.4	3132	2266	1854	2284	2469	1041
rna-NM_032168.2	1363	1109	732	1273	2069	1022
rna-NM_014585.5	148	40	51	98	59	13
rna-NM_019048.3	1550	1181	922	1493	1883	1150
rna-NM_001353493.1	1	2	1	1	1	1
rna-XM_011510673.2	31	14	18	30	51	35
rna-NM_001354347.1	197	188	190	281	228	123
rna-NM_001128150.1	1153	986	895	1403	1654	1430
rna-NM_001321047.1	495	463	420	368	760	270
rna-NM_017694.3	732	941	826	879	980	1666
rna-NM_001142645.1	240	332	171	370	453	278
rna-XM_011511986.2	9	4	4	20	22	11
rna-NM_005259.2	2	0	10	0	9	3
rna-NM_014362.3	644	533	420	542	670	479
rna-NM_001128928.1	676	562	413	785	751	887
novel.191.4	0	0	0	0	14	0
rna-XM_017004170.1	2211	1769	1383	2139	3596	2813
novel.191.1	95	29	31	77	136	94
novel.191.2	46	1	3	38	53	125
novel.191.3	25	0	4	0	66	0
novel.191.5	371	5	16	608	831	1818
rna-XM_011511705.2	56	7	11	36	41	10
rna-NM_001130158.2	6077	4473	3151	4316	5289	3472
rna-NM_001031716.2	375	312	253	454	669	240
rna-NM_014905.4	6034	2419	2756	6127	15016	18897
rna-XM_017004783.2	36371	27056	20302	31506	36484	21100
rna-NM_004657.5	124	303	209	66	8	92
rna-NM_016192.3	160	51	41	159	167	134
rna-XM_011511505.3	1474	1774	1452	1202	1908	2051
rna-XM_017005484.1	25	8	13	25	51	6
rna-NM_018897.2	18	3	11	24	18	12
rna-NM_004226.3	855	270	357	580	1178	393
rna-NM_001080539.1	16	16	12	25	108	21
rna-XM_006712646.3	154	11	22	94	279	62
rna-NM_012086.4	809	930	851	862	1211	740
rna-NM_213608.2	9	2	2	3	26	6
rna-NM_024989.3	407	932	913	274	924	593
rna-XM_005246945.1	134	172	147	124	181	87
rna-NM_012433.3	5747	6465	5917	4248	7689	4927
rna-NM_025147.4	2018	867	811	1681	2430	1874
rna-XM_011510595.3	11	10	18	6	12	37
rna-NM_001284361.1	0	0	0	0	0	0
rna-NM_138395.3	393	420	331	503	492	320
rna-NM_006226.3	33	0	0	28	35	24
rna-NM_199440.1	12430	18462	11392	11186	12643	7458
rna-NM_002157.2	2339	3371	2494	2887	2311	1874
rna-NM_001202485.1	601	540	0	686	566	509
rna-NM_015387.4	852	1197	1316	906	1301	896
rna-NM_015265.3	517	458	519	570	878	753
rna-XM_024452853.1	13	17	0	6	12	6
rna-NM_153689.5	815	752	575	628	894	498
rna-NM_001039693.2	410	223	233	396	586	384
rna-NM_024520.2	753	784	620	944	985	753
rna-XM_011510938.1	3477	2624	2046	3420	5582	3995
novel.192.1	71	25	40	96	144	115
rna-NM_001321547.1	369	579	508	444	381	486
rna-XM_017003453.1	226	98	90	62	539	64
rna-XM_011511062.1	1345	133	200	983	857	177
rna-NM_001207068.2	8112	11041	7963	6680	9598	7622
rna-NM_001162407.1	854	297	373	842	1425	869
rna-XM_005246651.3	567	677	500	625	507	421
rna-NM_001136039.2	648	619	506	642	751	413
rna-XM_011511252.3	604	632	498	637	1011	409
rna-NM_001321624.1	476	298	321	279	1106	488
rna-NM_001257102.1	919	1134	1011	1123	982	999
rna-NM_003879.6	2226	670	858	2477	6083	3895
rna-NM_032977.3	26	3	8	25	19	11
rna-NM_001080125.1	835	601	499	894	1726	906
rna-NM_139163.3	5	0	0	0	9	21
rna-NM_015049.2	2312	1767	1672	2175	2211	2923
rna-NM_018571.5	1066	2043	1707	1284	1185	1584
rna-NM_001168221.1	2	0	0	0	2	2
rna-NM_033066.2	28	5	12	11	2	4
rna-NM_001044385.2	782	517	358	653	976	307
rna-NM_020919.3	1531	1149	999	1102	1800	1613
rna-XM_005246781.3	256	6	17	115	105	34
rna-NM_003507.1	3071	1575	1813	3830	1556	10820
rna-NM_001277372.2	6	0	3	0	0	0
rna-NM_001005781.1	2654	2898	2438	3061	3072	2534
rna-NM_015934.4	1420	1126	690	1041	1678	856
rna-NM_173511.3	726	1409	1283	372	448	541
rna-NM_001288622.1	46	38	38	65	61	46
rna-NM_001204.6	3446	2370	2680	2237	3899	2947
rna-NM_018256.3	860	943	697	963	1310	950
rna-NM_001322428.2	100	172	151	73	194	167
rna-XM_011511658.3	103	119	84	74	222	160
rna-NM_177538.2	283	204	244	375	534	289
rna-XM_005246217.2	2429	4893	3727	2169	1928	2061
rna-XM_011511646.3	1381	913	743	1293	2071	1698
rna-XM_011510552.2	270	196	247	188	229	140
rna-NM_201266.1	2442	6023	4021	2157	422	6193
rna-XM_011511369.3	219	108	139	164	473	200
rna-NM_001199984.1	1823	2167	1524	1779	1948	1781
rna-NM_001959.3	2230	3664	3183	2933	2396	2132
rna-NM_001098199.1	45	16	18	34	24	6
rna-XM_005246711.4	282	322	360	154	488	152
rna-XM_011512086.2	115	44	41	54	81	50
rna-NM_001039845.2	25	31	29	30	32	18
rna-NM_001136194.1	634	986	695	592	991	389
rna-XM_017003372.2	10	40	16	7	52	16
novel.156.1	113	15	28	65	74	12
rna-XM_011512072.2	949	996	602	754	1227	951
rna-NM_134442.4	1810	1748	1409	1181	1639	1409
rna-XM_011510724.2	364	430	295	357	377	289
rna-NM_001330218.1	1238	772	616	1117	1381	933
rna-XM_024453130.1	1119	991	1062	663	738	1090
rna-NM_001080475.2	436	365	367	489	422	485
rna-NM_006891.3	1	0	0	0	0	0
rna-NM_005896.3	4291	2238	2354	4322	5071	3814
rna-XM_011510779.2	946	887	809	583	1626	1095
rna-XM_011511004.1	2	6	0	2	0	5
rna-XM_024452891.1	152	297	240	91	60	62
rna-NM_001318926.1	2900	2503	2237	2565	3057	2067
rna-XM_005246328.4	217	120	134	179	480	231
rna-XM_005246243.2	1903	3151	2401	1968	2634	1963
rna-NM_001122633.2	389	1685	1287	413	295	592
rna-XM_011510805.3	139	58	58	75	216	82
rna-NM_001242575.2	4	2	0	4	6	2
rna-XM_017003577.2	11	2	4	18	15	4
rna-NM_024532.4	155	259	281	149	105	101
rna-XM_017004613.1	937	629	435	699	1018	215
rna-XM_011510951.2	51	14	20	34	76	50
rna-XM_011511468.2	491	382	434	776	1024	1313
rna-NM_018441.5	386	661	598	377	405	317
rna-NM_001142310.1	59	181	183	89	37	93
rna-NM_021141.3	13126	16097	12064	13069	14926	10588
rna-NM_020814.2	206	24	62	211	178	125
rna-NM_014140.3	1218	827	788	1419	1475	1418
rna-NM_000998.4	11710	18334	18768	18364	11661	14117
rna-NM_004044.6	3380	3190	2257	4000	4313	2032
rna-XM_005246397.1	263378	24685	31758	185849	174617	59867
rna-NM_000597.2	11676	40132	31328	14639	1222	15985
novel.193.1	6	22	9	24	0	42
rna-XM_024453079.1	722	214	195	487	412	168
rna-XM_017003895.1	17	3	5	17	6	0
rna-NM_000599.3	24375	157023	149396	21282	284	40169
rna-XM_017003468.1	10	0	0	13	6	10
rna-NM_152862.2	8813	8750	8532	10258	9869	9595
rna-NM_001320865.1	12	0	5	5	5	7
rna-NM_000578.3	10	24	24	21	26	47
rna-XM_024452712.1	5439	3767	3597	6444	5574	4554
rna-NM_015488.4	1387	1015	1016	1556	1456	1026
rna-NM_001321435.1	4287	3522	3496	5601	5643	4535
rna-XM_017004615.2	1016	1004	961	1341	1169	972
rna-NM_007127.2	2	0	0	4	0	0
rna-NM_020935.2	1781	1160	792	1334	2029	811
rna-NM_001271634.1	1996	1533	1210	2018	2294	1257
rna-XM_011512012.1	214	246	293	220	262	280
rna-XM_011511788.2	965	798	535	1020	1186	998
rna-NM_001320717.1	524	541	342	734	891	511
rna-NM_022453.2	1446	762	712	1766	1610	1150
rna-NM_015690.4	197	288	257	156	338	137
rna-XM_017005387.1	877	715	585	876	929	615
rna-NM_000784.3	133	45	76	154	120	81
rna-NM_006522.3	16	78	123	16	3	18
rna-NM_025216.2	7	17	13	16	0	6
rna-NM_003936.4	32	26	36	90	81	58
rna-NM_017521.2	2	0	0	0	0	2
rna-NM_002181.3	0	0	4	0	6	4
rna-NM_024782.2	567	465	327	689	948	631
rna-NM_001144890.1	8	4	4	10	17	4
rna-XM_024452790.1	1887	1893	1744	2117	2265	1382
rna-NM_024293.5	6660	5710	6471	8692	7575	8536
rna-NM_006736.5	3072	3219	3186	3762	3448	3086
rna-XM_017004609.2	16	36	30	8	8	4
rna-XM_006712286.3	782	885	761	1104	775	794
rna-NM_005689.3	1254	4515	4468	1186	520	556
rna-NM_024085.4	5630	8929	8405	6320	5485	5174
rna-NM_018089.2	1080	1871	1754	863	1167	802
rna-NM_024506.4	195	325	324	288	199	174
rna-NM_001330213.1	1124	1378	1442	1372	1326	1375
rna-NM_006000.2	1644	606	703	1245	1350	350
rna-NM_001355221.1	7	0	0	4	5	0
rna-NM_001319116.1	2190	2463	2107	2021	2541	1234
rna-NM_001927.3	44	43	29	47	14	30
rna-XM_011510479.2	537	550	600	490	371	230
rna-NM_001286811.1	11	14	5	17	16	18
rna-NM_013335.3	1690	1362	1205	1938	1773	984
rna-NM_024536.5	5034	6908	6406	6584	4382	6870
rna-NM_001303098.1	241	173	159	349	263	233
rna-XM_011510857.2	3084	5273	5093	3868	3022	3394
rna-NM_002191.3	66	21	28	75	54	19
rna-NM_052902.3	370	447	421	465	467	307
rna-NM_001326559.1	397	563	626	635	493	745
rna-NM_001304536.1	249	386	358	166	194	157
rna-NM_153038.1	0	0	0	0	0	0
rna-NM_181459.3	5	0	0	0	0	0
rna-NM_152386.3	274	44	151	460	750	856
rna-NM_005687.4	1427	2911	1679	1456	1340	953
rna-NM_058165.2	0	0	0	0	0	0
rna-NM_004457.4	5985	6518	5079	4894	6423	4161
rna-NM_080671.3	1565	3897	3196	2930	8	6515
novel.194.1	7	24	15	16	2	162
rna-NM_003469.4	282	736	423	503	364	942
rna-NM_001039569.1	282	604	508	268	464	406
rna-NM_020830.4	2772	2549	2299	2078	3029	1654
rna-NM_022915.3	1547	1581	1294	1701	1596	1368
rna-XM_005246641.2	12778	8953	11084	14545	12344	14479
novel.195.1	7	0	2	2	0	20
rna-NM_001257198.1	2385	2440	2518	2506	3084	3062
rna-XM_017004441.2	239	31	37	127	265	62
rna-XM_011511524.1	6	0	3	2	5	0
rna-NM_005544.2	3480	822	821	2400	3084	1806
rna-NM_001349069.1	551	722	544	822	873	704
rna-NM_000092.4	93	44	36	30	71	22
rna-NM_000091.4	6	22	26	8	6	8
rna-NM_001277061.1	1797	2135	1800	2073	1980	2095
rna-XM_017005030.1	102	23	24	109	78	30
rna-XM_006712478.4	2987	2867	2294	2660	3191	2344
rna-NM_004591.2	1372	104	439	1029	3331	1673
rna-NM_178821.2	146	18	20	168	142	61
rna-XM_017004404.1	1340	454	397	1219	1116	455
rna-NM_139072.3	3031	937	1092	3662	3735	1905
rna-NM_152527.4	162	117	73	113	131	15
rna-XM_024453223.1	6677	5439	4348	6024	10949	8601
rna-NM_174899.4	85	203	170	85	92	105
rna-XM_011511088.3	4745	1147	1041	4103	5005	1485
rna-NM_007237.4	344	29	25	325	180	97
rna-XM_017005294.1	495	336	228	507	725	296
rna-NM_001080391.1	5027	1922	1789	3925	6351	2337
rna-NM_016289.3	2995	2048	1899	2517	3363	3041
rna-XM_011512175.3	9	6	7	8	11	3
rna-NM_001144994.1	97	361	195	79	42	47
rna-NM_001287241.1	17445	13238	13091	22670	14399	21623
rna-NM_002807.3	4087	4461	3267	3981	4796	3853
rna-NM_000867.4	2	2	2	5	4	2
rna-XM_011511905.1	1028	408	394	1025	991	887
rna-NM_145236.2	43	22	40	50	66	51
rna-NM_006056.4	12	6	6	31	16	2
rna-NM_005381.2	16137	18682	12230	15000	20439	11806
novel.157.1	41	21	9	71	77	109
rna-XM_011511518.1	31308	47768	41381	36031	26577	36584
rna-NM_002601.3	943	661	639	1162	1137	1081
rna-NM_024409.3	12	0	5	10	12	3
rna-XM_006712693.2	1492	1293	1069	1598	1639	1265
rna-NM_001632.4	156	137	43	207	116	88
novel.196.1	169	10	14	127	112	19
rna-NM_031313.2	59	11	3	170	49	36
rna-NM_001631.4	0	0	0	0	0	0
rna-NM_004826.3	8	0	0	11	0	0
rna-NM_001195129.1	4	0	2	3	2	3
rna-NM_005199.4	2	0	0	0	2	0
rna-NM_152383.4	407	698	575	447	559	383
rna-NM_145702.2	83	150	91	43	82	57
rna-NM_004846.3	1119	1584	1193	1225	1117	1054
rna-NM_025202.3	372	295	276	339	227	185
rna-NM_001103147.1	2657	2624	2246	2554	3278	2528
rna-NM_002242.4	2	0	0	0	0	0
rna-XM_024452882.1	35	17	40	30	42	18
rna-NM_019850.2	31	19	13	33	50	17
rna-NM_001017915.2	72	23	21	62	72	3
rna-XM_005246082.3	580	349	245	585	642	513
rna-XM_011512028.3	1177	1127	1054	1058	1300	755
rna-XM_011511396.2	789	1115	674	771	1009	507
rna-NM_019076.4	0	0	1	0	0	0
rna-NM_019075.2	0	0	1	0	0	0
rna-NM_021027.2	0	0	1	0	2	0
rna-NM_019077.2	0	11	19	0	0	0
rna-NM_019078.1	0	0	1	0	0	0
rna-NM_007120.2	0	0	1	0	0	0
rna-NM_019093.2	0	0	1	0	0	0
rna-NM_001001394.3	0	0	0	0	0	0
rna-NM_000463.2	0	0	1	0	0	0
rna-NM_001072.3	3	17	6	0	0	0
rna-XM_011511810.2	220	401	243	220	161	311
rna-NM_018410.4	1055	1056	347	845	857	258
novel.158.2	41	701	484	35	0	33
novel.158.1	14	77	50	22	2	12
novel.159.1	30	128	40	22	4	8
rna-NM_001282431.1	10565	20480	17205	12730	14921	15891
rna-NM_014521.2	5897	14472	10624	3857	2553	3433
rna-XM_006712239.3	1565	2310	2194	1237	1305	1839
rna-XM_005246098.3	40	22	15	54	37	19
rna-XM_017005449.1	40	13	20	41	29	14
rna-NM_001485.3	158	136	165	113	138	49
rna-NM_212556.3	2	0	0	0	0	0
rna-NM_001270585.1	115	12	15	96	87	11
rna-NM_006710.4	2771	2941	2235	3372	3381	3570
rna-NM_004369.3	38	3	2	25	16	11
rna-NM_024101.6	1214	213	185	936	597	60
rna-XM_017004693.2	310	94	165	734	422	1372
rna-NM_001137552.1	3094	2909	2671	2551	3666	4149
rna-NM_001080504.2	17	2	10	9	32	27
rna-NM_005855.3	3	39	40	22	2	2
rna-NM_080678.2	789	630	507	1033	1024	1330
rna-NM_194312.3	22	0	3	22	11	8
rna-NM_016510.5	829	620	483	996	834	874
rna-NM_198582.3	27	12	20	42	33	0
rna-NM_001291832.1	1321	329	297	1281	679	399
rna-NM_030768.2	874	733	638	990	859	666
rna-NM_018645.5	391	631	485	553	340	279
rna-XM_005246111.4	157	220	153	169	236	119
rna-XM_011510944.2	478	547	604	417	600	496
rna-NM_001040445.2	1042	1792	1439	1189	1096	1387
rna-XM_024453266.1	60	4	16	56	66	14
rna-NM_001271893.3	316	30	39	241	217	39
rna-XM_011512217.2	800	2436	2205	684	441	1185
rna-NM_001322019.1	1607	2408	2125	1799	1655	1548
rna-NM_138336.1	405	529	512	588	481	525
rna-NM_001359125.1	0	0	0	2	2	0
rna-NM_002081.2	4873	16219	17064	5529	2107	6078
rna-XM_017004276.1	86	110	99	91	128	102
rna-XM_024452814.1	118	101	69	91	193	107
rna-NM_018226.4	2029	2970	3033	2857	2387	2040
rna-NM_023083.3	570	350	342	561	924	483
rna-NM_001195381.1	36	5	11	53	29	50
rna-NM_198998.2	0	0	0	0	0	0
rna-NM_001244008.1	2	2	0	0	2	0
rna-XM_011510931.2	394	167	192	255	395	483
rna-XM_017003380.2	819	577	488	889	1041	744
rna-XM_011510829.2	516	397	272	484	624	335
rna-NM_002712.2	1818	2041	1791	2349	2107	1875
rna-XM_011512233.1	185	226	140	128	171	103
rna-NM_006374.4	4849	4553	4413	6218	5662	5807
rna-NM_032515.4	2586	595	769	3306	3175	2003
rna-XM_011511263.2	153	159	169	192	188	149
rna-NM_005336.5	23397	28418	24100	24524	21458	21372
rna-XM_017005451.1	102	80	70	105	132	100
rna-XM_024452921.1	16173	23701	20234	15809	15239	19227
rna-XM_005247016.4	2434	2449	2147	3203	2580	3053
rna-XM_017003637.1	1601	1113	917	1897	2159	1898
rna-NM_001320905.1	1655	1317	940	2305	1838	1133
rna-XM_017005097.1	439	336	208	398	716	201
rna-NM_001167599.2	3	2	5	6	0	5
rna-XM_017005485.1	1	0	0	2	0	0
rna-NM_005018.2	1	0	0	1	0	0
novel.160.1	93	89	87	103	188	112
rna-XM_011511734.2	618	424	397	640	676	345
rna-NM_022134.2	5	10	5	4	2	12
rna-NM_182916.2	446	571	343	478	718	411
rna-NM_016302.3	1016	1329	1257	1097	1267	951
rna-NM_001324188.1	21	36	26	7	2	65
rna-XM_011533624.3	265	639	580	332	295	452
rna-NM_006515.3	118	203	93	132	183	126
rna-XM_011533681.1	524	1354	937	287	539	629
rna-NM_003670.2	7261	19760	12900	3906	6460	4011
rna-NM_018184.2	3329	3062	2641	3663	3471	4278
rna-NM_014674.2	1309	1564	1346	1262	1520	1184
rna-XM_011533649.1	2803	3592	4092	2540	954	980
rna-XM_017006510.1	4	7	3	3	0	5
rna-NM_001354653.1	393	106	122	213	404	73
rna-NM_020165.3	1062	1283	700	800	903	359
rna-XM_017007574.1	165	623	603	132	112	264
rna-XM_006713086.3	1025	2209	1448	1046	1095	1118
novel.221.1	68	123	93	79	156	85
rna-XM_017006767.1	2696	4144	3244	2714	3597	3808
rna-NM_198560.2	10	34	51	22	16	4
rna-XM_011533386.2	5	2	0	12	7	2
rna-XM_017007034.1	1599	1683	1388	1992	1669	1432
rna-XM_024453741.1	1255	1260	949	1037	1267	875
rna-NM_173659.4	791	820	785	1023	761	661
rna-NM_016821.2	508	618	457	793	637	461
rna-XM_005265516.2	567	1072	904	728	556	418
rna-NM_001278270.1	3144	5825	5002	5260	3652	5242
rna-NM_001198793.1	345	335	352	399	491	290
rna-NM_001198780.1	2989	3143	2737	4665	4314	3051
rna-NM_001025930.3	32	18	43	18	31	34
rna-NM_001570.3	3901	604	838	4209	5700	4319
rna-XM_011533330.2	0	0	0	0	0	0
rna-NM_001199623.1	4	0	0	0	0	0
rna-NM_032492.3	1482	1802	1680	1876	1255	1372
rna-NM_153483.2	25	26	18	27	46	20
rna-XM_017007326.1	1502	1561	1673	1693	1398	856
rna-XM_011534108.1	741	886	906	1075	670	788
rna-NM_207351.4	317	381	406	252	206	142
rna-XM_005265321.3	1816	2430	2265	2287	1890	2719
novel.222.1	67	40	33	20	42	13
novel.222.2	13	0	0	110	75	47
novel.222.4	278	190	217	276	148	172
novel.222.3	74	72	16	137	103	76
rna-NM_033084.4	284	705	269	245	352	156
rna-NM_018462.4	4734	7353	6668	6112	4203	6247
rna-NM_000551.3	2461	3216	3004	3234	3396	3266
rna-NM_014760.3	2325	3287	2952	2735	2874	2730
rna-NM_001302825.1	0	0	0	0	0	0
rna-NM_001136026.2	4199	4914	3914	4921	4138	4132
rna-XM_017006492.2	17	2	3	9	12	136
rna-NM_014229.2	2	0	0	0	2	0
rna-NM_001098213.1	1083	1108	683	1008	962	833
rna-XM_011533277.3	935	1019	838	1120	1024	895
rna-NM_001128219.2	3132	5081	4591	3614	3197	9018
rna-XM_005264873.4	82	179	106	111	135	61
rna-NM_133625.4	3	2	9	0	4	0
rna-NM_003256.3	18	73	46	44	6	28
rna-NM_015869.4	361	35	58	329	448	350
rna-NM_001321278.1	218	275	178	222	168	194
rna-NM_001195279.1	3	3	0	2	0	0
rna-NM_014160.4	1061	1693	1294	1130	1005	850
rna-NM_001354689.1	4105	5295	4251	4813	4714	6400
rna-NM_001284406.1	303	85	82	213	188	42
rna-NM_001162499.1	260	39	100	371	388	283
rna-NM_000994.3	15709	26660	24119	20458	11624	17745
rna-XM_011534305.2	1770	2933	2576	1505	1344	1681
rna-XM_024453855.1	8	6	3	19	8	25
rna-XM_024453411.1	3327	7974	5124	2822	2115	2254
rna-NM_024827.3	838	773	719	932	734	667
rna-NM_001004019.1	1017	84	108	857	443	373
rna-NM_004625.3	38	0	4	39	41	53
rna-NM_144636.2	458	582	431	748	640	632
rna-NM_024334.2	4064	5011	4599	5119	5039	6634
rna-NM_004628.4	815	1030	756	761	1208	749
rna-NM_014463.2	1401	1983	1376	1419	1341	951
rna-NM_001134367.3	7239	12657	10459	4824	4535	7398
rna-XM_011534141.3	193	100	100	272	464	479
rna-NM_016474.4	632	540	514	650	840	774
rna-XM_011534153.3	6	23	8	20	26	37
rna-XM_011533422.1	0	0	0	0	0	0
novel.223.1	3704	5480	4632	4183	4850	5733
novel.223.2	743	634	442	663	633	718
rna-XM_011534058.3	1725	1742	1297	1548	2130	1479
rna-NM_022497.4	938	1497	1074	1109	1181	925
rna-NM_001302378.1	1136	2326	1629	1151	946	944
rna-XM_011533555.3	1117	1413	1321	1058	1434	1208
rna-NM_004844.4	824	1728	1655	605	579	520
rna-NM_005677.3	22	21	37	11	19	17
rna-XM_005264867.4	395	606	427	463	413	391
rna-NM_033083.6	1018	1280	927	1016	1150	1162
rna-NM_012260.3	657	1141	681	773	815	481
rna-NM_001281723.2	848	531	578	1153	1206	1545
rna-NM_001349277.1	3001	2194	1685	2126	3855	2290
rna-NM_054110.4	121	6	10	124	62	25
rna-NM_206831.2	1353	1647	1506	1727	1568	1923
rna-XM_011534234.3	357	311	229	359	401	347
rna-XM_011533529.1	1545	548	587	1221	1368	775
rna-XM_017006023.1	107	108	122	80	101	53
rna-NM_001349073.1	1467	3699	3094	2051	1991	3452
rna-NM_001257177.1	0	3	0	0	0	3
rna-NM_001322871.1	375	1106	1318	485	90	1390
novel.198.1	8	46	38	12	0	42
rna-NM_144715.3	7	0	8	0	6	4
rna-XM_017005698.2	7	3	8	8	48	23
rna-NM_004162.4	2985	3566	3063	2952	2777	2957
rna-NM_001252657.1	4	6	6	0	5	4
rna-XM_017007191.1	11	8	7	29	9	41
rna-NM_003884.4	669	1303	1097	577	743	767
rna-NM_001012410.4	185	165	75	175	166	45
rna-XM_005265432.3	1018	1475	1338	1019	915	1001
rna-NM_005126.4	2538	2990	2573	2182	2609	2929
rna-NM_001354708.1	426	246	261	331	469	348
rna-NM_003341.4	3071	5626	4477	3344	2504	3806
rna-XM_005265078.4	907	1653	1412	1064	989	1140
rna-NM_001253379.2	27250	46805	43685	32704	18607	33532
rna-NM_018297.3	744	1940	1554	523	758	461
rna-XM_006713216.4	319	399	375	359	407	291
rna-NM_001290216.2	14	14	8	41	5	251
rna-NM_001330700.1	1774	3816	3441	1176	2300	1366
rna-XM_017005761.2	85	0	10	64	221	60
rna-NM_001321103.1	1534	2009	1257	1428	3996	2850
rna-NM_001278182.1	36	10	6	24	7	14
rna-XM_024453365.1	341	440	362	351	347	263
rna-XM_011534009.2	1450	1538	1369	1352	1845	1645
rna-NM_001040432.3	14	39	41	26	44	12
novel.199.1	16	61	33	10	6	44
rna-NM_001003793.2	273	508	607	294	221	653
rna-NM_001024847.2	5583	7640	5916	4801	4772	7556
rna-NM_207359.2	2	0	0	0	0	0
rna-NM_178862.2	6944	9994	8489	7269	6238	8108
rna-XM_005264843.4	1510	3018	2613	1052	1021	1087
rna-NM_001137674.2	48	49	68	40	74	38
rna-NM_015141.3	1022	2372	2158	1076	779	1227
rna-XM_011533416.3	378	320	344	349	252	192
rna-XM_017005646.1	168	102	93	162	169	93
rna-NM_017801.2	2906	2927	2597	3137	4085	3451
rna-NM_016141.3	1830	1660	1310	1823	2634	1861
rna-NM_001039111.2	5	0	0	0	0	0
rna-XM_017005687.1	3	0	0	0	4	0
rna-NM_001256742.1	1126	1233	992	1145	1138	852
rna-XM_017007616.1	6	4	4	3	3	11
rna-NM_001317040.1	5052	4183	4311	4767	4486	4108
rna-NM_001039770.2	47	80	52	41	32	60
rna-NM_006371.4	7383	15158	13815	8360	4488	7607
rna-NM_015551.1	162	46	56	140	150	32
rna-NM_001349316.1	255	207	195	240	312	306
rna-NM_001128161.1	2325	3381	2354	2736	3168	3922
rna-XM_006713040.1	1020	1491	1308	953	986	1036
rna-NM_001162429.2	3433	4646	3810	3246	4890	4349
rna-XM_011533303.3	2	0	3	0	0	0
rna-XM_024453722.1	232	231	172	212	200	148
rna-XM_017007571.1	1129	1060	705	961	2055	905
rna-NM_014805.3	480	769	685	395	710	298
rna-NM_000249.3	1278	2049	1413	1528	1463	864
rna-NM_006309.3	1311	1242	1167	1181	1210	1180
rna-XM_024453854.1	81	89	79	82	100	92
rna-NM_178339.2	4	0	5	0	9	4
rna-XM_005265069.3	577	339	662	368	1820	231
rna-NM_002207.2	20	51	19	5	0	14
rna-XM_017005519.1	1466	1380	921	1212	1141	804
rna-XM_011533770.2	9	14	25	12	20	8
rna-NM_001130964.1	838	1186	1471	745	527	394
rna-XM_011534317.2	0	0	10	0	3	0
rna-NM_001607.3	1040	2623	2430	1397	1118	1311
rna-NM_001172567.1	1246	1667	1251	1434	2164	1333
rna-XM_011534331.2	2294	3097	2340	1951	2766	2517
rna-NM_004256.3	0	4	0	4	7	4
rna-XM_011534325.3	55	37	22	75	78	19
rna-XM_005265583.3	204	354	381	170	172	202
rna-NM_005107.3	249	305	179	296	319	215
rna-NM_198056.2	267	62	77	175	208	33
rna-XM_017005647.1	6	0	0	2	4	4
rna-NM_001346225.1	1919	2236	1876	1687	1872	1852
rna-XM_006713301.4	1502	1357	1405	1626	1648	1182
rna-XM_005264921.5	95	28	32	98	110	61
rna-NM_001320559.1	2139	2009	1684	1852	2106	2278
rna-NM_194293.3	2	0	0	0	9	0
rna-NM_017875.3	1614	1634	1331	2331	1796	2074
rna-NM_001284423.1	70	13	29	60	28	11
rna-NM_005875.2	1270	1501	1259	1459	1064	1500
rna-NM_001248.3	13	0	0	6	8	4
novel.224.1	39	58	35	62	64	43
rna-NM_001304288.1	33924	81281	60387	43666	23109	35138
rna-XM_024453461.1	88	105	77	109	104	40
rna-XM_017006064.2	157	186	130	130	162	127
rna-NM_003973.4	13547	22390	20934	15892	10946	15238
rna-NM_198484.4	494	607	673	623	888	789
rna-NM_001904.3	6445	14820	12588	6597	6453	7124
rna-NM_017886.3	213	92	106	137	128	85
rna-XM_017005906.1	1969	3337	3396	2013	1339	3023
rna-NM_004624.3	14	2	6	21	19	3
rna-NM_032970.3	1686	2968	2551	1948	1853	2111
rna-NM_016305.3	433	627	471	598	437	376
rna-XM_024453539.1	631	343	444	375	1272	408
rna-NM_145166.3	731	1107	1304	950	650	1017
rna-NM_144719.3	11	13	13	10	12	20
rna-NM_001099668.1	2636	5980	4473	3330	2441	3905
rna-NM_001296.4	4	15	15	10	0	8
rna-NM_004391.2	1	0	6	0	0	0
rna-NM_001205272.1	148	32	36	109	171	2
rna-NM_001129908.2	27	0	8	42	16	0
rna-XM_011534163.2	1342	2115	1759	2074	1525	2601
rna-XM_005265245.3	933	901	797	756	1069	1068
rna-NM_001346464.1	1665	2073	1812	1871	1825	1477
rna-NM_001355186.1	371	323	219	400	481	521
rna-NM_001145030.1	2	0	0	1	8	0
rna-NM_001282913.1	408	420	435	436	612	527
rna-XM_024453307.1	2	0	1	3	1	1
rna-NM_181489.5	880	985	911	835	1221	1022
rna-NM_001287349.1	29	11	17	27	53	21
rna-NM_018651.3	17	10	22	17	18	3
rna-NM_001351733.1	23	0	0	0	0	0
rna-NM_173658.3	1	6	5	4	6	2
rna-NM_001323293.1	195	243	245	190	237	204
rna-NM_003420.3	167	134	90	217	244	196
rna-NM_033210.4	7	0	2	10	17	0
rna-NM_001258280.1	29	87	70	37	22	15
rna-NM_020696.3	525	804	695	499	711	377
rna-XM_017006884.2	134	143	52	74	140	20
rna-NM_144638.2	140	186	183	266	192	167
rna-XM_011534042.2	19	6	10	31	19	20
rna-XM_017006561.1	1476	1988	1751	1692	1551	2042
rna-NM_015004.3	918	1270	1009	994	838	760
rna-XM_017007117.2	13	15	0	24	24	9
rna-NM_022842.4	6372	708	1945	9251	14666	11816
rna-NM_015444.2	2590	4751	2858	3171	705	2883
rna-XM_005265006.2	1308	2222	1442	1356	1570	1340
rna-NM_014240.2	1404	3867	3168	1391	1491	1434
rna-NM_020208.3	33	5	6	36	43	12
rna-NM_001319071.1	1116	2059	1573	1059	1614	1584
rna-NM_031200.2	0	0	0	0	0	0
rna-XM_017006645.2	642	791	771	668	603	551
rna-XM_011533290.2	0	0	0	0	4	0
rna-NM_024513.3	969	1057	826	915	1120	914
rna-NM_001295.2	25	5	0	10	0	0
rna-NM_001123041.2	2	0	0	2	0	0
rna-NM_000579.3	2	0	0	0	0	3
rna-NM_001130910.1	30	0	4	14	14	4
rna-NM_002343.5	0	7	9	4	0	0
rna-NM_003212.3	0	0	0	0	0	0
rna-XM_011534110.2	13	18	9	11	0	5
rna-NM_147129.4	78	15	34	65	98	51
rna-NM_147196.2	21	8	7	36	17	0
rna-XM_017007617.1	3	0	0	0	0	0
rna-XM_011533967.3	23	11	10	30	14	7
rna-XM_011533390.2	316	354	244	314	347	284
rna-XM_017006010.1	557	700	559	409	678	323
rna-XM_011533632.3	2144	2310	2070	1510	3251	2798
rna-XM_005265388.4	58	114	121	101	69	105
rna-XM_005265001.3	987	1017	805	1175	1333	1745
rna-NM_015466.3	2027	2279	1900	2496	2409	2826
rna-NM_012235.3	4552	6077	6295	5767	3915	5228
rna-XM_011533851.3	283	428	273	438	354	408
rna-NM_001206943.1	227	158	202	256	251	180
rna-NM_003074.3	3254	6366	4482	2765	3259	2819
rna-NM_001789.2	741	780	351	601	606	208
rna-NM_004345.4	10	12	10	26	9	41
rna-XM_011533490.2	4260	5828	4602	5266	4852	5245
rna-XM_024453523.1	10688	17305	14139	10013	10049	7837
rna-XM_024453712.1	0	0	0	0	0	0
rna-NM_016089.2	404	400	297	498	635	464
rna-XM_024453298.1	85	109	80	112	114	90
rna-NM_207102.2	2	0	3	0	0	2
rna-XM_011533835.1	1106	1865	2239	1352	948	1471
rna-XM_011534113.2	591	577	457	737	570	546
rna-NM_015933.5	1233	3953	2868	1710	760	1482
rna-NM_130384.2	430	663	465	507	485	375
rna-NM_033629.5	349	507	483	318	208	216
rna-NM_016479.4	9913	12026	9191	14616	12960	12059
rna-NM_001317134.1	3504	14358	9691	1274	2066	1196
rna-NM_033199.3	76	29	13	92	116	24
rna-XM_011533337.1	1911	331	416	2010	2258	451
rna-NM_003365.2	10843	13556	12016	14186	9614	11430
rna-NM_022911.2	996	1142	988	890	929	442
rna-NM_001407.2	794	482	557	764	1341	729
rna-XM_017006594.1	1677	2197	2000	2069	1941	2202
rna-XM_006713199.4	1913	1495	1611	2263	2013	4195
rna-XM_011533942.3	335	977	661	461	301	854
rna-NM_000387.5	579	744	739	869	452	789
rna-NM_001123040.1	39	39	47	72	43	40
rna-NM_001349213.1	3381	3526	2826	4017	3511	4229
rna-NM_177938.2	982	1854	1686	1065	590	1045
rna-NM_018031.4	4329	5516	4954	5995	6460	5131
rna-XM_005265269.4	1107	1767	1880	1487	971	1435
rna-NM_199069.1	1373	2286	2012	1804	1237	1416
rna-XM_006713128.3	6310	10013	7642	7619	5419	5125
rna-NM_001320584.1	2092	2446	2234	2159	3388	2284
rna-NM_005051.2	5958	8484	7498	7030	5132	5331
rna-NM_022903.3	518	1022	840	766	518	442
rna-XM_006713015.3	443	504	668	652	483	620
rna-XM_005264823.3	2617	3087	3137	3231	2785	3610
rna-NM_002292.3	15519	22687	26588	18383	10872	21449
rna-NM_198562.2	314	363	342	365	416	301
rna-NM_003363.3	1476	2475	1746	1779	1883	1590
rna-XM_017007618.1	5	17	15	35	26	21
rna-NM_000581.3	10720	8357	7292	12439	9941	7873
rna-NM_001664.3	19561	31462	25623	25081	20039	23642
rna-NM_022171.2	973	1204	1115	1233	1326	1060
rna-NM_000481.3	8	6	8	3	29	8
rna-NM_032316.3	265	606	550	522	412	636
rna-NM_001177643.2	9230	23156	19672	10604	8210	13443
rna-NM_003458.3	19	8	16	26	34	42
rna-XM_024453499.1	4455	6969	6368	5292	3793	3205
rna-XM_011533732.2	11	11	27	21	40	28
rna-XM_017007018.1	1914	2599	2309	2188	1970	1997
rna-NM_198722.2	461	263	345	623	641	646
rna-NM_013334.3	1047	976	761	1613	1135	841
rna-NM_153273.3	4828	5856	5162	6004	4568	6250
rna-XM_017006372.1	87	54	55	146	88	71
rna-NM_003335.2	1995	1085	1289	1441	1788	532
rna-NM_005879.2	368	256	112	431	286	71
rna-NM_024046.4	32	0	6	34	33	33
rna-XM_005265170.4	499	82	178	671	1218	643
rna-NM_032355.3	601	461	339	1012	693	971
rna-NM_005777.2	830	1181	911	982	1767	1171
rna-NM_005778.3	1312	906	859	1066	1865	1060
rna-XM_017007607.1	159	182	183	174	63	73
rna-XM_011533998.2	3002	3109	3526	2593	1232	1359
rna-NM_144499.2	3	0	2	4	9	4
rna-NM_006841.5	420	1116	1006	486	193	215
rna-NM_001290061.1	1546	2201	2227	1460	366	924
rna-XM_006712979.4	3	2	2	0	0	0
novel.200.1	140	31	41	196	242	153
rna-NM_002070.3	14879	29770	27977	17645	12906	15110
rna-NM_006764.4	1968	2939	2010	2663	2155	1829
rna-NM_003549.3	378	284	236	629	524	560
rna-NM_012191.3	217	316	328	313	327	222
rna-XM_011533669.2	151	67	61	118	67	52
rna-NM_003773.4	1987	2225	1718	2721	2062	2324
rna-NM_007275.2	1071	1208	1245	1547	1311	1444
rna-NM_170714.1	1158	432	419	1045	1169	868
rna-NM_015896.3	55	16	34	50	42	50
rna-NM_006545.4	684	803	688	951	754	789
rna-NM_007022.4	441	498	404	525	453	263
rna-NM_007024.4	2359	2683	2775	3265	2513	3028
rna-XM_011534243.2	52	27	23	83	62	24
rna-XM_011533781.2	263	399	389	391	339	402
rna-XM_011533806.2	349	724	533	585	423	341
rna-XM_005264914.3	220	219	224	216	360	399
rna-NM_013324.5	79	79	100	123	133	77
rna-NM_001243926.1	2030	2918	2046	2523	2473	1697
rna-NM_006010.5	2997	2634	2263	6325	2850	3621
rna-NM_013286.4	4418	5763	5714	6027	4530	6361
rna-XM_017007549.2	1430	2305	1453	1337	1655	1660
rna-NM_001322253.1	522	758	683	608	669	601
rna-XM_017006573.1	1816	1983	1850	2784	2229	2785
rna-NM_000839.4	6	2	0	4	13	4
rna-NM_004704.4	1073	1156	759	1405	1320	843
rna-NM_001003931.3	1071	523	501	1057	1356	925
rna-NM_001316331.1	0	96	15	30	4	5
rna-NM_080865.3	5	3	3	3	4	6
rna-XM_024453678.1	1153	2350	2115	1403	987	908
rna-NM_001146314.1	1096	886	962	1560	1775	1088
rna-NM_015407.4	647	637	698	706	595	417
rna-NM_000666.2	709	1136	985	766	635	437
rna-XM_024453698.1	25738	39868	37312	31081	18279	29262
rna-NM_001947.3	1545	1602	1295	1645	1681	1761
rna-NM_015426.4	842	801	350	919	721	342
rna-NM_001304444.1	3369	3248	2627	3555	3688	3718
rna-NM_017442.3	11	10	15	26	9	51
rna-NM_007284.3	3073	2749	2894	3810	3286	2798
rna-NM_144641.3	480	286	385	702	587	416
rna-NM_025222.3	5842	8228	6002	6924	6674	8842
rna-NM_145262.3	83	121	103	129	121	80
rna-NM_001321127.1	81	100	68	100	112	95
rna-XM_024453642.1	72	8	15	90	49	33
rna-XM_017006129.1	52	47	82	35	53	60
rna-XM_011534149.3	4737	6275	5799	6124	5710	6514
rna-NM_003280.2	6	12	8	22	10	7
rna-NM_007184.3	1289	2423	2325	1405	1499	1494
rna-XM_005265105.5	0	0	0	3	0	0
rna-NM_002218.4	7	3	0	10	0	3
rna-NM_205853.3	4	8	15	13	9	9
rna-NM_001198974.2	1	8	0	2	2	1
rna-NM_198563.2	954	1176	1016	1145	971	811
rna-XM_006713204.3	883	802	581	854	1501	969
rna-NM_052859.3	787	1564	1067	988	757	675
rna-NM_001354676.1	1043	1286	1330	1061	1248	933
rna-XM_017005998.1	6	0	0	11	5	2
rna-NM_001134231.1	3112	3546	4016	3921	2344	3304
rna-XM_011533729.2	108	214	150	195	119	92
rna-XM_017006725.1	1263	1124	831	946	1938	1377
rna-NM_014366.4	2050	3278	2068	1944	2851	1565
rna-NM_001278281.1	1206	1724	1451	1293	1407	1585
rna-NM_014041.3	2245	4425	3834	2857	2308	2998
rna-XM_017007085.1	650	1085	754	562	722	768
rna-NM_018403.6	1296	1572	1001	996	1541	1348
rna-XM_011534094.2	7	19	29	16	4	6
rna-XM_006713250.4	176	1156	915	268	4	560
rna-XM_005265310.5	152	404	296	229	178	334
rna-XM_005265587.5	814	1130	881	1093	1303	1452
rna-XM_011534054.1	32184	61154	70081	29148	17131	17548
rna-NM_021237.4	1852	2337	2113	2344	1586	2786
rna-XM_017007127.1	909	287	358	786	1192	558
rna-NM_020678.3	0	0	0	0	0	0
rna-NM_018398.2	11	12	12	16	10	5
rna-XM_017006138.1	62	64	60	28	20	9
rna-NM_001353147.1	109	74	91	83	159	63
rna-XM_005264999.2	1494	2151	1715	1214	3195	1839
rna-NM_001128615.1	539	785	858	480	676	936
rna-NM_181727.1	6	5	14	2	3	4
rna-NM_017563.4	613	1815	1185	388	253	577
rna-XM_005265526.4	30	52	41	43	31	70
rna-NM_012096.2	1604	3672	2971	1314	1825	2024
rna-NM_001142733.2	11	14	17	8	8	15
rna-NM_001291661.1	6	0	0	0	12	10
rna-NM_177966.6	1048	2239	1559	1150	1137	1213
rna-XM_005265456.4	2108	2337	2202	1871	2998	3701
rna-NM_001660.3	11494	11886	9827	12420	9738	12018
rna-NM_152678.2	580	1693	1171	770	628	1199
rna-XM_017007608.1	6	0	0	6	27	7
rna-XM_005265334.4	651	824	794	739	664	1000
rna-NM_001098783.2	445	960	618	519	565	516
rna-NM_001348712.1	231	275	261	324	286	482
rna-NM_001164317.1	15514	36033	25606	13900	16955	20524
rna-NM_001349492.1	1060	1060	1029	1072	1124	903
rna-NM_000925.3	2430	3530	2847	2737	2823	2700
rna-NM_001128214.1	349	725	549	365	350	300
rna-NM_003500.3	50	174	77	44	12	27
rna-XM_011533348.2	0	0	0	0	2	1
rna-NM_001282714.1	7	5	3	5	2	0
rna-XM_006713013.3	73	54	48	105	155	93
rna-XM_017005881.2	26	15	16	48	42	66
rna-XM_017007358.2	5	3	10	4	2	4
rna-XM_017006961.2	2735	6236	5136	1914	1315	3655
rna-NM_001291941.1	208	39	65	323	397	129
rna-NM_025075.3	783	1863	1537	1017	855	709
rna-NM_001177387.1	858	789	574	761	1462	920
rna-NM_001271779.1	1835	3252	2361	2087	1893	1802
rna-XM_011533432.2	441	1617	1253	328	257	213
novel.225.1	61	21	30	42	28	0
rna-NM_182920.1	291	430	171	383	443	484
rna-NM_001033057.1	746	1179	822	498	585	1204
rna-NM_032505.2	42	25	29	29	76	100
rna-NM_173471.3	239	261	243	349	353	272
rna-NM_015541.2	4919	27172	25156	2480	125	5027
rna-NM_001177599.1	923	1410	1073	934	960	678
rna-XM_011533602.1	225	119	125	190	473	188
rna-XM_011534056.3	1010	838	1144	496	1746	708
rna-NM_003968.3	2132	3238	2944	2461	2505	3118
rna-XM_017005989.1	72	139	60	43	29	57
rna-NM_006407.3	4030	9989	10203	4250	3511	7761
rna-NM_001354604.1	720	523	537	627	570	773
rna-NM_001244810.1	729	541	473	668	660	379
rna-NM_001134651.1	76	350	325	76	23	124
rna-NM_012234.6	1192	1207	972	946	1175	1044
rna-NM_018130.2	826	926	743	965	919	1202
rna-NM_001080393.1	178	871	686	133	17	169
rna-NM_174907.3	3557	3241	3194	3145	4499	4512
rna-NM_018029.4	11	5	18	4	18	9
rna-NM_015009.2	362	676	689	308	228	678
novel.201.1	132	129	69	75	162	55
novel.226.1	260	315	255	278	212	146
novel.226.2	34	37	53	87	78	64
novel.227.1	0	0	0	0	0	0
novel.202.1	2	0	12	36	16	61
novel.202.2	69	0	10	49	23	0
novel.202.3	55	10	9	73	145	39
novel.202.4	28	0	2	24	72	3
novel.202.5	61	16	10	59	82	22
rna-XM_011533244.3	20	4	8	37	63	21
rna-XM_011533981.2	28	24	31	28	53	30
rna-XM_011533976.1	889	1927	1987	735	1330	1352
rna-NM_000158.3	12969	43076	46233	14186	2835	34302
rna-XM_017006062.2	3	0	0	6	0	8
rna-NM_016206.3	1651	115	171	758	1499	309
rna-XM_011533576.2	1710	1216	1021	1541	2093	1838
rna-NM_001322209.1	2	0	0	3	0	0
rna-NM_001195308.1	3868	4242	3473	4108	4849	4839
rna-XM_017006789.2	540	792	715	392	1003	730
rna-NM_173824.3	1029	1131	853	1176	1181	1101
rna-XM_017007609.2	10	3	2	14	10	18
rna-NM_005233.5	1509	6404	4976	1225	86	3630
novel.228.1	0	0	0	0	0	1
novel.228.2	5	4	4	9	8	3
rna-NM_001314077.1	637	369	612	574	1010	1087
rna-XM_011512842.2	0	0	0	0	3	0
rna-NM_001174150.1	925	703	565	747	1159	504
rna-XM_011512537.3	126	173	193	134	123	106
rna-NM_022072.4	324	255	246	254	406	280
rna-NM_001323513.1	392	366	321	376	610	444
rna-XM_006713592.3	50	9	12	30	34	13
rna-NM_153605.3	444	765	680	216	751	318
rna-NM_153182.3	970	1238	943	1002	1355	787
novel.203.4	0	0	0	20	3	0
novel.203.1	9	0	0	0	13	0
novel.203.3	8	0	0	24	10	0
novel.203.2	1	0	0	0	0	76
rna-NM_001040182.1	2976	4271	3550	2473	2694	3280
rna-NM_000097.5	1547	1995	1755	1419	1769	1391
novel.204.1	270	89	45	173	229	41
novel.229.1	47	19	10	12	61	8
novel.230.1	121	6	8	87	79	82
novel.230.2	79	0	0	40	126	62
novel.230.3	243	11	21	371	508	214
novel.230.4	87	5	7	75	175	36
rna-NM_001271145.1	308	99	98	227	299	343
rna-NM_080927.3	15411	15944	13412	11765	17082	12987
rna-NM_001850.4	4296	441	449	2019	3379	1552
rna-NM_032359.3	855	1451	891	1042	919	572
rna-NM_182909.3	717	625	852	516	497	733
rna-NM_001199198.2	1868	1820	1814	1249	1753	1369
rna-NM_020202.4	398	708	524	429	451	236
rna-NM_014820.4	3198	3439	2840	2684	3070	2172
rna-NM_001085451.1	108	159	159	158	88	142
rna-XM_017006715.2	1851	6227	4756	1323	344	2343
rna-NM_032787.2	0	0	2	0	0	0
rna-NM_001007565.2	5000	4746	4281	5131	5264	3980
rna-XM_005247281.3	79	94	55	80	49	40
rna-NM_016247.3	0	8	6	0	4	10
rna-XM_011513038.3	214	312	318	135	266	181
rna-NM_017819.3	1006	1079	845	941	1160	651
rna-NM_020357.2	5031	6822	6168	5271	5312	6983
rna-NM_024548.3	756	486	461	490	949	590
rna-NM_014415.3	1335	971	974	1124	1947	1541
rna-NM_000986.3	13208	16940	15765	16713	9258	12608
rna-XM_011513341.3	10	20	20	13	30	22
rna-NM_001348992.1	1249	2249	2293	1319	1196	1451
rna-NM_031419.3	1699	276	419	2217	6430	3534
rna-NM_175056.1	6	0	3	9	10	18
novel.231.6	0	1	1	1	0	1
novel.205.2	0	1	0	0	0	3
novel.231.1	192	306	571	108	0	421
novel.231.2	168	367	572	48	0	157
novel.231.3	8	38	39	24	0	51
novel.231.4	23	73	88	20	2	52
novel.231.5	34	61	94	41	0	50
novel.205.1	133	335	315	169	3	279
rna-NM_001627.3	7216	4574	4708	4631	7343	7116
rna-NM_001321786.1	829	328	348	825	927	714
novel.232.2	0	0	0	0	128	273
novel.232.8	0	40	21	74	121	317
novel.232.1	44	45	34	76	10	239
novel.232.3	11	0	0	66	0	82
novel.232.5	4	8	4	0	3	39
novel.232.4	1	6	4	8	5	38
novel.232.6	9	13	1	0	14	58
novel.232.7	2	11	4	22	13	48
novel.206.1	916	636	761	997	1361	831
novel.206.2	62	75	0	0	137	149
rna-NM_032600.2	5	0	1	2	2	5
rna-XM_024453644.1	3949	2721	2493	2292	4989	3295
rna-NM_001777.3	2688	3066	2999	2376	2918	1972
rna-NM_018010.3	672	1311	1097	691	574	675
rna-XM_011512363.2	6	2	0	2	0	0
rna-NM_014981.1	17	0	0	16	23	75
rna-NM_020890.2	701	335	178	423	892	186
rna-NM_014648.3	628	418	352	329	947	286
rna-NM_198196.2	0	0	0	0	0	6
rna-NM_024508.4	20	0	6	21	6	8
rna-XM_011512663.1	1157	936	740	928	1144	1829
rna-NM_001185106.1	66	3	5	32	63	30
rna-NM_001134438.1	1116	451	380	597	1127	441
rna-NM_018394.3	1012	915	829	1052	1025	720
rna-NM_013259.2	14	2	0	11	10	0
rna-XM_011512754.1	3	0	2	0	0	0
rna-NM_001171747.1	158	22	31	134	191	26
rna-XM_011512627.3	10	1	3	6	15	2
rna-NM_183061.2	2	0	0	0	0	0
rna-XM_005247481.4	60	2	10	44	34	9
rna-XM_011512447.3	2	0	0	2	4	12
rna-NM_022488.4	2474	1989	1560	2329	2365	1660
rna-NM_001348906.1	1387	796	713	1484	1880	1509
rna-NM_199512.2	3546	786	849	1949	2112	483
rna-NM_014170.2	272	253	226	336	323	261
rna-NM_015412.3	1293	1725	1406	1255	1136	1073
rna-XM_017007620.2	0	0	0	0	2	0
rna-XM_017007446.1	821	4749	3320	973	5	2483
rna-NM_001164496.1	61	28	73	38	236	44
rna-NM_001331079.1	592	850	729	408	566	329
rna-NM_001322294.1	10	0	0	11	23	6
rna-XM_017005871.1	364	473	447	305	498	544
rna-NM_025146.3	6992	8479	6441	6246	6828	7004
rna-NM_001690.3	3366	3645	3819	3477	4699	5234
rna-NM_017577.4	467	89	90	231	316	162
rna-NM_001320466.1	243	211	180	264	481	312
rna-NM_020817.1	31	14	33	35	65	27
rna-NM_001256835.1	858	958	623	884	1247	694
rna-XM_024453388.1	0	175	306	0	61	0
rna-NM_001348800.1	923	2962	3311	1184	614	3732
rna-NM_001130064.1	45	222	168	67	2	210
rna-NM_001318915.1	1211	4135	3997	1903	5	5611
rna-NM_001353318.1	2	18	23	6	0	11
rna-XM_006713798.3	676	728	616	631	770	566
rna-NM_020754.3	933	840	902	1113	1580	2993
rna-NM_018266.2	2051	1083	947	1942	2004	1386
rna-NM_152305.2	802	525	496	802	1025	1237
rna-NM_016589.3	1623	2318	1889	2038	1940	1987
rna-XM_011512438.2	22	6	8	23	72	35
rna-NM_015900.3	28	3	5	13	7	0
rna-NM_022135.3	9	6	7	22	4	13
rna-NM_005694.1	319	615	504	549	303	590
rna-NM_033364.3	28	2	4	19	35	15
rna-NM_022002.2	2	0	0	0	0	0
rna-NM_002093.3	3925	3602	3124	3520	4524	4098
rna-XM_005247165.3	40	20	14	19	27	4
rna-NM_001099678.1	2628	3430	2691	1479	3082	1814
rna-NM_007085.4	9961	5364	4453	7122	7766	2559
rna-NM_000187.3	0	0	11	0	6	0
rna-NM_004547.5	2323	5123	4060	3037	1955	2775
rna-XM_017006227.2	713	1570	1188	637	564	795
rna-NM_005513.2	632	869	787	684	886	692
rna-XM_011512347.2	361	272	108	166	551	64
rna-NM_001256486.1	1109	935	1525	656	2439	601
rna-NM_001319107.1	455	698	435	459	625	259
rna-XM_005247618.3	79	44	41	65	89	36
rna-NM_021082.3	11	12	0	0	42	5
rna-NM_001199799.1	2	0	0	0	0	2
rna-NM_005213.3	0	0	0	2	0	2
rna-NM_001017928.3	271	554	440	226	286	168
rna-NM_014367.3	3833	10759	9410	2538	1607	3883
rna-NM_019069.3	129	213	228	174	220	102
rna-NM_002264.3	3876	3402	2845	4686	4710	5821
rna-NM_001113523.2	6	0	3	0	0	0
rna-NM_031458.2	6644	5266	3801	5284	8289	4863
rna-NM_138287.3	9729	6605	4999	8421	12792	7127
rna-NM_017554.2	8500	4253	3870	5102	11535	8130
rna-NM_024610.5	341	123	104	270	382	196
rna-NM_032839.2	569	569	473	657	538	468
rna-NM_001256347.1	15	263	258	13	0	4
rna-NM_006810.3	1645	2331	2179	1502	1748	1577
rna-NM_012430.4	564	666	531	661	579	339
rna-XM_005247077.4	101	69	99	96	70	84
rna-XM_005247710.4	589	519	434	421	780	231
rna-NM_001329783.1	2944	4272	3686	2856	3316	3362
novel.207.1	848	177	609	1	541	0
novel.207.2	464	1208	783	828	0	349
rna-XM_024453532.1	2460	3184	2347	1537	978	737
rna-XM_006713810.3	221	143	146	104	119	81
rna-NM_000373.3	1703	3216	2902	2124	1320	1621
novel.233.1	527	1834	4252	1216	14	459
novel.233.2	1	0	9832	1	0	0
novel.233.3	5062	19586	13920	5016	32	2845
novel.233.4	0	0	0	0	0	0
novel.233.6	184	473	479	301	0	167
novel.233.5	69	226	164	228	0	129
novel.233.7	314	833	339	684	0	442
novel.233.17	732	2048	206	147	0	0
novel.233.18	660	2367	1553	949	0	0
novel.233.12	623	1907	1496	1259	0	818
novel.233.9	314	996	1123	738	0	342
novel.233.19	542	1868	1891	871	0	564
novel.233.16	115	180	264	130	0	103
novel.233.10	155	409	432	301	0	155
novel.233.13	94	401	32	80	0	219
novel.233.8	129	483	137	104	0	0
novel.233.15	96	152	352	103	0	87
novel.233.14	77	309	47	54	0	162
novel.233.11	62	204	146	164	0	445
rna-NM_002213.4	13388	25189	27452	18575	5384	31139
novel.234.1	4	0	6	4	0	14
rna-NM_024628.5	442	66	89	342	191	76
rna-XM_005247666.1	8518	3480	3931	6676	6706	4781
rna-NM_001348426.2	2459	2301	2214	1758	2693	2404
rna-XM_017007414.2	1201	1522	1231	1178	1169	984
rna-NM_022776.4	1231	1093	987	1119	1454	1551
novel.208.1	29	4	9	12	15	0
rna-NM_001308313.1	0	0	2	3	2	4
novel.209.1	20	24	23	31	48	14
rna-XM_017005844.2	19	11	19	23	21	7
rna-XM_005247559.1	1248	1845	1723	1618	1056	1279
rna-NM_001270364.1	52	91	65	58	25	14
rna-XM_011512743.2	107	96	115	170	33	129
rna-XM_006713623.2	0	0	0	0	0	0
rna-XM_011513342.2	6	0	0	0	2	0
rna-NM_025112.4	771	899	744	666	630	653
rna-NM_152889.2	4	0	0	4	3	0
rna-NM_001039783.1	0	0	0	0	0	0
rna-NM_052883.1	254	355	334	287	300	175
rna-NM_001320610.1	466	529	441	606	557	430
rna-XM_011512908.2	2892	3338	2693	2933	3601	3171
rna-NM_015720.3	318	1467	1133	461	302	411
rna-XM_006713769.3	1147	473	727	1354	1074	896
rna-NM_001353005.1	2389	1460	1412	2375	2177	1315
rna-NM_004526.3	9152	7602	3479	10507	8785	2935
rna-XM_011512377.2	3907	2010	1741	4659	5190	4946
rna-XM_024453692.1	574	879	699	681	430	462
rna-NM_032638.4	649	197	215	534	630	541
rna-NM_013336.3	14742	20889	16740	18863	13645	13600
rna-XM_017007356.2	2399	3353	2107	2895	2641	1873
rna-NM_002950.3	20587	18798	15853	23804	18794	17579
rna-NM_004637.5	10989	11553	10409	13328	12577	13669
rna-XM_005247781.4	0	0	0	0	0	0
rna-NM_014049.4	1941	2503	2094	2187	2128	1326
rna-XM_017006941.2	33	18	22	38	27	10
rna-NM_001204883.1	1786	2030	1912	2279	1721	4601
rna-NM_001204890.1	1562	1220	1363	1669	1574	1698
rna-NM_001199469.1	1620	1741	1490	1772	1633	1289
rna-NM_001127192.1	11698	14309	12240	13114	11549	11520
rna-NM_020187.2	1741	2114	1801	1923	1636	1369
rna-NM_016128.3	6402	8253	6561	7378	6104	5646
rna-NM_006026.3	5278	7274	6257	6161	4211	2568
novel.235.2	0	14	75	159	23	0
novel.235.3	0	13	29	0	0	164
novel.235.1	84	57	88	6	22	97
novel.235.4	2	55	15	45	2	79
novel.235.5	8	11	5	1	7	6
novel.235.6	67	0	36	35	61	42
novel.235.7	16	6	33	35	87	26
novel.236.1	25	10	18	41	56	12
rna-XM_011513293.2	18	3	14	12	9	12
rna-NM_003925.2	1256	957	773	1197	1455	843
rna-NM_052985.3	529	1083	1031	569	410	388
rna-NM_015103.2	3798	9791	8665	4246	1454	5851
rna-NM_007117.4	0	0	0	0	0	0
rna-XM_017005933.1	580	1549	1241	551	549	809
novel.210.1	27	36	30	13	22	6
rna-NM_001136152.1	0	2	0	4	0	0
rna-NM_014602.2	1480	1655	1258	1248	1825	1204
rna-XM_005247354.2	3531	3315	2824	2868	4508	3310
rna-NM_001288950.1	158	132	110	199	166	125
rna-NM_001353022.1	203	105	113	200	344	246
rna-NM_001171906.1	181	226	163	158	145	59
rna-NM_007208.3	2771	4723	3180	2928	2760	2034
rna-NM_001134194.1	2	0	0	0	0	3
rna-XM_024453338.1	3	4	8	8	0	0
rna-NM_001329126.1	1847	1603	1441	1227	3102	2089
rna-NM_153240.4	150	194	175	71	221	75
rna-NM_032169.4	289	515	400	279	387	243
rna-NM_016557.3	5	0	4	2	8	2
rna-NM_024818.4	633	1313	1043	745	967	629
rna-NM_023943.3	51	67	52	62	13	76
rna-XM_005247588.5	4949	5211	4402	4993	5978	4752
rna-NM_001063.3	0	0	5	0	7	2
rna-NM_007027.3	2045	1538	1078	1286	3225	1511
rna-XM_024453862.1	5	4	0	4	7	4
rna-NM_021203.3	2067	2101	1593	2903	2723	2161
rna-NM_016577.3	849	1267	1215	1136	1397	1250
rna-NM_005630.2	12	24	17	0	3	17
rna-NM_001005861.2	2528	3272	2750	2486	2568	2375
rna-NM_001278683.1	6618	10818	5866	4330	3375	1675
rna-NM_001242374.1	1593	1819	1442	1844	1584	1893
rna-XM_024453768.1	335	465	373	318	357	359
rna-XM_017006287.1	2	0	0	0	0	0
rna-XM_017005866.2	13	3	4	21	28	22
rna-NM_002718.4	859	733	788	604	1221	664
rna-NM_018133.3	1158	1051	975	1110	1384	1296
rna-NM_001178014.1	1016	2214	1576	1239	968	883
rna-NM_005862.2	1515	1347	1131	1334	2232	1809
rna-NM_025246.2	757	478	446	696	579	364
rna-NM_001291999.1	1359	1314	1085	1221	1311	1179
rna-XM_011512910.3	88	36	47	166	43	49
rna-NM_001002026.2	9	4	3	3	7	0
rna-XM_011512518.2	105	89	75	134	160	65
rna-NM_016216.3	766	584	431	743	910	477
rna-XM_006713564.4	1102	1055	851	1089	1542	1023
rna-XM_017006306.2	12	28	31	4	7	18
rna-NM_012219.4	772	1217	1317	1556	929	3145
rna-NM_031913.4	30	4	9	33	27	4
rna-XM_017007271.1	272	322	291	262	302	195
rna-XM_011512950.3	91	148	72	95	155	74
rna-NM_006219.2	1265	1692	1368	1386	1272	1387
rna-NM_023067.3	108	10	30	158	194	178
rna-XM_024453518.1	0	2	0	0	4	0
rna-NM_022131.2	59	4	9	42	104	43
rna-NM_004164.2	0	2	0	0	0	0
rna-NM_002899.3	0	0	0	0	0	0
rna-NM_020191.2	1629	1653	1375	1537	1633	1256
rna-NM_004766.2	7248	8655	6897	7064	7239	6905
rna-NM_001320510.1	8	62	35	9	0	12
rna-NM_001104647.1	2712	3103	2694	1779	3291	3350
rna-NM_080862.2	24	93	68	30	0	37
rna-NM_152282.4	1288	538	417	1306	1639	676
rna-XM_017006050.2	8370	3261	2292	6282	9855	7491
rna-XM_017006968.1	549	444	301	330	962	333
rna-NM_014245.4	1627	2531	2110	2063	1647	1963
rna-NM_001039547.2	330	441	261	281	487	216
rna-XM_011512919.2	951	1180	954	599	1395	653
rna-NM_001679.3	10027	10894	8939	13075	12958	18870
rna-XM_005247731.3	1294	1920	2209	1423	1152	2580
rna-XM_011512924.1	505	826	594	330	797	403
rna-NM_001145319.1	1389	1332	1103	1328	1325	1243
rna-NM_001251845.1	502	374	409	499	824	713
rna-NM_013363.3	241	348	266	302	218	209
rna-NM_198504.2	28	12	4	31	33	17
novel.211.1	8	25	33	13	5	21
rna-NM_001080415.1	1667	1538	1093	1200	2914	975
rna-NM_004267.4	1315	1692	1487	1630	889	1230
rna-NM_173653.3	180	20	38	106	122	78
rna-NM_173552.3	1074	1343	911	653	1076	653
rna-NM_020353.2	273	101	95	234	347	184
rna-XM_017006903.2	0	0	0	0	16	4
novel.237.1	14	23	16	17	31	51
rna-NM_182943.2	15505	18134	18643	12888	23290	34599
rna-XM_017006628.1	9049	3966	3026	7801	10194	4909
rna-NM_001168378.1	4	20	8	13	6	4
rna-NM_003412.3	433	327	251	268	221	139
rna-NM_031850.3	84	10	17	86	89	73
rna-NM_001870.3	13	3	0	8	8	0
rna-NM_004130.3	1541	1394	1243	1586	1824	954
rna-XM_011513091.2	3594	3046	2616	2173	4350	3082
rna-NM_032383.4	2470	3046	2985	2162	2507	2283
rna-XM_011512435.2	347	689	1092	387	863	651
rna-NM_138786.3	251	340	269	635	1568	1629
rna-XM_017006385.2	4027	3888	3498	4413	8158	6733
rna-NM_004617.3	9	0	0	4	8	2
rna-NM_001144960.2	4	0	0	0	0	22
rna-NM_001348362.1	5555	13471	12260	4722	6958	7710
rna-NM_016094.3	1418	1622	1501	1400	1308	916
rna-NM_007282.4	1999	1675	1884	1797	2140	2005
rna-NM_002628.4	3146	9279	7193	3111	2684	2238
rna-NM_001079809.1	194	278	243	271	220	297
rna-NM_014779.3	762	703	632	541	1018	573
rna-NM_014445.3	4590	5202	4329	5429	3918	4279
rna-NM_032025.4	2591	3980	3314	2684	2349	1906
rna-NM_016275.4	2648	2953	2583	3110	2981	3386
rna-NM_001351281.1	0	0	1	2	0	1
rna-NM_005067.6	2002	3285	2353	2030	1540	1989
rna-XM_005247402.3	0	0	0	3	0	0
rna-XM_011513340.3	0	4	0	0	2	3
rna-NM_176894.2	0	0	0	0	0	0
rna-NM_022788.4	0	2	0	0	0	1
rna-NM_207365.3	0	0	0	1	1	0
rna-NM_001086.2	0	0	0	0	4	0
rna-XM_017005676.1	393	378	275	271	302	397
rna-NM_023915.3	24	10	6	26	32	6
rna-XM_011512708.2	119	21	33	165	452	370
rna-NM_033050.5	2	0	0	4	12	4
rna-XM_006713639.1	3176	1793	1897	2517	5490	3410
rna-NM_002563.4	88	21	21	37	28	10
rna-NM_002886.3	1139	653	814	923	1286	876
rna-NM_001251962.1	171	112	99	86	113	66
rna-NM_020865.2	1465	1289	1033	1064	1940	1252
rna-NM_001354642.1	887	202	178	391	381	147
rna-NM_001308229.1	92	203	120	115	76	59
rna-XM_011512562.3	131	1211	792	90	11	110
rna-NM_001190992.1	1269	1791	1564	1463	1211	1555
rna-XM_011513263.2	4298	6032	4252	3828	3910	2595
novel.238.1	5	23	27	9	9	14
rna-NM_172160.2	27	54	38	13	6	17
rna-NM_001308197.1	8639	15008	11255	8513	6684	5078
rna-NM_015508.4	2601	4295	2621	2978	3641	3529
rna-XM_006713631.3	4	0	10	16	11	6
rna-NM_020307.3	705	546	380	572	2122	760
rna-NM_001130002.2	20	4	4	23	50	30
rna-NM_003030.4	231	316	261	244	161	154
rna-NM_001271838.1	425	637	642	485	601	643
rna-XM_011513134.2	13	10	9	13	18	7
rna-NM_002852.3	15935	729	1101	15025	19566	10384
rna-NM_001195432.1	972	499	566	1001	1048	661
rna-NM_001308164.1	2077	2437	1840	2075	2333	1856
rna-XM_017006876.1	6	0	0	2	4	0
rna-XM_005247686.5	6	2	0	4	25	8
rna-NM_022736.2	1374	1326	1176	1393	1490	1314
rna-NM_000882.3	105	34	13	91	89	36
rna-NM_001168214.1	19	10	10	11	18	12
rna-NM_001042705.2	0	1	0	0	0	0
rna-NM_001197113.1	0	3721	0	0	0	0
rna-NM_014575.3	2490	0	3931	3057	910	8052
rna-NM_020800.2	717	995	1039	392	846	494
rna-NM_001002800.2	2347	1412	1241	978	4518	641
rna-NM_173084.2	489	78	97	312	661	57
rna-NM_002268.4	3308	3001	2657	3180	4158	3349
novel.213.1	19	63	25	73	54	56
novel.213.2	43	0	28	34	64	54
novel.213.3	55	0	24	25	65	37
rna-NM_001349163.1	301	231	148	287	698	247
rna-NM_139245.3	515	379	348	346	486	264
rna-NM_001320227.1	1242	1365	1002	978	1332	899
rna-XM_017005793.2	24	50	77	64	29	69
rna-NM_001318811.1	70	27	21	81	72	125
rna-NM_000055.3	89	377	351	111	22	234
rna-XM_011513145.3	6	0	0	0	0	0
rna-XM_005247086.5	1597	1803	1497	1600	2179	1657
rna-NM_001122752.1	112	46	37	113	162	195
rna-XM_005247364.3	804	942	976	603	1098	739
rna-XM_005247213.3	254	301	233	127	213	237
rna-NM_032487.4	88	5	16	118	173	103
rna-NM_001172779.1	17	5	8	14	20	5
rna-XM_011512748.2	6	4	0	0	0	0
rna-XM_017006864.2	780	754	615	746	990	868
rna-NM_003262.3	3472	3372	3720	3075	4605	4086
rna-NM_014373.2	262	215	177	218	171	100
rna-XM_005247789.3	767	818	802	508	1172	532
rna-NM_002740.5	2640	1918	1743	1853	3120	1958
rna-XM_006713735.1	1194	601	816	1055	2233	1481
rna-NM_005602.5	1010	156	179	721	613	242
novel.239.1	5	0	0	0	10	9
rna-NM_020949.2	19	0	0	20	16	4
rna-NM_001099645.1	1381	1274	884	1435	853	924
rna-NM_020390.5	951	390	366	551	781	296
rna-NM_015028.3	292	1082	828	288	71	467
novel.214.1	18	24	15	21	10	6
rna-XM_005247533.2	678	800	594	618	709	369
novel.240.1	56	18	13	46	35	14
rna-NM_198407.2	4	0	0	2	7	3
rna-NM_022763.3	6330	3843	3174	5866	8001	12099
rna-NM_003810.3	1425	447	535	1010	1150	523
rna-NM_001146276.1	3156	1586	1381	2730	3637	4657
rna-NM_001349094.1	2705	2389	1345	1974	4435	2790
rna-XM_017005893.1	50	231	167	32	10	29
rna-XM_011512612.3	6	29	16	11	4	3
rna-NM_024665.5	3517	4477	4818	3198	3374	4507
rna-NM_022470.3	905	1349	1444	847	1222	1512
rna-XM_006713658.4	945	923	831	617	1254	955
rna-NM_014407.3	7	10	11	7	16	16
rna-XM_017006551.1	1715	1757	1555	1710	1887	2305
rna-NM_033540.2	1032	974	898	769	1555	1070
rna-NM_021629.3	1666	2416	1467	1006	1946	739
rna-NM_003940.2	918	1088	735	657	899	246
rna-NM_004301.4	2193	2746	1854	2604	2543	1860
rna-NM_020409.2	1603	1731	1324	1983	1695	1439
rna-NM_002492.3	1991	3697	3175	2617	1977	2846
rna-XM_024453590.1	41	15	11	14	45	11
rna-NM_133462.3	328	262	232	296	593	323
rna-NM_181426.1	8	12	16	9	47	9
rna-XM_005247813.3	4850	5053	4916	3911	4735	4445
rna-NM_145261.3	478	991	722	670	384	474
novel.215.1	107	701	569	96	0	42
novel.215.2	33	104	215	4	0	64
rna-NM_003106.3	2595	12191	13457	3816	12	11419
novel.216.1	26	99	74	21	0	32
rna-NM_014616.2	1781	3242	3058	1361	1809	2461
rna-XM_011512912.2	420	449	359	415	521	424
rna-NM_020166.4	1860	1537	1327	1585	1892	1774
rna-XM_005247360.5	632	72	66	700	1266	965
rna-NM_015078.3	72	47	53	51	109	73
rna-XM_011513227.2	911	1045	776	877	2309	1175
novel.217.3	0	0	0	0	0	10
novel.217.1	93	258	168	233	174	331
novel.217.2	112	30	125	62	77	0
rna-XM_024453607.1	2296	2237	2222	1628	2343	2872
rna-NM_024871.2	303	1124	764	256	168	190
rna-XM_005247582.5	1106	2303	1743	1365	1245	1434
rna-NM_001351370.1	5456	9046	6221	3692	5294	4943
rna-NM_005688.3	1671	867	830	1600	2188	1879
rna-NM_003907.2	1902	2447	2065	2137	2341	2307
rna-XM_005247172.2	5118	6553	6073	5905	4435	5960
rna-NM_018358.2	2519	3211	3088	2996	2343	2386
rna-NM_001311198.1	17518	30337	26891	20882	14627	17866
rna-NM_014693.3	0	1	1	2	1	2
rna-NM_001100120.1	0	0	0	0	0	0
rna-XM_011513289.2	78	221	267	128	43	143
rna-NM_005787.5	1677	2601	1884	2636	1694	1754
rna-NM_032331.3	725	777	586	832	616	448
rna-NM_033259.2	236	251	161	253	206	205
rna-NM_002808.4	12944	20606	16355	12881	11319	13467
rna-NM_144635.4	1263	1015	1037	1465	1100	966
rna-NM_004366.5	333	675	570	227	198	183
rna-XM_006713666.3	2890	4016	3114	3427	3370	3121
rna-NM_001290003.1	0	18	23	5	0	4
rna-XM_017007388.1	102	180	342	113	8	137
rna-NM_004443.3	431	1651	1666	532	138	656
rna-NM_001194946.1	22577	31055	22468	21764	23276	21888
rna-NM_022149.4	2249	3567	3248	2485	1824	2226
rna-XM_024453863.1	11	70	79	37	7	21
rna-NM_001349294.1	1180	1917	1680	1405	1421	2277
rna-NM_001025266.2	9	13	13	6	6	0
rna-NM_001966.3	171	190	208	141	195	88
rna-XM_017007456.1	149	293	225	149	174	152
rna-NM_080652.3	1846	1476	1161	2270	1998	3223
rna-NM_139248.2	172	77	130	227	145	218
rna-NM_021627.2	2386	2813	2320	2656	2659	3684
rna-NM_001291869.2	4579	6400	5433	4481	3316	4611
rna-NM_004593.2	2920	4609	3287	2970	3237	2106
rna-NM_001346.2	38	183	76	39	8	24
rna-NM_017541.3	17	0	14	3	20	6
rna-NM_004454.2	3712	5330	2000	4218	3501	3254
rna-NM_001134415.1	451	577	483	511	559	543
rna-NM_016306.5	4617	4325	3684	6443	4378	5577
rna-NM_001177800.1	3	0	0	0	0	0
rna-NM_173216.2	192	138	192	188	162	66
rna-NM_052969.2	279	56	49	250	197	45
rna-XM_011512989.2	6	2	4	14	2	4
rna-NM_022147.2	171	64	80	176	391	66
rna-NM_001967.3	15321	19751	17552	13305	16687	11894
rna-NM_181573.2	1015	1185	700	1007	1060	414
rna-NM_001706.4	2000	2412	2774	2281	1786	5654
rna-XM_024453479.1	21	103	77	13	2	11
rna-NM_003722.4	2	8	7	0	9	7
novel.218.1	4	0	0	8	0	0
rna-XM_011512823.2	810	873	613	793	1090	1408
rna-NM_018192.3	2082	840	906	2138	1714	2853
rna-NM_006580.3	93	8	12	122	90	36
rna-NM_021101.4	16955	1231	2589	16767	26504	17759
novel.242.1	37	0	3	39	19	10
rna-NM_001167931.1	657	1576	680	452	365	732
rna-NM_001146686.2	15	0	0	15	18	2
rna-NM_178335.2	4109	7027	5322	4801	4244	8918
rna-NM_021032.4	82	190	135	170	105	173
rna-NM_178496.3	242	455	323	335	230	278
rna-NM_198505.3	0	5	6	0	0	3
rna-XM_011513034.1	33	144	92	20	5	9
rna-NM_130837.2	1335	3464	2967	991	1426	758
rna-NM_005524.3	526	841	614	594	1145	313
rna-XM_005269280.4	6	0	2	4	0	0
rna-NM_001135057.2	43	15	12	48	48	4
rna-XM_011513120.2	3071	4813	3048	2083	3588	2589
novel.243.1	118	23	46	220	386	174
rna-XM_024453860.1	0	2	1	5	1	5
rna-NM_153690.4	390	608	490	536	429	870
rna-XM_011513320.2	1069	883	733	1164	1044	781
rna-NM_018385.2	1885	2395	1459	2270	2296	2397
rna-NM_152531.4	826	2591	1799	1024	663	1208
rna-XM_017006046.1	1502	1349	1406	1204	1992	1245
rna-NM_001291504.1	1674	2318	2041	1601	1947	1261
rna-NM_001647.3	35	4	6	26	29	12
novel.219.1	1	0	6	1	18	12
novel.219.2	47	20	22	25	20	77
novel.219.3	72	53	49	38	70	16
rna-NM_001282506.1	1	1	4	2	1	6
rna-NM_018406.6	0	0	1	1	1	0
rna-XM_011512317.3	2324	3141	3400	2710	1797	3496
novel.245.2	0	0	0	0	4	0
novel.247.1	0	9	0	0	3	0
novel.244.1	95	18	54	63	171	61
novel.245.1	70	37	45	39	203	55
novel.246.1	32	62	35	48	50	46
rna-XM_017007605.2	4	11	13	6	5	2
rna-NM_001039617.1	23	0	3	30	5	3
rna-NM_001128148.2	11445	22287	16973	12351	11182	16651
rna-NM_152672.5	9	18	33	13	2	16
rna-NM_001312673.1	951	1707	1262	1135	979	1188
rna-NM_001351628.1	192	338	309	305	126	201
rna-NM_001204897.1	447	95	135	740	1454	933
rna-NM_015562.1	1321	1962	1210	992	1389	1319
rna-NM_152617.3	743	806	822	637	889	802
rna-NM_001345907.1	290	357	263	307	338	312
rna-NM_001105573.1	1601	2471	1568	1426	1350	1803
rna-NM_198565.2	76	8	14	63	44	15
rna-XM_011513246.3	402	280	341	568	582	991
rna-NM_001166304.1	1049	1672	1198	1168	1281	1144
rna-NM_002577.4	5649	7539	5413	5658	6162	7242
rna-NM_152699.4	962	1251	1039	975	1297	1621
rna-NM_007362.3	2409	4786	3690	2816	2148	3271
rna-NM_001355243.1	591	1067	801	874	678	776
rna-XM_024453767.1	127	226	300	147	123	91
rna-XM_011512850.2	3033	637	925	3435	2354	2548
novel.220.1	36	32	32	53	27	34
rna-XM_011513067.3	248	285	211	305	227	212
novel.248.1	0	0	0	0	0	241
novel.248.4	0	0	0	0	0	0
novel.248.2	88	42	109	187	81	354
novel.248.3	69	147	101	159	139	117
novel.248.5	404	360	356	456	639	356
novel.249.2	0	0	5	1	3	12
novel.249.1	10	2	7	18	14	35
rna-NM_004087.2	2606	3419	3454	2762	3730	5344
rna-XM_017007622.1	1	3	2	5	9	8
rna-XM_006713827.3	1596	1467	1472	1872	2072	1825
rna-NM_032288.6	4150	8070	6633	4147	3589	5347
rna-NM_001136049.2	363	864	636	351	357	544
rna-XM_017030105.2	1	0	0	3	0	0
rna-NM_182524.3	130	161	123	138	231	110
rna-NM_001039127.5	144	45	52	86	233	47
rna-XM_017008889.1	0	0	2	0	0	0
rna-XM_005269362.3	891	923	605	826	998	1203
rna-NM_032263.4	574	2145	1402	807	152	817
rna-NM_000996.3	10677	19209	18178	13451	6348	12330
rna-NM_001137608.2	2	0	0	0	3	4
rna-XM_017008591.2	105	41	55	28	267	26
novel.268.1	65	81	70	79	122	115
rna-NM_133474.3	155	172	180	104	349	109
rna-NM_001127178.2	1692	1554	1591	1683	2110	1825
novel.250.2	0	61	36	49	0	128
novel.250.1	123	447	413	303	7	794
novel.250.3	2	44	8	69	0	149
rna-XM_011513473.3	7	8	4	16	7	16
rna-NM_007100.3	301	705	648	722	362	553
rna-XM_006713886.2	114	83	117	124	80	83
rna-XM_024454244.1	17	9	22	25	10	17
rna-NM_001317836.1	1081	1264	1001	1130	1204	1208
rna-XM_024454317.1	29	35	54	88	49	84
novel.269.1	114	120	157	405	269	233
novel.269.2	64	0	0	0	34	26
rna-NM_006651.3	18	39	44	47	27	29
rna-XM_011513425.2	2305	2479	2077	2186	2009	2147
rna-NM_032326.3	317	445	512	473	325	366
rna-NM_001347.3	1258	901	1045	1201	780	771
rna-NM_000203.4	681	694	881	717	533	635
rna-NM_022042.3	65	58	43	75	75	64
rna-XM_024454092.1	2302	7185	5369	2418	847	1475
rna-XM_005272308.3	0	0	0	4	0	0
rna-NM_001199021.1	24	0	4	40	35	17
novel.251.6	0	0	0	2	0	0
novel.251.7	0	0	0	141	0	0
rna-XM_005272261.3	3291	4065	3612	4445	3730	4058
novel.251.1	85	71	93	113	193	148
novel.251.2	171	289	248	99	149	65
novel.251.3	39	0	0	116	12	144
novel.251.4	24	103	103	71	55	169
novel.251.5	3	7	4	3	0	5
rna-XM_017008493.2	222	226	147	246	220	389
rna-NM_175918.3	112	122	211	101	153	147
rna-XM_024454295.1	0	2	2	0	0	0
rna-XM_006713849.3	1420	1190	1003	1593	1543	1330
rna-NM_001174070.2	97	16	20	162	104	60
rna-NM_006527.3	4537	2995	2081	3880	4866	2050
rna-NM_001127266.1	1708	3107	3306	2898	1593	3028
rna-XM_005247929.3	2547	2619	1183	2830	2185	1374
rna-XM_006713868.1	465	1847	1658	265	175	199
rna-NM_012318.2	1463	2759	2124	1964	2106	1840
rna-NM_001042424.2	4229	7067	4183	3833	3643	2590
rna-XM_017008589.2	1223	1547	1387	1275	1183	1176
rna-XM_011513469.3	418	429	464	714	417	481
rna-NM_178557.3	568	1183	989	786	329	682
rna-XM_024454046.1	6	0	0	0	1	2
novel.270.1	0	8	8	15	16	10
rna-NM_181808.3	33	75	43	47	52	149
rna-NM_024511.6	310	227	200	248	455	431
rna-XM_011513388.3	2833	1973	2974	3510	2624	3116
rna-XM_006713900.3	221	315	283	186	208	273
rna-NM_002938.4	2864	3514	2912	2929	2891	3107
rna-XM_024453871.1	1752	1882	1967	2367	1845	2298
rna-NM_003703.2	1496	1862	1271	1577	1711	1208
rna-XM_011513447.2	49	55	44	48	55	64
rna-XM_011513590.2	1055	1537	1263	1187	1100	1309
rna-NM_024309.3	1614	1964	1927	1780	1625	1946
rna-NM_001145856.1	2782	8057	8314	2546	1553	3075
rna-NM_001354761.1	5988	6353	6173	6372	6121	7514
rna-NM_002111.8	3246	5402	4430	2531	2984	2746
rna-NM_001042690.1	0	0	4	0	4	4
rna-XM_006713905.1	360	388	383	330	336	217
rna-XM_011513435.2	31	4	5	33	23	4
rna-NM_002337.3	3484	4301	4538	4411	3957	4191
rna-NM_000683.3	62	15	15	66	93	22
rna-NM_001297552.1	368	865	722	533	457	452
rna-XM_011513506.3	644	968	699	852	716	927
rna-NM_145291.3	73	69	57	110	159	155
rna-NM_001287763.1	24	20	33	13	3	4
rna-XM_011513480.1	625	737	463	776	628	619
rna-NM_002448.3	261	361	337	334	237	621
rna-XM_017008299.1	166	16	19	159	65	14
rna-XM_017008890.2	0	0	0	0	0	0
rna-NM_018401.2	76	16	18	63	44	12
rna-NM_147127.4	291	30	25	199	246	72
rna-NM_153717.2	762	729	654	703	787	496
rna-NM_001014809.2	862	2486	2326	1178	77	1610
rna-XM_017008586.1	2853	5766	5673	3279	1310	2992
rna-NM_020416.3	114	72	70	107	163	129
rna-NM_015274.2	1338	1762	1821	1322	1324	1278
rna-NM_005980.2	0	2	9	0	0	0
rna-NM_033296.2	9824	21497	18834	12290	8032	14314
novel.271.1	56	469	515	317	41	79
novel.271.2	216	704	555	56	265	161
novel.252.1	247	775	518	115	89	331
novel.252.2	73	269	219	93	72	243
rna-NM_203462.2	1445	2054	1866	1511	1435	1736
rna-NM_018366.2	407	686	562	545	511	519
rna-XM_024454289.1	445	1206	1021	363	476	515
rna-XM_011513508.1	1896	3069	2917	1725	1728	1935
rna-NM_153376.2	49	45	43	54	55	42
rna-NM_152293.2	1449	1383	1367	1525	1311	1768
rna-NM_025196.3	1857	3064	2065	1776	2032	1817
rna-XM_005247987.4	122	33	27	76	101	25
rna-NM_001085382.1	8	2	0	8	2	3
rna-NM_203423.2	0	1	0	0	4	0
rna-NM_001134647.1	4637	6918	5107	3450	3776	4078
rna-XM_005248014.5	37	32	41	54	50	87
rna-XM_011513488.1	261	167	170	237	202	72
rna-NM_053044.4	95	130	154	79	44	19
rna-NM_001014447.2	295	26	41	306	135	94
rna-NM_003501.2	467	673	575	600	572	461
rna-NM_152544.2	328	426	370	334	293	266
rna-NM_001256854.1	1	0	0	0	3	0
rna-NM_001256855.1	1	1	0	1	1	0
rna-NM_001256857.1	1	1	0	0	1	1
rna-NM_001256859.1	1	0	0	1	2	0
rna-NM_001256860.1	1	1	0	0	0	0
rna-NM_001256861.1	1	1	0	0	1	0
rna-NM_001242327.1	0	0	1	1	1	0
rna-NM_001242328.1	0	1	1	1	1	0
rna-NM_001242326.1	1	0	1	1	1	0
rna-NM_001242329.1	1	1	1	1	1	0
rna-NM_001242330.1	1	1	1	1	1	0
rna-XM_011513856.3	0	0	2	0	3	3
rna-NM_000798.4	0	0	0	0	0	0
rna-XM_024454265.1	565	337	387	398	1060	306
rna-XM_011513913.3	6	39	50	78	9	671
rna-XM_017008880.2	11891	11430	8864	13146	11810	10209
rna-NM_001017979.2	520	903	704	560	526	748
rna-NM_001189.3	57	52	68	77	22	121
rna-XM_011513827.2	614	394	476	338	1410	252
novel.253.1	528	35	68	405	447	157
novel.253.2	180	0	0	83	69	38
rna-XM_005248135.3	1726	598	655	1479	3558	2590
rna-NM_001080522.2	291	149	133	212	398	161
rna-NM_012161.3	1758	2806	2779	2426	2258	3281
rna-XM_024454007.1	273	343	325	306	310	305
rna-NM_004334.2	29	36	50	31	19	10
rna-NM_001775.3	11	2	0	4	4	5
rna-NM_005130.4	8	10	8	29	8	8
rna-XM_011513893.2	4	8	8	4	2	15
rna-NM_153365.2	725	976	913	918	699	1542
rna-XM_006713975.4	77	278	207	242	0	722
rna-NM_000320.2	923	2368	1946	1460	737	1301
rna-NM_025205.4	1370	1758	1530	1637	1355	1661
rna-NM_015688.1	21	21	23	15	22	12
rna-NM_015907.2	7670	5084	3357	6275	6887	3318
rna-XM_024454104.1	917	1094	996	823	1017	396
rna-XM_017008543.2	1506	1153	549	977	1231	225
rna-XM_011513821.3	199	188	165	138	259	157
rna-XM_005248211.3	1216	335	385	734	1012	409
rna-NM_145290.3	632	1408	1320	712	780	1827
novel.254.1	8	12	16	28	20	15
rna-XM_011513784.1	257	347	265	320	320	299
rna-NM_025221.5	38	91	91	69	18	106
rna-NM_001354825.1	370	1408	986	466	54	902
rna-NM_001358.2	4961	5084	3517	4196	5789	4975
rna-NM_003102.2	6	10	13	10	2	10
rna-NM_018176.3	7	4	6	10	6	40
rna-XM_011513906.3	208	136	115	195	150	81
rna-XM_017008277.1	151	246	264	180	271	183
rna-NM_018323.3	1520	1365	911	1110	2021	982
rna-XM_011513835.2	371	370	285	376	376	210
rna-NM_001286756.1	389	357	268	327	461	249
rna-NM_006424.2	0	3	8	0	10	0
rna-NM_015187.4	824	2325	2563	872	183	1338
rna-NM_001145432.1	210	580	545	353	240	233
rna-XM_017008170.2	3981	7651	6236	2516	3537	3108
rna-NM_000730.2	0	0	0	0	0	0
rna-XM_017008363.1	124	138	130	120	132	120
rna-NM_001169118.1	675	436	394	600	834	642
rna-NM_015230.3	239	30	68	160	511	186
rna-XM_011513842.3	398	43	120	372	481	434
rna-XM_011513713.2	120	18	25	118	61	13
rna-NM_001085399.1	42	70	38	42	82	32
rna-NM_018290.3	656	1079	743	497	643	411
rna-NM_006607.2	0	0	0	0	0	0
rna-XM_011513659.2	1982	3048	2264	1861	2053	1897
rna-NM_016531.5	2133	2380	2171	2014	2260	2453
rna-NM_001017388.2	3	0	0	0	2	0
rna-XM_011513745.3	24	19	11	24	29	21
rna-XM_011513614.3	114	29	52	71	151	66
rna-NM_138389.3	2339	1187	1086	1773	2982	1468
rna-NM_024943.2	532	21	35	223	131	37
rna-XM_011513724.1	438	526	602	431	598	479
rna-XM_011513699.2	2592	3032	2548	2161	1759	2334
rna-NM_001204747.1	2679	2439	2092	2801	3716	5915
rna-NM_175737.3	4	5	0	9	16	21
rna-XM_024454182.1	4247	6849	7075	5852	3118	4985
rna-NM_006859.3	232	210	235	260	203	208
rna-XM_005262667.3	1565	845	820	1375	2302	1364
novel.255.1	176	170	205	353	206	277
rna-NM_174921.2	1068	1725	1869	1365	940	1623
rna-NM_005339.4	2901	3969	3129	3091	2971	3252
rna-NM_001100399.1	3679	4599	3659	3179	5376	4190
rna-XM_011513717.2	96	91	74	80	293	111
rna-NM_017581.3	5	13	4	7	0	4
rna-NM_001098634.1	84	109	161	119	49	176
rna-NM_024677.5	37	42	55	23	57	32
rna-XM_006714005.4	2092	4917	3693	2057	1763	2336
rna-NM_004181.4	9643	22372	19415	10787	5683	8187
rna-XM_011513642.1	1379	3945	2725	785	688	413
rna-NM_018126.2	2357	3136	2626	2480	2346	3148
rna-NM_207406.3	61	10	10	37	56	8
rna-NM_001080505.2	6	2	0	4	4	4
rna-XM_017007654.2	1028	2333	1727	954	1016	1307
rna-XM_011513616.3	128	167	149	98	253	284
rna-XM_011513690.3	6	2	0	4	0	6
rna-XM_011513679.2	1	0	0	0	8	0
rna-NM_173536.3	4	0	3	5	0	0
rna-XM_024453965.1	8	0	0	3	0	2
rna-NM_021927.2	890	1672	1065	840	1086	979
rna-NM_138335.2	386	349	254	331	451	264
rna-XM_017008330.1	333	359	298	348	440	337
rna-NM_000812.3	6	2	0	2	0	0
rna-NM_020453.3	798	218	200	557	925	431
rna-NM_006587.3	8	0	6	8	8	19
rna-NM_001278623.1	733	525	327	648	825	773
rna-XM_005248049.4	7	0	0	8	0	0
rna-NM_207330.2	112	11	16	54	120	28
rna-XM_024454200.1	19	0	2	17	52	6
rna-XM_024454193.1	233	28	45	208	361	79
rna-XM_005248121.3	2431	2326	2004	1775	1632	1231
rna-NM_152679.3	87	19	6	99	58	8
rna-NM_175619.2	5	0	0	0	0	0
rna-XM_024453988.1	1201	1831	1523	842	1143	1319
rna-XM_024454105.1	2109	3387	2808	2294	2563	2387
rna-NM_001014446.2	1449	3414	2631	1888	770	1479
rna-NM_001287755.1	902	801	777	861	1309	808
rna-NM_001024611.2	9	2	3	0	20	3
rna-NM_000232.4	1836	3315	2757	2487	1832	3218
rna-NM_145263.3	6	0	0	15	6	7
rna-NM_022832.3	485	877	715	454	639	727
novel.256.1	494	1511	1192	873	530	858
rna-NM_001242690.1	28	4	8	28	21	6
rna-NM_023940.2	33	6	5	33	24	0
rna-NM_152540.3	424	919	531	463	428	410
rna-XM_017008884.1	0	0	2	0	0	0
rna-XM_005265769.4	1441	1477	1321	1467	1502	1322
rna-XM_017008776.1	575	2054	1322	648	14	1151
rna-NM_012110.3	1892	3533	3131	1807	926	1833
rna-NM_133267.2	36	129	218	30	7	10
novel.272.1	0	0	0	0	0	14
novel.272.2	0	0	0	0	0	0
novel.272.3	0	2	0	0	0	33
novel.272.4	0	0	0	0	0	0
novel.272.5	0	0	0	0	0	0
novel.272.6	0	0	0	5	0	2
rna-XM_005265740.1	657	50	107	332	467	72
rna-NM_001347828.1	14940	59806	72715	11423	162	41243
rna-NM_002253.3	1276	105	137	1023	707	262
rna-NM_024592.4	414	801	456	532	373	439
rna-NM_018475.4	4850	5931	5358	4695	4401	7369
rna-NM_004898.3	1226	3087	2339	1256	1175	1911
rna-NM_152401.2	0	2	0	0	0	0
rna-NM_006681.3	101	202	79	115	50	55
rna-XM_005265748.1	1149	2281	1854	1077	887	1107
rna-NM_025009.4	174	249	235	82	303	115
rna-XM_024454158.1	556	838	666	434	377	442
rna-NM_001323890.1	306	710	627	410	356	382
rna-XM_011534357.1	7	0	0	2	0	0
rna-NM_001145460.1	43	28	30	46	21	5
rna-XM_024454191.1	13	0	6	33	16	6
rna-NM_005612.4	1597	2039	1985	1183	1672	1814
rna-XM_005265719.4	0	0	0	4	5	0
rna-NM_002703.4	2255	4684	2745	1877	2019	1974
rna-XM_017008899.1	4	2	5	2	0	2
rna-NM_001079525.1	9563	32898	20576	8987	6238	10171
rna-NM_006947.3	5308	10900	8596	5162	3724	5863
novel.257.1	2	0	0	0	0	0
rna-NM_032313.3	2011	4141	3923	1921	1018	1874
rna-NM_000938.2	4124	11318	9947	4727	3457	8157
rna-NM_001553.2	12514	14172	11804	12473	7724	10201
rna-XM_017007929.1	909	5196	4541	644	27	925
rna-NM_001812.2	154	162	172	155	256	141
rna-NM_001281765.2	53	131	135	22	4	50
rna-NM_018227.5	1574	2498	1835	1098	2106	1418
novel.258.1	325	439	273	478	336	186
novel.258.2	65	153	43	0	66	61
rna-NM_000406.2	4	2	5	4	6	4
rna-NM_001330698.1	890	1103	952	856	1192	1310
rna-NM_001077.3	2	0	0	0	0	0
novel.259.2	0	0	0	114	15	0
rna-NM_001073.2	0	0	0	0	0	0
rna-NM_053039.1	0	0	0	0	1	0
novel.259.1	251	24	44	122	435	120
rna-NM_001074.3	441	43	73	290	560	89
rna-NM_152997.3	6	0	0	7	0	0
rna-NM_021225.4	2	2	0	4	10	0
rna-NM_212557.3	4	0	0	2	2	0
rna-XM_006714056.4	2	0	0	0	0	0
rna-NM_144646.3	3	0	3	0	2	0
rna-NM_001145006.1	3	0	0	3	0	0
rna-NM_020368.2	1007	2129	1539	1185	1039	1202
rna-XM_011531750.2	302	815	748	266	213	253
rna-XM_005265681.4	3726	9545	7030	3786	2690	3748
novel.274.1	10	16	14	31	25	10
rna-XM_017008837.1	615	838	894	476	985	431
rna-NM_000788.2	1904	2618	1310	1621	1733	908
rna-XM_024454267.1	69	27	14	32	25	14
rna-NM_004885.2	12	0	0	10	4	2
rna-NM_014243.2	215	50	26	115	188	34
rna-NM_001300729.1	245	885	620	483	249	465
rna-NM_032217.4	3822	6220	4311	3246	3795	5413
rna-NM_001134.2	3	0	0	1	1	0
rna-NM_201431.2	2	0	5	2	0	2
rna-NM_002993.3	2021	161	422	2200	2451	1534
rna-NM_000584.3	33496	2755	3477	21659	34995	14281
rna-XM_005265696.4	0	0	0	0	0	0
rna-NM_002704.3	0	0	0	0	0	0
rna-NM_001511.3	6447	691	1607	7016	14830	6673
rna-NM_002994.4	329	35	46	178	153	45
rna-NM_002090.2	361	50	78	364	545	306
rna-NM_002089.3	788	92	234	801	2158	615
rna-XM_017008218.2	127	265	174	138	161	193
rna-NM_001657.3	182	18	45	211	336	192
rna-NM_001432.2	2132	75	412	2347	7600	6199
rna-NM_001729.3	114	52	53	56	195	41
rna-XM_011531833.1	76	319	236	102	10	79
rna-NM_001330724.1	48	2	0	47	67	25
rna-NM_015436.3	888	951	843	961	921	828
rna-XM_011531667.3	422	623	409	396	476	332
rna-NM_006239.2	3	0	1	0	0	0
rna-NM_203505.2	8083	17927	12999	7859	6258	10773
rna-NM_001290049.1	3003	4831	3844	2566	3059	2903
rna-XM_017008027.2	149	125	155	155	157	150
rna-XM_024454053.1	0	0	0	2	0	0
rna-NM_001565.3	119	37	23	72	145	36
rna-NM_001302123.1	62	17	14	19	70	4
rna-NM_018115.3	1524	1795	1344	1575	1616	1505
rna-NM_017426.3	1540	2609	1868	1836	1386	1477
rna-NM_005506.3	8515	12338	10992	7161	7705	10819
rna-NM_001242939.1	292	751	484	278	362	10
rna-NM_001136570.2	2	1	7	0	3	7
rna-NM_003943.4	114	220	156	108	113	214
rna-XM_011531909.2	2	4	2	3	6	4
rna-XM_011532157.2	866	2362	1873	622	167	482
rna-NM_001029870.2	18	6	2	21	2	2
rna-NM_004354.2	2421	2485	2139	1434	1928	1092
rna-XM_011531806.3	874	1233	1070	630	927	312
rna-NM_020236.3	457	458	421	607	556	412
rna-NM_001306147.1	4232	3903	3238	3429	4142	2726
rna-NM_001348132.1	6035	10028	8611	7692	4749	7573
rna-NM_025074.6	313	1420	967	276	50	749
novel.261.2	0	0	8	0	0	0
novel.261.1	9	6	0	15	8	0
rna-NM_005139.2	285	31	101	449	783	476
rna-NM_198892.1	325	229	205	351	487	460
rna-XM_024453909.1	322	301	207	255	232	436
rna-XM_011532133.2	1111	125	141	713	916	305
rna-NM_001145794.1	300	80	110	279	332	308
rna-NM_004464.3	2586	201	397	1529	2493	467
rna-NM_001201.3	4	0	0	0	0	0
rna-XM_017008415.1	4	0	4	7	10	0
rna-XM_017007972.1	0	0	0	2	0	0
rna-NM_152545.2	8	0	0	0	2	0
rna-NM_031370.2	5543	7754	5034	6376	6183	3336
rna-NM_031372.3	4721	6915	4746	5399	7464	5127
rna-NM_021204.4	1592	1501	1051	1429	1518	1009
rna-NM_001353454.1	134	60	54	118	95	35
rna-NM_001037582.2	2461	5896	5046	2338	1213	1821
rna-NM_001318120.1	5677	4069	3553	4736	5036	3515
rna-NM_024672.5	130	51	64	138	183	109
rna-NM_194282.3	962	480	442	672	1185	390
rna-NM_001330727.1	973	1094	972	1052	940	790
rna-NM_016619.2	537	60	92	428	370	54
rna-XM_011531855.3	326	339	236	414	352	208
rna-NM_006665.5	644	318	187	490	513	180
rna-NM_006168.2	43	26	23	40	19	10
rna-NM_001263.3	123	59	82	105	101	97
rna-NM_133636.3	277	195	204	237	443	177
rna-NM_016067.3	661	738	576	801	697	451
rna-NM_139076.2	442	431	475	385	350	261
rna-XM_017008780.1	193	128	108	173	164	86
rna-XM_011531759.2	1067	1024	850	681	1532	999
rna-NM_001025616.2	321	477	423	324	93	183
rna-NM_001318069.1	74	144	126	165	27	184
rna-XM_011532165.2	623	724	646	356	771	738
rna-NM_197965.2	10	26	20	6	2	103
rna-NM_020803.4	876	732	546	607	843	718
rna-NM_178135.4	2	0	0	5	14	0
rna-NM_144645.3	16	14	10	7	9	14
rna-NM_001166693.2	2290	1141	1218	1522	2443	1958
rna-NM_016245.4	679	359	425	740	850	610
rna-NM_004684.5	89	331	513	173	0	178
rna-NM_024047.4	593	473	403	644	630	460
rna-NM_000297.3	1144	842	777	931	1751	1904
rna-NM_001251830.1	18159	73290	53823	11550	80	11457
rna-NM_001348985.1	417	40	58	263	377	83
rna-NM_152542.4	972	541	465	800	1516	953
rna-XM_005263083.4	2893	1587	1223	2543	4333	2738
rna-XM_011532022.2	6873	1763	1588	6520	8196	5022
rna-NM_032906.4	707	1085	1004	1449	29	435
rna-NM_001042616.2	687	1208	1094	208	1530	1408
novel.276.1	7	14	0	0	16	91
novel.276.2	5	0	0	31	32	95
rna-NM_014606.2	583	1103	733	334	492	687
rna-NM_153757.3	182	380	298	118	113	181
rna-NM_145715.2	335	138	141	242	249	58
rna-NM_014883.3	276	451	408	163	201	241
rna-XM_017008044.1	17	5	9	8	27	0
rna-XM_011532205.2	81	8	15	68	86	35
rna-XM_017007893.1	2	0	0	0	3	0
rna-XM_011531936.1	29	2	0	14	9	0
rna-NM_005172.1	3	0	0	8	4	0
rna-XM_011531893.2	8	0	0	10	3	0
rna-NM_001128430.1	770	597	518	678	1468	871
rna-NM_001256793.1	46	130	134	26	50	35
rna-XM_006714066.4	2411	1471	1465	2144	3187	3590
rna-XM_005263321.3	233	1221	987	375	7	1357
rna-NM_001100426.1	1091	1242	938	1055	1155	939
rna-NM_005723.3	2658	1917	1515	2413	1792	1697
rna-NM_001130679.2	1768	2321	1655	1829	2052	1678
rna-NM_015143.2	2546	2056	1320	2362	2781	1504
rna-NM_000671.4	3967	3596	2880	4229	4282	2499
rna-NM_001306172.1	1	0	0	0	1	0
rna-NM_001102470.1	0	0	0	0	2	1
rna-NM_000668.5	124	6	10	165	50	23
rna-NM_000669.4	2	0	0	4	0	0
rna-NM_001134666.2	102	168	112	163	159	141
rna-NM_001300785.1	37	63	53	33	31	22
rna-XM_373030.11	3	0	5	5	10	3
rna-NM_014395.2	21	0	0	17	20	10
rna-NM_021970.3	1080	777	920	1202	1124	1205
rna-NM_001031723.3	951	615	618	659	1808	686
rna-NM_002106.3	9608	7068	5307	10105	9625	8370
rna-NM_145244.3	211	194	217	195	139	332
rna-NM_000944.4	1225	948	1010	1040	1528	989
rna-NM_017935.4	62	13	10	65	96	18
rna-XM_024454184.1	321	496	319	351	347	295
novel.277.1	10	11	26	17	9	14
rna-XM_024454067.1	1773	911	712	1716	2913	2626
rna-NM_005908.3	1209	901	806	938	1145	891
rna-NM_181893.2	6210	6253	5505	6492	6950	6443
rna-NM_001008388.4	1589	1252	1070	2290	2530	1968
rna-NM_139173.3	0	3	5	1	14	0
rna-XM_006714085.3	177	50	78	357	678	710
rna-XM_006714274.3	449	415	406	552	501	728
rna-NM_001813.2	52	21	14	23	187	14
novel.278.1	0	10	9	35	0	0
novel.278.2	0	0	0	11	0	49
novel.278.3	15	9	8	3	0	60
rna-NM_025212.3	28	22	30	24	16	7
rna-XM_024454103.1	303	830	555	206	366	308
rna-NM_176869.2	814	1634	1375	923	857	774
rna-NM_001142471.1	540	420	356	453	619	408
rna-XM_011532252.3	808	716	541	725	1111	785
rna-XM_011531820.2	732	36	132	1027	2665	2379
rna-NM_001163436.2	264	415	284	195	358	136
rna-NM_001142416.1	774	1046	875	802	902	467
rna-NM_014421.2	20	3	0	10	10	0
rna-XM_011531701.2	374	220	172	200	450	226
rna-NM_005443.4	2593	2623	2402	2647	2687	2719
rna-XM_005262717.2	605	954	770	556	408	553
rna-NM_001184705.2	787	1264	837	745	693	457
rna-XM_005263046.3	47	127	49	40	57	39
rna-NM_000995.4	5436	6517	6329	6321	3588	4816
rna-NM_001267818.1	2019	1917	1806	2163	1829	1402
rna-NM_031279.3	4	15	2	78	28	627
rna-XM_011532335.2	34	4	7	10	17	11
rna-XM_005262688.1	1063	1396	1148	844	1187	1093
rna-NM_017918.4	571	1046	720	641	744	606
rna-NM_001226.3	266	281	245	263	335	200
rna-NM_030821.4	855	1261	1164	922	783	928
rna-NM_001318057.1	45	249	234	99	6	231
rna-NM_018983.3	423	552	391	565	565	335
rna-NM_006583.2	3	3	0	0	0	0
rna-NM_198506.4	6	4	2	2	6	4
rna-XM_017007845.1	53	201	154	76	12	384
rna-XM_011532233.3	1481	4119	4367	1708	728	2219
rna-NM_001977.3	19	0	8	12	17	10
rna-NM_000325.5	370	75	63	300	231	111
rna-NM_152400.2	365	28	56	388	701	341
rna-NM_018569.5	1403	511	547	1382	1917	1357
rna-NM_052864.2	1109	528	426	1217	1751	1276
rna-XM_017008638.2	160	218	215	159	184	167
rna-NM_001350601.1	0	0	0	4	6	4
rna-NM_024019.3	5	2	8	5	11	0
rna-NM_018392.4	136	60	43	58	199	36
rna-XM_024454080.1	426	523	385	419	783	394
novel.279.1	43	19	20	109	9	105
rna-XM_017008067.1	181	253	210	123	189	138
rna-NM_001321571.1	2192	3611	3120	2159	1570	3709
rna-XM_017008592.2	2195	2612	1416	1796	2508	2980
rna-XM_024454207.1	377	193	194	370	637	271
rna-NM_152402.2	41	8	19	61	50	14
rna-XM_017008840.2	2	2	5	2	8	5
novel.262.3	284	193	193	400	254	217
novel.262.2	50	51	74	44	10	19
novel.262.1	7	40	36	12	3	9
rna-NM_003619.3	587	648	464	414	244	220
rna-NM_020961.3	637	424	425	538	692	350
rna-NM_133477.2	21	0	0	16	24	7
rna-XM_005263379.3	2827	1509	1247	1827	2538	1442
rna-XM_017008312.2	1159	722	499	859	1671	829
rna-NM_001170330.1	2722	8100	7610	2596	2416	3379
novel.263.1	106	83	46	133	142	139
rna-NM_001083.3	137	36	41	102	139	58
rna-XM_017008881.2	3	0	0	1	0	4
rna-NM_002358.3	1459	1624	652	1340	1287	447
rna-XM_011531562.2	116	74	93	74	112	57
rna-XM_024454213.1	159	340	234	96	48	61
rna-XM_017008619.2	0	0	0	7	0	0
rna-NM_198179.2	31	5	6	40	26	10
rna-XM_017007725.1	9	0	0	6	2	0
rna-NM_001154.3	18227	13782	12945	19669	20025	17061
rna-NM_001034194.1	837	871	494	755	811	246
rna-NM_001237.4	895	1264	397	553	734	156
rna-XM_011532079.3	417	328	282	321	568	240
rna-XM_011532217.3	46	9	10	12	26	6
rna-XM_011532319.1	538	430	513	248	937	384
rna-XM_011531680.2	176	143	202	216	222	231
rna-XM_005262686.1	242	642	239	125	137	106
rna-NM_020337.2	868	574	643	533	1096	1086
rna-XM_011532236.2	658	291	345	373	607	401
novel.280.1	2	16	14	58	0	74
rna-NM_002006.4	3239	1005	1109	3312	6513	5464
rna-NM_007083.4	64	83	70	81	74	46
rna-XM_017007825.1	211	101	73	173	197	177
rna-NM_015693.3	58	45	36	63	107	85
rna-NM_031291.3	0	0	0	0	0	0
rna-NM_001317381.1	601	663	576	378	642	253
rna-XM_017007662.1	712	403	209	361	645	124
rna-NM_152778.2	284	216	239	291	482	294
rna-NM_001358454.1	265	198	196	231	336	194
rna-XM_017008338.1	548	264	286	387	656	309
rna-NM_006320.4	3764	3577	3519	3426	3707	2174
rna-XM_024454218.1	1437	719	823	1216	1688	928
rna-XM_017007716.2	167	109	101	119	268	88
rna-XM_017007722.1	72	100	64	90	115	60
rna-XM_011532150.2	185	39	35	76	128	104
rna-NM_001114734.1	31	5	3	27	74	12
rna-NM_019035.4	123	45	119	166	64	666
rna-XM_011531802.3	64	83	61	58	44	58
rna-NM_012118.3	241	439	223	211	493	203
rna-NM_001331036.1	935	942	793	781	1062	744
rna-NM_032623.3	698	92	105	529	381	98
rna-NM_001184990.1	517	1421	1217	690	503	745
rna-NM_057175.4	1599	2338	1672	1295	2061	1298
rna-XM_011532299.1	305	224	234	316	572	192
rna-NM_030648.3	1307	3435	2686	1225	1305	1680
rna-XM_017008211.2	240	811	725	290	134	142
rna-NM_018717.4	187	616	670	194	59	297
novel.281.1	0	5	8	6	0	3
rna-NM_001153484.1	1710	3580	3055	1779	1508	2017
rna-NM_004362.2	1195	676	685	782	816	418
rna-NM_001277353.1	0	0	0	0	0	0
rna-XM_005262885.3	500	1023	923	736	703	654
rna-NM_021833.4	9	0	0	3	2	0
rna-NM_015130.2	1525	1081	1017	1125	1549	1748
rna-XM_005263150.5	463	838	794	264	262	302
rna-XM_017008033.1	768	1053	755	866	832	628
rna-NM_000585.4	245	69	47	188	307	170
rna-XM_011532391.2	467	351	207	280	296	475
rna-NM_032557.6	1289	1921	1696	1110	1403	2878
rna-XM_017007966.1	871	1294	1154	773	739	1534
rna-NM_003601.3	4678	5917	5325	3899	6112	6298
rna-NM_001168235.1	13	0	0	15	16	10
rna-XM_017008139.2	3	2	2	4	5	3
rna-XM_011532040.2	1865	2453	1932	1553	2567	2376
novel.282.1	108	12	37	93	105	22
rna-NM_022475.2	202	46	39	297	193	68
rna-XM_024453874.1	274	438	274	365	273	238
rna-NM_002940.2	2637	4797	2753	2510	3308	2287
rna-NM_001354812.1	878	1293	1216	1264	998	2261
rna-NM_172250.2	81	189	166	105	107	144
rna-NM_007080.2	266	520	319	323	205	182
rna-NM_001354631.1	4	3	2	0	0	2
rna-XM_011531634.3	622	1451	1038	481	755	485
rna-NM_004575.2	2	3	0	0	2	0
rna-NM_001300842.2	194	82	91	133	206	84
rna-NM_001300761.2	7	0	2	8	0	0
rna-NM_001957.3	143	14	25	139	115	16
rna-NM_018241.2	1138	1192	1064	1192	1171	1245
rna-NM_138364.3	231	290	261	213	302	160
rna-XM_011531975.1	232	148	158	187	137	332
rna-NM_024605.3	608	700	556	507	523	221
rna-NM_001040261.4	194	575	470	188	136	230
rna-XM_005263373.3	1434	3185	2378	982	1276	2371
rna-NM_006439.4	32	2	10	27	24	17
rna-XM_024454201.1	496	506	571	365	778	567
rna-NM_004564.2	659	1250	1075	839	747	685
rna-XM_011531921.3	0	0	0	0	0	0
rna-NM_001006.4	23886	44712	40757	30031	15737	27694
rna-XM_024453900.1	1065	2109	1447	1152	1130	1738
rna-XM_011532085.2	322	428	359	309	430	303
rna-NM_152680.2	142	572	228	130	52	55
rna-XM_005262807.4	19	12	20	27	15	16
rna-XM_011531868.3	1285	1720	1488	1263	1202	1437
rna-XM_011532389.1	248	109	142	132	147	45
rna-XM_006714157.1	2429	15085	13683	1254	569	2055
rna-NM_032117.3	169	195	85	159	121	37
rna-XM_011531780.1	538	458	365	421	507	205
rna-XM_017008573.1	2135	182	492	2542	6510	3468
rna-NM_173662.2	87	6	38	145	201	163
rna-NM_003013.2	25	0	0	15	69	48
novel.264.2	84	0	7	132	94	63
novel.264.1	19	4	4	45	27	18
novel.264.3	6	0	0	5	21	37
rna-NM_001358235.1	26	10	14	18	15	14
rna-NM_002669.3	2045	1750	1690	1984	2087	1177
rna-NM_000508.4	2	0	0	0	0	0
rna-NM_001301645.1	42	19	17	29	5	28
rna-XM_005263033.4	4	4	4	10	0	2
rna-NM_001039580.1	170	204	243	77	239	81
rna-XM_011531901.1	61	146	131	66	9	22
rna-NM_000856.5	18	0	2	9	20	22
rna-NM_005651.3	4	2	8	2	4	0
rna-NM_001334.2	58	66	54	44	55	26
rna-NM_016205.2	1858	1641	1594	1544	1789	1580
rna-NM_000824.4	590	420	454	419	357	300
rna-NM_001031700.2	236	1081	996	150	6	93
rna-XM_005263112.3	108	129	127	161	194	94
rna-NM_001253727.1	8	0	0	0	5	0
rna-NM_001008393.3	1432	1065	715	1277	1293	692
rna-NM_004453.3	384	497	477	544	308	630
rna-NM_005038.2	1005	1156	905	1026	1090	824
rna-XM_017007809.1	0	0	0	0	0	3
rna-XM_005263156.1	745	567	508	375	576	369
rna-XM_005263358.3	1231	1089	1022	852	1135	1628
rna-XM_011532410.3	562	663	540	675	605	501
rna-NM_000909.5	299	41	68	369	519	307
rna-NM_020116.4	315	547	489	147	129	151
rna-XM_017008256.1	23	3	4	24	33	6
rna-NM_018352.2	485	1094	702	435	427	315
rna-NM_001012414.2	0	0	0	0	0	0
rna-NM_153027.2	18	22	11	51	24	4
rna-NM_001100389.1	1160	958	850	1089	1254	745
rna-NM_012403.1	0	0	0	0	0	0
rna-XM_011532055.3	190	296	244	210	51	186
rna-XM_011531572.2	842	1323	1260	792	831	904
rna-NM_006745.4	6279	6707	4194	5790	7992	4371
rna-NM_001873.3	1257	539	450	1446	1968	1009
novel.265.1	14	0	0	17	27	5
rna-NM_012464.4	75	0	17	83	235	44
rna-XM_017008257.1	39	2	4	39	25	8
rna-XM_011531571.2	3	0	0	4	0	0
rna-NM_017631.5	1635	1745	1309	835	2324	1035
rna-NM_001345927.1	904	1007	676	398	1111	352
rna-NM_020870.3	1314	2226	1281	935	987	535
rna-XM_011531768.2	6339	21721	17145	4579	1855	6342
rna-XM_006714391.1	251	541	450	354	347	441
rna-NM_001199397.1	377	529	478	262	528	384
rna-NM_017867.2	521	842	604	498	424	279
rna-NM_173872.3	2011	4083	3969	2212	1810	3249
rna-XM_005263366.3	666	1484	1571	706	380	1224
rna-XM_006714231.2	117	226	132	136	177	180
rna-XM_017008244.2	0	0	5	2	0	0
rna-NM_017423.2	1108	1783	1537	911	1162	1176
rna-NM_002129.3	3608	4339	1684	2790	3081	809
novel.283.1	168	477	374	171	108	223
rna-NM_003864.3	1662	3295	2469	1176	907	971
rna-NM_001329597.1	4	14	9	4	0	3
rna-NM_021973.2	119	14	26	67	46	21
rna-NM_012180.2	649	755	726	671	631	696
rna-XM_011532286.2	122	113	85	87	163	86
rna-NM_000860.5	69	7	6	79	124	113
novel.284.1	0	0	3	15	0	29
rna-NM_005277.4	3077	19623	16056	4186	68	7067
rna-XM_024453885.1	63	54	44	27	45	14
rna-NM_144644.3	12	0	4	10	5	12
rna-XM_005262759.1	0	2	0	0	0	0
rna-NM_021928.3	2872	4982	4149	3107	2970	3342
rna-NM_005429.4	2357	176	291	2708	3330	1694
rna-NM_018248.2	483	314	124	381	347	135
rna-NM_000027.3	387	349	320	375	345	263
novel.285.1	275	945	721	288	0	544
novel.285.2	1	150	142	53	0	40
rna-XM_017008385.1	3325	15448	12573	2852	478	6956
novel.266.1	26679	155232	130294	39627	22	56817
novel.266.2	137	540	640	5280	0	1324
novel.286.1	35	65	57	53	64	152
rna-NM_001012732.1	1967	4235	3063	2877	1879	2290
rna-XM_011532269.3	1207	1546	1106	780	1252	822
rna-NM_001111319.1	18	25	28	20	31	9
rna-NM_001185149.1	1	1	0	0	0	0
rna-NM_017632.3	1011	649	579	896	1167	1068
rna-NM_001564.3	577	615	457	410	438	378
rna-NM_152682.3	744	979	734	682	811	757
rna-NM_021942.5	656	1152	933	451	612	469
rna-XM_011532129.1	70	151	119	78	46	59
rna-NM_153343.3	44	522	153	56	0	44
rna-XM_024454035.1	1765	1487	1199	1361	1592	1109
novel.287.1	50	57	30	50	65	28
rna-NM_032991.2	1256	993	844	1069	1399	861
rna-NM_001345891.1	187	177	163	227	251	147
rna-XM_005263218.4	1150	855	380	729	956	255
rna-XM_017007887.1	3567	1285	1171	2478	2826	1074
rna-NM_001151.3	1158	1608	1411	1368	1184	1488
rna-XM_017008483.2	1174	2686	2028	1134	1252	1748
rna-XM_011532302.3	660	715	672	538	887	1149
rna-XM_024454136.1	16	13	22	9	15	14
rna-XM_017008176.1	170	468	323	99	96	173
rna-NM_018359.3	952	2421	2068	904	517	832
rna-XM_017008237.1	19	60	55	32	32	68
rna-XM_011531827.2	15	8	6	3	8	4
rna-NM_014476.5	484	195	179	332	331	60
rna-XM_017008740.2	51	186	111	40	6	16
rna-NM_003265.2	360	155	113	196	300	59
rna-NM_001006655.3	93	152	123	87	52	57
rna-NM_207352.3	172	263	393	181	178	202
rna-XM_017008181.1	2	0	4	0	2	3
rna-XM_005262821.4	2	0	0	0	0	0
rna-XM_005262834.3	5190	8663	6742	3894	6709	9808
rna-NM_001303419.1	246	34	58	536	1427	1380
novel.267.1	0	0	0	161	14	941
novel.267.3	342	990	964	402	657	114
novel.267.2	314	88	0	242	0	126
rna-NM_001286820.1	2	0	0	1	3	1
rna-NM_004477.2	201	290	182	234	204	163
rna-NM_052909.4	332	43	66	306	445	184
novel.288.1	139	147	144	176	137	198
rna-NM_145265.2	809	415	507	1048	1318	1329
rna-XM_017009685.2	9240	6532	6966	10185	10907	9328
novel.319.1	11	12	15	42	28	39
rna-NM_013232.3	2175	1471	1632	2544	3274	2544
rna-NM_020731.4	690	165	189	547	772	427
rna-NM_007277.4	2113	1590	1607	3386	3691	3824
novel.289.1	9	10	14	13	29	20
rna-NM_004174.3	261	206	236	425	684	533
rna-NM_018140.3	357	171	145	373	542	358
rna-XM_017008993.1	567	479	810	481	428	521
rna-XM_017010126.1	65	34	33	70	181	79
rna-XM_017010111.1	7	8	20	19	6	13
novel.290.1	24	29	40	60	36	61
rna-XM_017009871.1	31	19	21	38	58	36
rna-XM_024446192.1	1133	1256	1114	1424	1852	1337
rna-NM_004237.3	1362	1539	563	1225	1571	510
rna-XM_005248382.3	61	7	21	95	152	125
rna-XM_011513941.2	2200	3651	4061	2654	2513	3094
rna-NM_198253.2	21	61	18	20	44	11
rna-XM_024446221.1	3318	4059	3472	5117	5350	5016
rna-XM_011514132.1	3596	5828	5884	4447	4492	5634
novel.320.5	0	4	34	33	48	38
novel.320.1	117	6	82	67	161	131
novel.320.2	12	96	11	120	357	202
novel.320.3	106	176	146	195	172	131
novel.320.4	41	108	58	53	38	101
rna-NM_001278633.1	2	2	0	2	0	0
rna-XM_011514079.2	1153	2012	1625	1345	1460	1291
rna-NM_004553.4	2482	4783	4133	3687	2830	3093
rna-XM_011513979.2	201	16	25	149	226	73
rna-XM_005248256.3	165	31	49	216	186	122
novel.321.1	50	192	114	40	0	63
rna-NM_024337.3	1893	8124	5025	639	3	1228
rna-NM_139056.3	20	35	34	35	34	23
rna-NM_015325.2	2503	2729	2239	1696	3909	2214
rna-NM_032286.2	965	556	528	1297	1890	1535
rna-XM_024454361.1	7	14	11	2	0	5
rna-NM_017755.5	2743	2340	1574	2916	5718	3642
rna-NM_001047.3	1079	1075	1119	1268	1633	1848
rna-XM_005248234.4	2325	2454	1875	1700	2942	2778
novel.291.1	0	207	342	546	0	382
novel.291.3	0	0	0	0	3	202
novel.291.4	0	246	187	73	0	947
novel.291.6	0	0	0	0	0	1094
novel.291.7	0	0	0	0	0	0
novel.291.8	0	0	0	0	0	0
novel.291.10	0	0	0	0	0	0
novel.291.2	1143	2335	2894	2147	14	6728
novel.291.5	10	18	5	329	0	20
novel.291.9	70	17	168	138	0	463
novel.291.11	48	59	22	220	0	195
rna-NM_020546.2	719	2401	2294	882	2	1818
rna-NM_001089584.2	19	32	35	20	8	35
rna-XM_006714498.1	315	370	341	389	533	446
rna-NM_024010.2	1484	2069	1719	2051	2888	3039
novel.322.1	0	3	6	0	0	0
novel.292.1	102	89	117	130	251	119
rna-NM_003966.2	662	3168	2701	855	38	2326
novel.293.1	216	21	38	195	191	54
rna-NM_199133.3	214	415	421	355	499	747
rna-NM_012073.4	13560	13277	9594	16616	21502	15437
rna-NM_138809.3	753	2124	1993	1196	1114	2695
rna-NM_005885.3	4567	5356	5611	4954	6747	7168
rna-XM_011514190.2	0	0	0	0	0	1
rna-XM_006714504.3	26	14	25	34	20	20
rna-NM_001164440.1	1622	1542	1618	1020	2065	1740
rna-NM_001291963.1	9887	11576	11131	13238	10365	17737
rna-XM_005248262.3	14	44	55	19	30	30
rna-XM_005248251.3	185	1883	1833	179	0	241
rna-NM_007118.3	5041	6281	5129	3650	6812	5830
rna-NM_019018.2	1104	333	326	767	784	350
rna-XM_011514151.2	658	553	412	747	996	1037
rna-NM_054027.5	1435	2897	2617	1933	1406	3181
rna-NM_012304.4	764	643	697	633	614	570
rna-NM_033414.2	1864	1329	1299	2261	2289	2112
rna-XM_011514053.3	271	464	565	273	441	471
rna-NM_012334.2	7144	2891	2541	6337	8552	7902
rna-NM_001271606.1	3503	497	836	3650	4320	2576
novel.294.1	48	31	22	96	75	78
rna-NM_001349556.1	51	4	0	36	23	5
rna-NM_006727.4	6	6	5	2	0	0
novel.295.1	5	31	13	0	0	4
rna-NM_004932.3	48	23	23	58	56	32
rna-NM_004061.4	19	2	0	15	55	29
rna-NM_013235.4	1709	1890	1540	1768	2959	1541
rna-XM_017009607.1	1095	1401	994	1158	1633	1046
rna-XM_005248269.4	1222	4071	2130	436	720	337
rna-NM_022130.3	6831	6409	5366	8018	9476	10244
rna-XM_011514057.2	1829	2730	2175	2072	2769	2827
rna-NM_016107.4	4386	4755	5121	4365	7104	7688
rna-XM_017008986.1	4329	6506	5151	5020	4952	4771
rna-NM_001204375.1	367	37	57	194	231	44
rna-NM_001258438.1	9071	7305	6071	12137	16173	14098
rna-XM_017009905.1	1496	118	154	857	1104	243
rna-NM_181435.5	8	6	8	5	35	6
rna-NM_001167595.1	343	335	292	492	464	482
rna-XM_011514016.2	3510	1935	1691	2452	4078	1483
rna-XM_017009119.2	6	7	6	9	5	7
rna-NM_002853.3	1730	1559	1126	1713	2189	1600
rna-NM_018321.3	1785	1567	931	1626	2372	1275
rna-XM_011513965.2	1380	1745	1582	1351	1825	1618
rna-NM_031900.3	5	0	0	0	0	0
rna-XM_024446131.1	41	9	9	18	29	8
rna-XM_011514135.3	34	30	27	32	54	23
rna-NM_002185.4	745	446	291	547	358	441
rna-XM_006714444.3	8	0	0	11	2	3
rna-NM_152404.3	4	0	0	5	4	0
rna-XM_011513988.2	52	2	3	31	11	13
rna-XM_011514162.2	792	1118	889	573	1068	972
rna-NM_005983.3	776	807	511	525	790	251
rna-XM_005248241.4	3066	1374	1432	4257	6458	7026
rna-XM_006714452.4	241	108	385	656	259	1071
rna-NM_004172.4	9464	22941	14337	8663	3399	11367
rna-NM_018034.3	880	1173	1000	972	1292	631
novel.323.1	76	164	184	187	306	139
novel.323.2	113	0	0	0	0	162
rna-NM_133433.3	1271	1324	1381	840	2836	1460
rna-XM_005248345.4	317	243	260	226	1048	275
rna-NM_153485.2	2106	1775	1046	1806	2980	1247
rna-NM_001190468.1	333	11	35	168	102	38
rna-NM_001205301.1	52	6	28	87	198	128
rna-XM_017009462.1	771	497	554	345	1166	724
rna-NM_001285439.1	1455	693	839	922	3320	1507
rna-NM_001243093.1	8	0	0	4	4	0
rna-XM_024446277.1	0	2	3	0	6	4
rna-NM_001323506.1	9326	8128	6777	9530	16837	17161
rna-NM_001343.3	1585	529	463	1107	1151	386
rna-NM_000958.2	670	73	105	408	295	215
rna-NM_012382.2	1193	1037	1177	1192	1556	1417
rna-NM_206907.3	3022	2798	2343	2998	4902	4191
rna-NM_000997.4	14422	18300	20023	19687	13264	17792
rna-NM_032587.3	119	281	275	297	93	1004
rna-NM_000587.3	2	0	0	2	2	4
rna-NM_173489.4	0	0	0	1	0	0
rna-NM_001005473.2	3	0	14	39	4	91
rna-NM_000436.3	544	1318	839	628	812	839
rna-NM_175921.5	2345	1871	1727	2561	3785	3239
rna-NM_012176.2	107	235	128	161	220	91
rna-NM_001134848.1	0	0	5	0	5	0
rna-NM_001093726.2	63	24	40	54	48	63
rna-NM_001242399.2	65	18	33	62	62	73
novel.324.2	0	30	0	1	2	0
novel.324.1	945	158	234	630	1004	224
novel.296.1	25	7	7	27	49	12
novel.325.1	232	64	46	132	228	55
novel.297.1	333	161	160	324	573	204
novel.325.2	3	0	0	4	18	0
rna-NM_001014279.2	199	46	75	163	211	54
novel.298.1	124	80	105	152	270	155
novel.298.2	32	32	22	53	92	27
rna-NM_001330707.1	1456	1310	1014	1340	2318	1721
rna-NM_153361.3	85	309	284	18	9	64
rna-NM_001301874.1	12	6	10	34	82	38
rna-NM_022483.4	368	248	256	543	1004	620
rna-NM_002130.7	2445	5675	2572	2141	3772	1510
rna-NM_198566.3	128	151	64	105	237	66
rna-NM_006451.4	4072	4240	3544	5571	6941	8306
rna-XM_017009293.2	1702	3451	2727	1896	1957	3207
rna-XM_005248264.4	6	15	6	0	0	2
rna-NM_016640.3	1579	1742	1321	1788	2129	2115
rna-NM_021072.3	2	0	0	0	0	0
novel.299.1	3	0	1	0	6	0
rna-NM_198449.2	382	58	83	300	638	337
rna-XM_005248596.5	906	1012	871	920	1303	1000
rna-NM_002202.2	6	0	2	16	21	10
rna-NM_015946.4	1470	1532	1292	1475	1404	1386
rna-NM_181501.1	513	83	83	267	488	173
rna-NM_002203.3	912	705	494	806	923	1152
rna-NM_004531.4	1329	1300	1179	1662	1503	1383
novel.300.1	91	123	86	104	162	114
rna-XM_005248400.4	998	160	155	688	764	196
rna-NM_002495.3	991	1369	1302	1132	737	1045
rna-XM_011543498.2	1345	386	459	1155	1653	1197
rna-NM_052870.2	408	811	556	348	327	721
rna-NM_001170402.1	0	0	3	0	0	0
rna-XM_006714631.2	1667	1520	1210	1550	1430	886
rna-NM_001190787.1	24	4	10	39	69	22
rna-XM_006714539.3	783	499	511	886	1066	755
rna-NM_139017.5	109	16	7	66	73	39
rna-NM_021147.4	92	90	62	152	130	78
rna-NM_019030.3	731	954	886	692	999	716
rna-NM_015360.4	2604	3874	3191	2462	2978	2062
rna-NM_176895.2	829	1408	2171	1971	902	5559
rna-NM_002184.3	10433	6538	8180	7638	17615	10703
rna-XM_017009852.1	4	0	0	4	2	0
rna-XM_017010127.1	4	0	0	0	3	0
rna-NM_153706.3	224	162	101	248	317	146
rna-NM_005921.1	899	508	564	525	1081	639
rna-XM_011543216.2	1506	967	922	1349	1937	1302
rna-XM_024446172.1	4210	2957	2835	3065	4814	3700
rna-NM_001017992.3	251	25	23	221	93	12
rna-NM_006622.3	5788	2275	1500	3789	5360	2670
rna-NM_018369.2	373	384	146	266	410	124
rna-NM_001104558.1	603	331	323	568	1333	921
rna-NM_001104631.1	364	356	212	218	286	352
rna-NM_000082.3	441	824	543	490	418	399
rna-NM_174889.4	593	754	501	667	527	422
rna-NM_001048249.3	1795	2711	2089	1917	1998	2296
rna-NM_020928.1	1112	1186	985	734	1096	1128
rna-NM_001098511.2	1854	1828	1387	1683	2477	3468
rna-NM_014473.3	871	1307	844	1112	1488	985
rna-NM_001134779.1	1795	2264	1562	1432	1795	1411
rna-NM_181506.4	10	0	6	11	15	5
rna-NM_001164442.1	0	0	0	0	0	0
rna-NM_173829.3	430	606	592	330	499	498
rna-NM_005869.3	661	1087	903	575	716	638
rna-NM_197941.3	141	34	16	74	118	59
rna-NM_001349367.1	559	524	249	385	784	179
rna-NM_015342.3	702	764	606	678	944	546
rna-NM_001656.3	878	901	954	749	1087	1110
rna-NM_001093755.1	619	774	639	569	792	570
rna-XM_005248548.3	669	753	854	550	852	625
rna-NM_020726.4	1221	2844	2288	1088	1286	1127
rna-XM_005248554.3	3810	4930	6194	2465	4863	5168
rna-NM_001077199.2	1126	1688	1405	1093	1937	1335
rna-NM_005582.2	534	2942	1406	247	3	536
novel.301.1	26	123	120	123	0	337
rna-XM_024446044.1	193	392	407	181	134	398
rna-XM_005248542.3	1149	1861	2131	1209	902	1405
rna-NM_022902.4	1888	2373	2149	1912	2106	2199
rna-NM_031966.3	2429	2584	1069	2106	2069	928
rna-NM_022909.3	605	1283	498	618	669	299
rna-NM_033281.5	529	606	443	628	600	455
rna-NM_001799.3	566	578	464	505	573	353
rna-NM_176816.4	100	184	161	118	163	81
rna-NM_001038603.2	15	4	7	22	60	31
rna-NM_002538.3	355	119	180	367	536	393
rna-NM_016283.4	312	457	284	380	408	313
rna-NM_001015892.1	818	782	720	836	939	529
rna-NM_133339.2	488	430	426	546	755	626
rna-XM_005248588.4	228	230	197	215	291	125
novel.326.1	18	3	16	5	16	18
rna-NM_022978.2	57	32	49	89	75	62
rna-NM_017411.3	289	327	265	262	292	198
rna-XM_024446284.1	1	1	1	1	1	1
rna-XM_024446285.1	1	1	1	1	1	0
novel.302.1	124	100	78	102	278	123
rna-XM_017010104.1	3	4	5	1	2	4
rna-XM_017010108.1	1	3	1	2	1	1
rna-NM_021967.2	49	34	46	83	69	56
rna-NM_000344.3	266	345	255	280	302	209
rna-NM_004536.2	22	20	26	8	62	18
rna-NM_001515.3	239	206	153	248	368	135
rna-XM_017010106.2	1	1	2	1	1	1
rna-XM_017010107.2	1	1	1	1	2	0
rna-NM_018429.2	256	208	257	120	558	196
rna-NM_022132.4	1706	4261	3121	1903	1679	1441
rna-NM_005909.4	2438	6144	7569	2601	2893	3705
rna-NM_001286748.1	2566	4734	3741	3154	2794	2131
rna-NM_024754.4	260	407	309	342	323	253
rna-NM_138782.2	916	676	601	590	1644	490
rna-NM_002270.3	8533	7961	5940	6377	9336	10661
rna-NM_173490.7	1902	144	144	1422	1352	471
novel.327.2	0	39	4	7	0	0
novel.327.1	6	15	17	18	0	35
novel.327.3	34	67	79	79	2	131
rna-NM_004472.2	6853	567	870	5080	5127	1355
rna-NM_001037637.1	12909	15709	14181	14086	11528	11836
rna-NM_023039.4	214	271	352	215	274	248
rna-NM_032175.3	635	788	546	705	1008	537
rna-NM_001080479.2	3808	521	549	2411	2744	847
rna-NM_003633.3	1892	8011	4021	1269	584	2600
rna-NM_016591.2	46	12	15	16	59	9
rna-NM_000521.3	6485	3493	3607	4638	4518	3458
rna-NM_001281302.1	1314	2100	1646	1338	1541	1094
rna-XM_011543098.1	2658	4450	4266	2963	2206	2515
rna-NM_015566.2	431	447	337	462	933	510
rna-XM_011543357.1	5212	5752	3716	4615	5590	4754
rna-NM_001130105.1	1298	1520	1326	1081	1873	1501
rna-XM_005248534.5	800	718	726	523	1032	640
rna-XM_017009814.1	6	0	0	0	4	3
rna-NM_001099271.1	346	310	237	328	400	242
rna-NM_006633.3	115	438	271	134	24	122
rna-NM_004101.3	130	61	43	79	27	12
rna-NM_001992.4	3048	5849	5176	2839	1883	5985
rna-NM_005242.5	583	55	38	451	218	197
rna-XM_011543241.2	4	29	22	4	0	0
rna-NM_001882.3	7	5	7	6	4	8
rna-NM_018046.4	1222	1884	1588	1106	1619	1284
rna-NM_001329564.1	138	250	194	185	170	310
rna-NM_001349749.1	57	110	97	64	68	89
rna-NM_018268.3	1536	2481	1903	1977	1964	3655
rna-NM_032109.2	4	4	0	3	7	17
rna-NM_001297738.1	2145	4062	3563	2514	1731	2892
rna-XM_011543774.2	27	28	27	12	66	25
rna-NM_003664.4	2402	2959	2639	2164	3186	2649
novel.328.1	406	254	222	650	779	487
rna-NM_004866.5	3255	3920	3677	3040	3678	3775
rna-NM_005779.2	4462	1970	1913	5586	7395	9642
rna-XM_011543390.1	479	870	649	456	731	583
rna-NM_013391.3	8	8	8	11	0	2
rna-NM_001713.2	0	0	0	0	0	0
rna-NM_152405.4	1395	1613	1636	1145	1263	1460
rna-NM_004272.4	321	947	653	254	397	370
rna-NM_153610.4	2	2	4	17	16	0
rna-NM_001349549.1	864	1183	1105	823	1188	716
novel.304.1	0	9	8	7	8	14
rna-XM_005248495.4	279	780	527	282	506	521
rna-NM_003248.5	9	110	69	12	14	14
rna-XM_011543304.1	2433	8476	8330	3412	377	7156
rna-XM_005248632.4	1211	1125	1154	859	2157	1425
novel.329.1	21	69	55	44	36	28
rna-XM_011543234.2	49	13	15	21	80	101
rna-NM_001004441.2	20	4	4	27	20	6
rna-NM_000791.3	2670	4689	1856	2290	2657	1231
rna-NM_001190470.1	8	8	8	17	14	12
rna-NM_002439.4	814	1092	913	779	1130	1000
rna-XM_024454356.1	0	0	56	54	0	34
rna-NM_006909.2	28	22	14	18	31	8
rna-NM_032280.2	629	671	464	702	717	480
rna-XM_017009045.1	2	0	0	10	7	0
rna-NM_001256732.2	683	2291	2395	861	183	1443
novel.305.3	0	0	0	96	0	1034
novel.305.4	0	48	0	168	0	939
novel.305.5	0	0	0	0	0	845
novel.305.1	20	0	27	127	0	712
novel.305.2	28	0	39	2	0	21
rna-NM_001131028.1	171	460	391	287	279	357
rna-NM_001025.4	15582	25251	21949	19462	10530	13757
rna-XM_011543719.3	97	173	130	150	162	168
rna-NM_174909.4	2101	3583	2871	2104	2230	2091
rna-NM_001318012.1	294	393	318	288	358	269
rna-NM_004385.4	2573	1604	1013	1274	2281	825
rna-NM_005711.4	8614	14851	13745	6054	4594	9006
rna-NM_001867.2	4520	5406	5288	5343	3513	5229
rna-NM_002890.2	734	764	635	629	1086	746
rna-XM_005248627.4	1098	1340	1043	1169	1069	996
novel.306.1	0	24	26	0	0	0
rna-XM_024454371.1	418	451	330	400	682	444
novel.306.5	10	20	43	15	6	26
novel.306.3	12	42	43	10	10	26
novel.306.2	8	24	33	16	14	19
novel.306.4	8	15	14	26	0	23
novel.306.6	10	22	18	15	0	36
novel.306.7	7	14	8	2	19	12
novel.306.8	2	43	43	32	0	42
novel.331.2	0	20	4	0	0	0
novel.331.1	228	1308	1835	209	0	273
novel.331.3	22	105	55	11	0	28
rna-NM_001193347.1	40	136	134	47	41	52
rna-NM_001297765.1	391	619	425	468	452	322
rna-NM_203406.1	148	344	235	189	213	195
rna-XM_011543100.3	277	295	164	169	365	145
rna-XM_005248421.4	1790	1513	1506	1482	2003	1729
novel.307.1	0	0	16	0	3	8
novel.332.1	199	218	206	128	216	75
rna-XM_017009963.2	91	122	111	153	203	192
rna-NM_020801.3	2361	6175	4923	1666	4829	1400
novel.308.3	0	16	0	74	0	0
novel.308.4	0	0	0	0	0	0
novel.308.1	54	15	58	90	0	263
novel.308.2	50	23	0	183	0	316
novel.308.6	25	9	14	70	0	159
novel.308.5	5	7	0	42	0	29
rna-NM_153216.1	0	0	0	2	0	0
novel.333.1	132	88	200	106	97	111
novel.333.2	57	83	26	63	49	73
novel.333.3	13	44	0	60	11	37
rna-NM_005654.5	1697	4180	5146	2019	1027	2819
rna-XM_006714717.3	403	1452	1893	488	387	691
rna-XM_011543324.2	35	50	28	35	73	76
rna-XM_017009979.2	562	558	378	375	695	168
rna-NM_024717.5	1001	79	159	881	1326	687
rna-NM_014639.3	1819	2685	2387	1343	2038	1315
rna-NM_198150.2	1476	536	525	1255	1712	1179
rna-NM_199243.2	2	0	0	2	6	0
rna-NM_001131066.1	51	30	30	62	49	26
rna-XM_017009948.1	8	0	5	0	6	0
rna-XM_017010128.1	2	0	0	0	3	0
rna-NM_014899.3	6976	2835	2394	4640	5910	1595
rna-NM_001118890.1	1654	1548	1373	950	838	809
rna-NM_012081.5	3805	1188	998	2586	4366	2698
novel.334.1	101	53	73	185	22	138
novel.334.2	32	11	14	27	0	37
rna-NM_000439.4	7	8	7	4	0	5
rna-NM_153234.4	2	0	2	0	0	3
rna-NM_018343.2	856	717	575	750	946	452
rna-XM_017009391.1	2300	1008	982	2033	2430	1864
rna-NM_001750.6	7812	11841	9905	6177	7921	5946
rna-XM_024446113.1	1976	1779	1613	1584	2273	1867
rna-NM_022350.4	3097	1095	1099	1616	2673	671
rna-XM_005272150.4	1	1	1	1	2	1
rna-XM_024446045.1	1990	1599	1688	1320	2797	1120
rna-XM_005271866.5	1118	636	663	681	2179	768
rna-XM_006714600.1	454	819	749	532	295	434
rna-NM_005668.5	997	1028	1205	1411	47	2205
novel.309.1	11	18	20	38	4	96
rna-NM_180991.4	60	6	10	38	48	0
rna-NM_001289002.1	0	0	0	0	0	0
rna-NM_017676.2	101	274	157	185	144	120
rna-NM_001281471.2	944	757	683	520	1518	543
rna-XM_024446066.1	7869	12521	11736	6887	5688	12416
rna-NM_033211.3	1107	501	377	747	1041	292
novel.335.1	0	7	6	17	0	14
novel.335.2	0	2	6	0	0	11
rna-NM_031438.3	205	328	284	235	276	175
rna-NM_001962.2	612	64	152	630	1016	637
rna-XM_005272048.4	160	388	294	198	209	281
novel.336.1	16	22	39	35	49	49
rna-XM_011543267.2	661	1133	1075	509	904	648
rna-XM_017010099.2	6649	10997	10061	6059	5277	7961
rna-NM_002372.3	1692	2020	2071	1162	1991	2787
rna-XM_006714670.3	18	20	24	32	15	19
rna-NM_138773.3	2171	2069	1893	1926	2519	2209
rna-NM_033035.4	34	7	12	33	18	4
rna-NM_139281.2	1810	1698	1228	1495	2609	1341
rna-NM_001323375.1	293	218	162	237	365	170
rna-NM_001308056.1	1898	1499	1161	1338	4311	1657
rna-NM_001347887.1	151	85	105	155	185	168
rna-NM_001142475.1	2008	4118	3768	2580	2606	2564
rna-NM_001354896.1	839	826	914	450	1159	883
rna-NM_003135.2	956	1122	960	1088	1091	935
novel.337.1	35	38	34	52	39	46
rna-XM_017009844.2	1529	2025	2075	1721	1877	1635
rna-XM_011543581.1	671	1067	734	464	741	283
rna-XM_017009621.2	116	89	109	114	233	159
rna-XM_011543490.2	223	291	233	203	233	161
rna-NM_001040440.2	264	213	225	113	208	93
rna-NM_032028.3	0	2	5	1	0	2
rna-NM_152624.5	794	1615	1782	609	1071	929
rna-XM_017009473.1	619	2351	2027	489	348	431
rna-NM_001323565.1	148	15	21	133	126	25
rna-XM_005272035.5	1206	3393	2255	837	957	867
rna-NM_021649.7	408	500	417	401	424	594
rna-NM_001164468.3	130	167	169	144	333	546
rna-NM_181836.5	9407	10030	9222	8489	8133	8806
rna-NM_004707.3	1259	1178	1083	1453	1622	1487
rna-XM_017009025.1	649	652	536	678	790	635
rna-NM_173800.4	5	20	5	2	19	63
rna-XM_017009722.1	10	0	5	20	18	18
rna-NM_016144.3	471	627	519	551	490	520
rna-XM_006714663.2	157	539	529	143	127	325
rna-XM_011543338.3	258	705	596	470	344	708
rna-XM_011543213.2	782	1019	843	518	1235	677
rna-NM_001286814.1	1131	327	347	949	1397	592
rna-NM_001199291.2	3749	3761	3391	3801	3491	4004
rna-NM_001300783.1	1409	188	245	1510	1301	363
rna-NM_152546.2	463	333	304	336	613	269
rna-NM_002317.6	5371	3258	3435	3147	3551	1552
rna-XM_017008912.2	0	0	0	0	0	0
rna-NM_207317.2	5	0	0	4	6	7
rna-XM_011543738.2	99	217	220	116	65	518
rna-NM_003100.3	2715	2208	2112	2484	2647	1869
rna-XM_011543349.3	230	183	172	232	292	176
rna-NM_000943.4	1043	1075	1072	1325	1372	943
rna-NM_001136239.3	19	66	63	15	16	53
rna-NM_153223.3	831	733	638	619	967	675
rna-XM_017009060.1	1701	1415	1427	1522	2087	1770
rna-XM_005272037.3	835	1911	1764	551	384	584
rna-XM_011543591.2	2080	795	915	2199	2349	1723
rna-NM_001182.4	2932	5597	5075	2825	2277	2891
rna-NM_032177.3	2179	2668	2084	2308	1974	2574
rna-NM_005573.3	2117	4235	1555	1779	1902	407
rna-XM_011543128.2	561	82	89	393	334	110
rna-XM_017009464.1	7	0	0	16	9	0
rna-XM_024446287.1	0	0	0	0	2	0
rna-XM_017009987.1	109	139	87	98	26	41
rna-NM_001286808.1	2286	1792	1596	1944	2251	1252
rna-NM_001317938.1	0	0	0	2	0	4
rna-NM_001046.2	1017	2026	1544	813	1323	2431
rna-NM_001999.3	1756	2641	2157	1730	1276	3976
rna-NM_001017372.2	108	191	214	96	24	148
rna-NM_016048.2	1184	1453	905	1508	1293	1290
rna-NM_175856.4	117	93	52	87	105	75
rna-NM_005340.6	3419	5319	4498	3968	3113	3740
rna-NM_181705.3	289	575	409	260	421	258
rna-NM_020240.2	1327	1754	1624	1399	1606	1426
rna-NM_001164386.1	872	817	731	493	1118	674
rna-NM_133372.2	1348	554	589	796	2302	1091
rna-NM_015256.3	10	6	6	11	15	8
rna-NM_000758.3	219	46	26	152	130	46
rna-XM_005272116.5	4816	3169	2849	4591	4326	2738
rna-NM_003687.3	3093	4207	3419	2843	1681	1253
rna-NM_003059.2	214	106	114	179	192	128
novel.338.1	15	26	16	8	11	5
rna-NM_001308122.1	295	304	277	343	312	272
rna-NM_005732.3	349	529	558	333	1242	463
rna-NM_002188.2	2	0	0	0	0	0
rna-NM_001207001.2	152	52	59	160	234	163
rna-NM_002198.2	4652	1183	1389	4537	6593	3986
rna-NM_001300791.1	862	691	788	608	1158	1361
rna-NM_001287252.1	4	4	3	2	1	6
rna-NM_001098811.1	958	1666	1378	1058	839	2066
rna-NM_175873.5	89	31	30	95	70	322
rna-XM_011543167.3	304	306	264	442	475	399
rna-XM_017010109.1	28	19	11	17	57	18
rna-XM_011543308.3	9	14	13	3	26	18
rna-NM_014402.4	2209	3409	3051	2969	2182	2598
rna-NM_052971.2	12	6	11	17	20	13
rna-XM_011543785.2	0	0	3	5	3	0
rna-NM_014423.3	5829	6832	5631	3714	6790	8438
rna-NM_001308127.1	518	527	499	517	556	530
novel.310.1	14	0	2	19	29	49
rna-NM_002154.3	7535	8754	6758	7895	8659	10045
rna-NM_020199.2	3516	4158	3462	3238	5070	4104
rna-NM_003374.2	10772	24045	17389	10447	9621	10010
rna-XM_024446086.1	68	88	58	43	88	79
rna-NM_003337.3	2408	2431	2360	2523	2172	2484
rna-NM_080656.2	1036	2141	1628	1570	764	1068
rna-XM_006714678.3	161	69	58	171	70	24
rna-NM_170679.2	6948	13519	12504	8019	6252	9549
rna-NM_002715.3	8040	9256	7133	9011	8764	9221
rna-NM_016103.3	1874	2034	1759	1993	1777	1487
rna-NM_001289985.1	6316	6067	3916	9386	6786	8809
novel.339.1	16	58	41	7	8	8
rna-NM_021982.2	3497	3087	2596	2304	2832	3191
rna-NM_001745.3	2364	2503	2330	2683	2075	2592
rna-NM_001300860.1	2143	2317	1871	1683	2713	1815
rna-XM_017009050.1	2520	3349	3065	2393	3478	2126
rna-NM_024715.3	1047	2450	2018	1124	1181	856
rna-NM_032151.4	100	163	101	135	154	131
rna-NM_178019.2	6	10	9	6	4	12
rna-NM_002653.4	540	1513	1402	948	232	767
rna-NM_001277348.1	73	52	55	23	88	30
rna-XM_011543729.3	7944	9162	6977	8547	6350	5643
novel.341.1	0	238	583	357	0	988
rna-NM_004887.4	6299	62779	68849	10637	12	26959
novel.311.1	17	61	40	11	0	39
novel.311.2	15	74	110	21	0	128
novel.311.3	10	141	114	6	0	60
novel.311.4	2	35	27	11	0	44
novel.340.1	106	71	195	126	0	310
novel.341.3	915	1736	3818	4999	12	10291
novel.341.2	926	951	2263	2984	10	4779
rna-XM_017010130.1	22	59	69	17	2	80
rna-XM_006714544.1	64	278	331	268	0	1345
rna-NM_000358.2	4274	5026	3811	4270	1917	1446
rna-NM_001001419.2	2511	3185	2804	2394	2797	2699
rna-NM_001350994.1	4	3	0	0	0	0
novel.312.1	11603	53493	48654	32837	47	49594
novel.343.1	136	847	906	644	0	755
rna-NM_004598.3	1817	7566	4066	3075	496	4902
rna-NM_017415.2	6	28	25	13	14	11
rna-NM_006805.3	7014	9311	8020	7536	5661	5965
rna-NM_006790.2	5	8	7	8	4	0
rna-NM_001300921.1	3	0	0	0	4	0
rna-XM_006714648.1	1430	527	502	1215	1919	2143
rna-XM_005271855.3	1595	1275	1201	1559	2413	1429
rna-NM_005733.2	1265	1370	423	954	923	302
rna-NM_004661.3	2044	1883	1508	1836	2130	999
rna-NM_001496.3	147	11	29	111	50	13
rna-NM_001287583.1	439	285	115	369	363	97
rna-XM_024446108.1	4395	3321	2696	4855	5096	5389
rna-NM_016604.3	2491	4795	4329	2358	2554	4258
rna-NM_001271803.1	1330	2701	2896	2008	560	1931
rna-NM_001964.2	1627	1934	2188	4926	9191	5473
rna-NM_004730.3	8775	9151	7602	10906	12440	15482
rna-NM_004134.6	14796	18198	13284	15926	14705	14563
rna-NM_001323982.1	11765	17676	16223	11611	12494	12948
rna-NM_015564.2	31	43	41	10	34	52
rna-XM_011543570.2	1564	1470	1464	1794	1288	1275
rna-NM_001161546.1	157	125	183	198	232	218
rna-XM_005271916.4	143	180	199	259	198	205
rna-NM_199189.2	9247	12041	10008	8090	12056	10012
rna-NM_016480.4	4344	5833	5127	4394	3924	4545
rna-XM_005272148.3	9	2	4	0	15	3
rna-NM_001077693.3	51	49	28	52	27	7
rna-NM_152686.3	1273	1800	1529	1444	933	1452
rna-NM_198282.3	1410	1230	1088	1650	1094	682
rna-XM_017009820.1	3864	5048	4520	4601	3871	3759
rna-NM_001317201.1	2677	8394	8556	2958	1020	5644
rna-XM_011537696.2	10	81	78	12	2	42
rna-NM_013982.2	468	622	605	518	280	649
rna-NM_005859.4	1261	1671	1520	1289	1339	1237
rna-NM_001007189.1	112	250	430	156	66	145
rna-NM_032412.3	1910	1680	1633	3202	2049	5494
rna-NM_002622.4	2646	2309	1788	3007	2897	1845
rna-XM_017009933.1	2	1	0	0	0	0
rna-NM_001945.2	1799	314	281	1264	1545	971
rna-XM_024446280.1	4	0	1	0	2	0
rna-NM_001174105.1	656	38	55	677	578	365
novel.313.1	65	66	47	74	78	48
rna-NM_017747.2	3826	2552	1833	2276	3264	2770
rna-NM_020690.5	778	696	755	1032	1613	1378
rna-NM_003732.2	5	1	1	2	2	1
rna-NM_001035235.3	1241	1594	1170	1520	1338	1059
rna-NM_006051.3	123	87	89	73	163	73
rna-NM_080670.3	4119	5026	3942	5514	5023	3672
rna-NM_001300980.1	220	95	94	165	212	74
rna-NM_002488.4	1968	2088	1737	2149	1717	1780
rna-NM_006083.3	3895	4480	3956	3826	3935	3026
rna-NM_017706.4	1221	1622	1269	1446	1463	1251
rna-NM_194249.2	467	418	386	626	602	636
rna-NM_002109.5	2874	3639	2634	3018	3115	2494
rna-XM_011537619.1	901	1136	977	1030	1199	1035
rna-NM_144723.2	2985	4131	3450	3245	3152	2669
rna-NM_018900.3	0	6	6	0	0	1
rna-NM_018905.2	0	0	0	0	0	0
rna-NM_018907.3	0	10	0	0	0	12
rna-NM_018908.2	0	0	5	0	0	0
rna-NM_018909.3	0	6	0	0	0	0
rna-NM_018910.2	0	0	0	2	0	0
rna-NM_018911.2	0	0	0	0	0	0
rna-NM_031857.1	0	0	0	0	0	0
rna-NM_018901.3	0	0	5	0	0	0
rna-XM_024446283.1	0	0	0	0	16	0
rna-NM_018902.4	0	0	0	0	0	0
rna-NM_018903.3	0	0	0	0	4	0
rna-NM_018904.2	0	0	0	10	6	0
rna-NM_018898.3	0	0	0	0	0	0
rna-NM_018906.2	13	0	5	12	13	0
rna-NM_018899.5	39	30	30	67	85	32
rna-NM_013340.3	2	0	0	0	0	2
rna-NM_031947.3	2	0	0	0	2	2
rna-NM_018936.3	130	242	164	121	92	143
rna-NM_018937.4	14	33	41	11	17	25
rna-NM_018938.3	8	19	19	3	1	7
rna-NM_015669.4	74	41	38	92	83	34
rna-NM_018939.3	2	4	5	0	2	1
rna-NM_018940.3	101	711	597	141	12	243
rna-NM_019120.4	19	65	53	29	18	34
rna-NM_020957.3	208	1127	930	151	15	355
rna-NM_019119.4	245	1167	1080	364	33	594
rna-NM_018930.3	234	965	963	341	32	637
rna-NM_018931.2	44	32	50	20	65	36
rna-NM_018932.3	44	42	46	28	21	29
rna-NM_018933.3	53	77	97	39	32	40
rna-NM_018934.3	435	1498	1378	553	113	1278
rna-NM_018935.3	45	66	79	37	10	80
rna-NM_005642.2	3716	5930	5303	4458	4515	3639
rna-NM_018912.2	30	51	58	10	2	57
rna-NM_018915.3	25	21	48	46	2	35
rna-NM_018916.3	20	9	20	2	2	2
rna-NM_018922.2	107	587	514	285	10	453
rna-NM_018917.3	41	100	58	27	20	20
rna-NM_018923.2	400	1857	1653	672	52	1304
rna-NM_018918.2	24	48	52	11	5	15
rna-NM_018924.4	26	37	25	19	2	2
rna-NM_018919.2	30	49	29	8	17	7
rna-NM_018920.3	23	33	12	5	2	20
rna-NM_003736.2	88	34	35	83	107	34
rna-NM_032088.1	24	25	49	20	13	40
rna-NM_018925.2	147	163	180	356	158	378
rna-NM_018921.2	458	3141	2752	842	30	1880
rna-NM_018926.2	36	42	22	28	19	106
rna-NM_018913.2	248	121	217	309	394	357
rna-NM_018927.3	69	31	47	78	60	65
rna-NM_018914.2	471	88	67	672	327	116
rna-NM_003735.2	21	16	26	2	6	16
rna-NM_002588.3	14785	31014	24617	15483	12000	17028
rna-NM_018928.2	18	25	47	5	4	17
rna-NM_018929.2	26	60	40	36	30	24
rna-XM_024454384.1	8806	7879	5513	8130	8845	8102
rna-NM_001355039.1	2639	4387	3775	2597	2275	2612
rna-XM_011537624.2	895	548	551	934	925	802
rna-NM_033449.2	1219	506	567	1179	1393	710
rna-NM_022481.5	1090	1703	1383	959	678	754
rna-XM_005268452.3	2129	5427	4534	2108	678	3283
rna-NM_014773.4	907	982	855	1102	1179	868
rna-NM_016580.3	28	11	16	5	30	22
rna-NM_001201365.1	1384	2197	1789	2239	1882	4164
rna-XM_005268348.1	5381	2778	2369	5856	5448	3903
rna-NM_030571.3	3655	7374	6404	3807	3800	4132
novel.344.1	4	27	18	46	8	56
novel.344.2	17	3	0	2	6	90
rna-NM_030964.3	2594	4404	1559	2801	2498	6026
rna-NM_001144935.1	365	56	72	237	264	23
rna-NM_015071.5	987	1506	1464	1037	602	1636
rna-NM_001024094.1	3098	3913	3596	2239	2722	3174
rna-NM_030799.8	2821	2776	2208	2564	3155	1952
rna-XM_011537671.2	12	29	25	11	24	13
rna-XM_017009127.1	169	215	128	165	158	70
rna-XM_005268380.2	539	151	137	331	271	100
rna-NM_001029869.2	7	5	0	8	3	6
rna-NM_020117.10	4817	8937	5715	4552	4555	3684
rna-XM_005268466.1	2112	2084	1992	1574	2562	1969
rna-XM_005268365.3	1419	1735	1448	1115	1936	2036
rna-NM_181675.3	24	54	62	35	0	76
novel.345.1	0	4	0	0	0	0
rna-NM_001287740.1	68	236	194	118	0	27
rna-NM_001197294.1	13008	107031	108517	12091	1851	20411
rna-NM_001270941.1	60	439	347	38	0	34
rna-NM_003122.4	8	12	13	7	0	18
rna-XM_017009459.1	8	39	30	7	0	10
rna-NM_054023.4	13	14	29	4	0	0
rna-XM_005268513.2	1182	1571	1189	1169	1401	1287
rna-NM_000024.5	315	28	61	230	216	77
rna-NM_024577.3	37	45	40	29	30	0
rna-NM_001301015.2	1789	233	374	1833	1402	586
rna-NM_152406.3	1501	375	424	1390	1450	546
rna-NM_152407.3	1025	1181	910	991	1013	821
rna-NM_024028.3	188	557	409	291	127	130
rna-XM_011537642.3	246	1815	2002	229	75	327
rna-XM_011537553.2	44	30	15	35	46	27
rna-NM_000440.2	17	6	0	28	16	0
rna-NM_001025105.2	5259	9091	7697	5797	5617	6231
rna-NM_000112.3	2528	2293	2018	1954	2613	1190
rna-NM_030953.3	167	188	126	141	218	119
rna-NM_014983.2	5488	4376	3660	5841	5636	5119
rna-NM_005211.3	15	31	32	24	9	8
rna-NM_002609.3	2361	340	482	1878	1411	742
rna-XM_017009767.1	10	0	4	10	12	4
rna-NM_015981.3	8	0	4	4	2	0
rna-NM_001012301.3	1053	102	157	1090	588	170
rna-XM_005268502.4	5068	3958	2442	4530	4611	2770
rna-XM_017010089.2	521	65	63	527	237	75
novel.346.2	0	0	0	10	0	0
novel.346.1	82	72	77	167	106	196
rna-NM_005617.3	20151	30248	29597	26226	14155	21583
rna-XM_005268435.4	5969	7536	6683	6672	6012	7671
rna-XM_006714755.3	988	1115	1530	1116	546	862
rna-NM_001122853.2	9	4	0	6	8	2
rna-NM_018047.2	2119	2278	1712	2521	2500	2562
rna-NM_001135643.1	3096	4404	3583	3331	3542	3575
rna-NM_032947.4	1485	3370	2507	1353	899	2782
rna-NM_001346557.1	3	4	3	0	5	0
rna-NM_001172831.1	179	270	163	129	139	125
rna-NM_001329790.1	2428	248	214	3659	3880	1349
rna-XM_017008946.2	8422	9638	7907	8353	9146	5679
rna-XM_017010135.1	0	2	0	4	0	20
rna-NM_015621.2	482	266	341	845	357	1956
rna-NM_001155.4	8372	3292	3361	9343	6435	4036
rna-NM_000405.4	1755	2189	2298	1574	1504	1397
rna-NM_001145017.1	0	0	0	0	0	3
rna-XM_011537580.2	743	219	235	620	684	526
rna-XM_017009225.1	16	14	6	7	9	6
rna-NM_004045.3	923	991	1006	1144	857	959
novel.347.1	20	18	12	14	22	17
novel.348.1	40	57	66	62	68	54
rna-NM_001309444.1	28962	59809	47463	29416	8125	39211
rna-NM_005754.2	8561	12421	8835	9180	9660	10027
rna-NM_001146040.1	0	0	0	0	0	0
rna-NM_001258021.1	8	0	2	3	6	6
rna-NM_018691.3	600	983	746	630	619	590
rna-NM_001242336.1	2186	2178	1815	1985	2213	2221
rna-NM_198321.3	3818	7801	5876	4194	3031	4061
rna-NM_024632.5	1652	1647	1560	2264	1431	3435
rna-NM_004821.2	2	0	0	4	6	0
rna-NM_015465.4	791	1904	1133	934	1262	866
rna-XM_005268404.3	10337	12371	9281	10579	11394	11168
rna-XM_017008965.1	366	237	267	322	238	129
rna-XM_017010051.1	2784	3413	3130	2750	3379	3512
rna-NM_014180.3	1611	1688	1285	1839	1598	1076
rna-NM_206858.2	4	1	6	3	3	3
rna-NM_138379.2	9	0	2	4	10	17
rna-XM_024446023.1	140	14	27	146	428	233
rna-NM_032782.4	2	0	4	5	0	6
rna-NM_004270.4	220	386	262	196	206	128
rna-NM_001291722.1	1474	5096	4126	1242	475	1313
rna-NM_001001343.3	2	0	0	2	0	2
rna-NM_001099287.1	464	80	109	559	482	338
rna-XM_005266003.2	233	437	212	240	195	578
rna-NM_178424.1	6	0	0	8	14	9
rna-NM_017872.4	578	673	529	547	556	352
rna-NM_173491.3	332	426	317	262	293	161
rna-NM_001195555.1	4675	3599	3243	4429	6433	5222
rna-NM_001324101.1	256	186	142	209	221	239
rna-NM_001199380.1	6133	12310	11094	7690	7539	14849
rna-NM_145049.4	1029	1371	1059	1020	1148	972
rna-XM_011534435.1	368	147	95	471	325	336
rna-NM_003314.2	2510	2932	2397	2995	2622	2672
rna-NM_001130864.1	500	308	246	408	537	320
rna-XM_017009846.2	747	937	726	914	666	1078
rna-XM_011534425.2	41	31	8	43	27	8
rna-NM_022090.4	262	259	206	285	296	273
rna-XM_005265793.3	2089	2238	2075	1712	2218	2224
rna-XM_024446260.1	2042	1415	827	1683	1740	758
rna-NM_000811.2	0	0	0	0	3	0
rna-NM_004060.3	4872	4453	4720	4692	5025	4407
rna-NM_145266.5	1035	1612	1325	1270	1180	1249
rna-NM_001142556.1	405	409	149	219	444	110
rna-NM_013283.4	3550	2828	3004	3891	4429	3846
rna-XM_011534485.1	2203	1733	1355	1522	1927	941
rna-XM_017009660.1	3137	12943	7386	2076	488	2782
rna-NM_001355274.1	4	0	4	4	3	4
rna-NM_002887.3	3235	3682	2928	3002	3500	2512
rna-NM_024594.3	1637	2164	1501	1521	2100	2809
rna-NM_001329639.1	1024	773	486	800	1227	395
rna-NM_001271946.1	62	163	111	68	21	55
rna-NM_012188.4	0	3	2	0	0	0
rna-NM_001278339.1	172	573	410	153	10	182
rna-NM_004946.2	39	39	4	34	34	9
rna-NM_001346304.1	470	173	152	231	269	43
novel.349.2	0	0	9	39	13	15
novel.349.3	0	0	0	0	0	50
novel.349.1	8	10	0	40	10	92
rna-XM_024446012.1	2	10	6	2	5	0
rna-XM_011534627.1	63	12	12	53	123	33
rna-NM_003862.2	17	5	12	11	19	15
rna-NM_001355006.1	22312	25446	19455	22402	21017	15871
rna-XM_005265855.5	4282	6121	5747	4759	4058	6872
rna-NM_005990.3	3149	1903	1437	3008	3129	2248
rna-NM_001171183.1	0	4	0	4	0	10
rna-NM_152277.2	2720	2928	2612	2748	3294	3167
rna-XM_017009351.1	6238	13760	7646	5691	4522	9439
rna-NM_001142651.2	878	1219	661	887	346	811
rna-NM_001287812.1	2	0	0	0	4	2
rna-NM_004417.3	10942	9196	7320	11421	11369	6787
rna-XM_011534565.2	867	958	764	1075	1101	670
rna-XM_011534597.1	13032	19489	18639	15467	7568	17640
rna-NM_003945.3	5904	6688	6636	8886	6353	10519
rna-NM_153607.2	1785	735	1054	1126	2209	1833
rna-NM_013979.2	280	420	250	197	213	144
rna-NM_004387.3	350	70	73	396	354	170
novel.314.1	274	25	23	224	153	34
novel.314.2	256	28	29	211	98	17
novel.314.3	116	0	0	20	62	0
rna-NM_003714.2	13066	2461	2506	11884	11577	5771
rna-NM_138369.2	2782	1897	1533	3285	2591	2359
rna-NM_002449.4	150	120	115	143	69	51
rna-NM_000794.4	6	46	33	4	0	3
rna-NM_030627.3	1032	628	591	656	1068	949
rna-NM_001322977.1	2334	5202	3407	2480	2512	3071
rna-XM_005265904.3	32	170	70	27	0	20
rna-NM_032361.3	1955	3725	2904	2157	1778	1742
rna-XM_011534554.2	358	467	276	323	309	141
rna-NM_001079685.2	6023	7979	6850	7619	6295	9359
rna-XM_011534529.3	21	0	5	8	27	18
rna-NM_001256539.3	905	1173	839	1188	1190	730
rna-NM_138820.3	1560	2685	2643	2345	1480	2078
rna-NM_007097.3	3018	3060	2761	3896	2149	3646
rna-NM_014613.2	4136	4143	3405	4362	4615	4502
rna-NM_014901.4	1287	1123	1318	1515	1418	1596
rna-XM_024446288.1	7	12	7	5	9	9
rna-NM_001171976.1	5	6	7	14	21	13
rna-NM_052899.2	2528	723	802	2780	3136	1740
rna-XM_006714914.3	11	13	0	4	2	0
rna-XM_024446018.1	1949	3047	2916	2498	1740	1623
rna-XM_011534686.1	76	27	39	62	56	75
rna-NM_002115.2	2	0	0	0	2	5
rna-NM_001199298.1	1701	2020	1680	1813	1923	2361
rna-XM_005265860.2	321	344	266	301	284	269
rna-NM_213647.2	1053	633	607	1283	963	469
rna-XM_024446153.1	2490	4100	2704	2131	2455	2242
rna-NM_130781.3	921	714	801	1223	996	817
rna-NM_013237.3	6254	8252	6355	7839	6071	6366
rna-NM_031300.3	285	295	170	278	213	58
rna-NM_006816.2	6682	10321	9874	8070	5522	7044
rna-XM_024454328.1	924	808	640	927	526	517
rna-NM_000505.3	312	455	359	491	346	346
rna-NM_002082.3	2873	3004	2392	3183	2419	1872
rna-XM_011534663.2	609	1522	1148	771	604	520
rna-XM_011534446.2	6865	8593	7657	8098	6592	5112
rna-NM_005451.4	3346	3193	2819	3551	2897	1938
rna-NM_024872.2	90	142	123	46	86	104
rna-NM_016222.3	4676	10863	9257	5034	4645	5802
rna-XM_006714875.2	555	451	553	422	704	443
rna-NM_017510.5	10536	12012	11370	12992	9571	11395
rna-NM_007255.2	962	1640	1340	1221	923	1030
novel.315.1	14	10	16	13	16	41
rna-XM_017009359.1	0	0	0	2	9	0
novel.316.1	197	454	336	223	186	171
rna-XM_011534473.1	284	53	78	352	493	443
rna-XM_024446169.1	1315	1581	1554	1827	1424	1613
rna-NM_017838.3	3093	5823	4359	4133	3107	2288
rna-NM_031266.2	9102	9172	5661	9857	8258	6660
rna-XM_011534669.2	378	698	778	481	506	480
rna-XM_006714933.3	2	0	4	3	3	1
rna-NM_020666.2	507	208	250	434	823	828
rna-NM_005649.2	562	289	304	616	993	898
rna-NM_058230.2	80	79	63	70	178	83
rna-NM_030613.3	20	4	8	10	35	16
rna-NM_001178089.2	0	0	0	0	0	0
rna-NM_001353372.1	79	37	17	83	96	51
rna-NM_014594.2	97	14	16	60	101	27
rna-NM_014244.4	166	25	44	158	114	46
rna-NM_025158.4	872	1051	904	1093	1003	1343
rna-XM_011534546.1	1576	1073	1007	1165	2925	943
rna-NM_001164444.1	1	0	2	0	0	0
rna-NM_014757.4	1491	1548	1282	1235	1377	1751
rna-XM_024446225.1	19283	34698	29084	22777	13841	28858
rna-NM_198868.2	4254	9039	8122	5014	4529	6676
rna-XM_024446129.1	1924	4246	3958	2295	1929	2945
rna-XM_024454347.1	5254	4365	4791	6517	5563	6983
novel.317.1	124	176	222	197	221	205
rna-NM_003900.4	19568	6374	8186	18983	19130	13251
rna-NM_016175.3	33	57	45	35	56	37
rna-NM_175062.3	20	6	9	40	46	36
rna-NM_002752.4	1948	2856	2449	2065	1715	1942
rna-NM_005110.3	2498	3052	2634	3282	4431	5259
rna-NM_001303241.1	1723	2848	2332	1577	2101	2154
rna-XM_011534478.3	340	52	49	337	189	38
novel.318.4	0	0	0	0	1	0
novel.318.2	308	449	284	507	777	613
novel.318.1	106	107	61	0	44	79
novel.318.3	4	100	219	166	3	21
rna-NM_001172638.1	417	715	543	431	571	378
rna-XM_024454380.1	8	0	0	3	6	0
rna-XM_011534563.2	6252	4830	4587	6379	5682	3701
rna-XM_024446224.1	309	361	322	437	419	302
rna-XM_017009338.1	1	2	0	1	1	1
rna-XM_017011061.1	44	76	75	62	80	68
rna-NM_002460.3	26	0	4	14	26	26
rna-NM_033549.4	950	795	708	1116	1378	1451
rna-NM_006098.4	47037	56432	54382	54942	32441	48598
rna-XM_017009991.2	91	83	85	88	222	186
rna-NM_018303.5	1797	2684	2204	1643	1758	1499
rna-NM_148959.3	2	3	3	5	4	7
rna-XM_017011610.2	3	6	14	4	0	0
rna-NM_033260.3	17	29	32	16	0	17
rna-NM_001452.1	17	127	93	35	0	11
rna-NM_001453.2	528	826	620	490	549	341
rna-NM_001500.3	898	2249	1901	986	592	995
novel.350.1	28	209	72	0	4	42
novel.350.2	13	16	133	52	5	43
novel.350.3	20	33	24	36	23	62
rna-XM_005249078.4	17	90	96	36	14	66
rna-NM_020135.2	3232	4137	4067	3188	2819	4070
rna-NM_030666.3	515	54	181	630	1419	641
novel.351.2	0	15	0	0	0	0
novel.351.1	25	152	271	52	8	22
novel.387.1	39	263	233	64	10	54
rna-XM_011514672.1	4146	8736	8185	5676	4449	4968
novel.352.2	0	93	78	0	13	100
novel.352.1	44	20	41	18	30	38
novel.352.3	19	9	15	43	30	0
novel.388.1	18	15	23	29	22	8
rna-NM_001290221.1	513	976	907	589	415	457
rna-NM_003804.5	2748	2022	1521	2544	3163	2705
rna-NM_004332.3	731	927	897	744	533	451
rna-NM_001069.2	2167	4785	3239	2119	1665	1822
novel.389.1	60	76	121	41	0	47
novel.389.2	11	295	131	28	0	30
rna-NM_178012.4	2936	4834	3417	2947	1915	2366
rna-NM_001128592.1	454	758	564	370	312	173
rna-XM_011514801.2	624	3650	3040	500	77	886
novel.390.1	37	41	37	51	21	45
novel.390.2	5	5	6	5	3	8
rna-NM_183373.3	2856	2424	2115	2836	2307	1516
novel.353.1	309	208	279	416	286	198
rna-XM_017010729.1	96	11	13	91	64	24
novel.391.1	241	80	79	188	209	26
novel.391.2	34	3	0	6	0	0
rna-XM_017011410.2	2356	2762	2197	1609	3362	2575
rna-XM_017010861.1	0	2	0	0	3	2
rna-NM_206836.2	1805	3013	2324	1589	1329	839
rna-NM_004824.3	2112	1793	1692	1926	2133	1734
rna-NM_006638.3	358	368	231	419	474	229
rna-NM_001145115.2	32	8	6	44	68	8
rna-NM_001164840.2	662	576	528	828	736	593
rna-XM_017010186.1	533	886	708	667	637	424
rna-NM_000129.3	130	486	353	407	2	1202
rna-XM_006715106.3	7897	28679	24066	5107	11	11641
rna-NM_001003699.3	948	898	725	675	964	714
rna-NM_003144.4	7819	10347	8649	8987	7467	10953
rna-NM_001170692.1	2	0	0	4	3	3
rna-XM_011514933.3	761	756	566	852	849	1208
rna-NM_152551.3	649	768	705	525	795	444
rna-NM_004415.3	2458	1324	1317	1962	4091	2559
rna-NM_001718.5	160	98	101	186	216	244
rna-NM_030810.4	8941	10185	7950	8800	8637	9895
rna-NM_201280.2	1231	845	788	1128	1357	1120
rna-NM_004280.4	2141	1254	994	2368	2412	1028
rna-XM_005249156.3	738	714	612	973	879	774
rna-XM_017011612.1	0	0	0	0	0	0
rna-XM_017011232.1	1223	912	709	1078	1297	1205
rna-NM_145649.4	125	464	459	103	25	189
rna-XM_011514572.2	3	13	6	11	5	14
rna-XM_011514720.1	409	426	298	399	425	269
rna-NM_001165258.1	1822	1945	1684	1784	1776	1166
rna-NM_001286488.1	969	1155	863	807	819	388
rna-XM_017010863.2	41	34	15	33	66	27
rna-NM_001040274.2	12	10	8	21	23	8
rna-XM_011514716.3	1072	308	208	567	487	102
rna-NM_001135575.1	2101	2564	1790	1765	1727	2025
rna-NM_207582.2	4	4	0	0	0	0
rna-NM_001142393.1	4812	17283	10860	2808	1290	2590
rna-NM_001100829.2	669	2102	1566	582	384	1001
rna-XM_011514956.1	12	9	0	17	17	21
rna-XM_017010801.1	1016	585	503	667	1126	731
rna-XM_011514331.3	313	439	271	211	151	67
rna-NM_001318809.1	0	38	105	24	30	160
rna-XM_017010452.2	39	39	37	42	74	32
rna-NM_001242698.1	15	6	6	22	29	14
rna-NM_001143965.3	492	454	332	592	518	261
rna-NM_018988.3	53	58	60	40	30	24
rna-NM_001031713.3	2113	2582	1936	2788	2364	4238
rna-XM_005248968.4	323	395	322	371	457	240
rna-NM_001317724.1	2036	1755	1459	2241	2236	1778
rna-NM_005493.2	3979	4814	3595	5334	3493	11402
rna-NM_001165034.1	637	914	582	756	732	1496
rna-NM_004233.3	962	509	330	814	732	919
rna-NM_013262.3	1054	456	617	806	923	1462
rna-NM_006877.3	778	2621	2280	731	217	1665
rna-XM_011514579.3	1074	1851	1638	801	1118	1221
rna-NM_032122.4	1293	564	566	1307	1203	885
rna-NM_001128164.1	974	2272	1754	566	456	1128
novel.354.1	14	32	35	4	6	17
novel.392.1	8	17	17	6	5	8
rna-NM_001190766.1	7	0	0	2	0	0
rna-NM_001143942.1	560	169	195	369	279	146
rna-NM_006366.2	831	563	569	693	1205	713
rna-NM_016255.2	1514	1861	2038	1252	1295	1978
rna-NM_001278209.1	4734	3109	2243	3915	5393	3693
rna-NM_022113.5	1330	1497	1227	1049	1469	1219
rna-NM_198586.2	22	6	2	27	34	0
rna-NM_000367.4	1469	1554	1426	1225	1058	810
rna-XM_017010440.2	1287	1197	1146	1040	1469	936
rna-XM_017011273.2	5404	3024	2322	3652	6960	2991
rna-NM_001546.3	55	11	10	37	130	38
rna-NM_182757.3	2222	269	336	1925	3446	1032
rna-NM_001080480.2	300	192	189	281	321	98
rna-NM_001949.4	2044	1587	1121	1565	1918	1729
rna-NM_003107.2	1810	4488	5803	2009	744	5823
rna-XM_024446481.1	660	512	385	708	816	446
novel.355.1	14	34	31	13	0	14
rna-NM_138574.3	2	0	0	0	0	0
novel.356.1	3	10	20	6	0	0
rna-NM_181337.3	0	0	0	0	0	0
rna-NM_001195610.1	32	0	6	35	81	25
rna-NM_001286264.1	1060	1254	932	1134	1261	1191
rna-XM_017010753.2	15	55	43	7	8	21
rna-NM_170740.1	295	962	790	299	294	284
rna-NM_001350403.1	12	3	5	10	10	28
rna-NM_015895.4	1982	1427	884	1616	1579	645
rna-NM_016614.2	2008	1630	1371	2158	2378	2104
rna-NM_018473.3	907	813	750	1063	1011	855
rna-NM_030939.4	8825	5725	5524	7463	9835	5984
rna-XM_011515012.1	709	3067	1926	409	68	555
rna-XM_011515047.2	3	4	2	3	1	6
rna-XM_017011008.1	1202	751	1008	1169	2255	2114
rna-NM_006355.4	1691	621	609	1385	2068	680
novel.357.1	47	47	42	60	87	83
rna-NM_003529.2	10	6	3	5	16	10
rna-NM_003537.3	21	4	7	26	59	123
rna-NM_003513.2	1	0	0	0	4	8
rna-NM_021062.2	4	0	0	1	1	1
rna-NM_003531.2	2	5	8	4	1	4
rna-NM_005319.3	4088	1229	1592	6276	7209	4141
rna-NM_000410.3	349	466	440	334	428	346
rna-NM_003542.3	9	3	0	14	8	10
rna-NM_005323.3	14	0	0	5	14	17
rna-NM_003526.2	44	5	9	48	119	66
rna-NM_003512.3	659	345	595	629	896	1006
rna-NM_005321.2	13	6	0	14	30	24
rna-XM_005249039.4	1164	209	354	982	1255	780
rna-NM_003523.2	5	2	2	6	15	16
rna-NM_003539.3	4	3	6	2	8	3
rna-NM_003530.4	317	43	48	212	288	177
rna-NM_021065.3	30	11	6	14	27	1
rna-NM_003522.3	11	0	2	8	23	11
rna-NM_003545.3	24	4	2	18	44	4
rna-NM_003518.3	95	17	17	93	131	63
rna-NM_021052.2	93	30	23	123	141	79
rna-NM_003532.2	58	22	37	37	89	36
rna-NM_005320.2	10	7	10	9	23	9
rna-NM_021018.2	12	2	0	1	7	0
rna-NM_003524.2	38	10	7	30	52	15
rna-NM_003534.2	48	7	12	37	38	8
rna-NM_003543.3	136	23	39	125	294	121
rna-XM_011514267.3	1254	904	734	949	683	549
rna-XM_011514228.2	1267	851	794	1114	1001	624
rna-NM_007048.5	1533	922	801	1457	1555	727
rna-NM_006994.4	2170	873	699	1689	1507	529
rna-NM_007049.4	1956	822	720	1750	2786	2174
novel.358.1	10	17	14	9	9	25
rna-NM_006353.2	3786	4235	3851	3694	3578	2625
rna-NM_013375.3	1169	1238	982	1236	1133	1173
rna-NM_001242799.1	1311	956	915	1100	1216	872
novel.394.1	4	0	0	3	9	3
novel.359.1	63	47	45	75	107	40
rna-NM_021058.3	379	34	44	231	305	126
rna-NM_080596.2	0	2	4	3	8	5
rna-NM_021064.4	72	23	22	52	78	41
rna-NM_080593.2	7205	1459	2094	7506	9460	6490
rna-NM_003495.2	30	5	5	9	48	16
rna-NM_005865.3	141	12	25	177	168	84
rna-XM_011515048.2	0	0	0	0	0	0
rna-NM_033482.3	2	0	0	1	4	2
rna-NM_001322288.1	172	121	93	226	296	195
rna-NM_007149.2	635	483	446	622	732	626
rna-NM_003519.3	2	2	2	4	14	4
rna-NM_021066.2	7	5	0	3	5	9
rna-NM_003509.2	48	15	24	40	92	77
rna-NM_003536.2	148	49	57	156	270	103
rna-NM_021968.3	17	2	5	32	54	15
rna-NM_003541.2	35	3	8	49	88	23
rna-NM_003510.2	9	2	7	5	21	6
rna-NM_003520.3	36	4	7	19	37	24
rna-NM_003511.2	12	2	8	7	3	0
rna-NM_005322.2	2	1	4	2	6	1
rna-NM_003535.2	3	0	0	4	10	5
rna-NM_003514.2	31	13	16	44	71	32
rna-NM_033057.2	0	0	0	0	0	0
rna-NM_003527.4	89	7	15	70	83	29
rna-NM_012367.1	38	6	8	28	49	20
rna-NM_003447.3	69	19	32	71	124	41
rna-XM_017011324.1	297	155	153	368	261	268
rna-XM_011514875.2	183	207	167	206	231	141
rna-XM_017011266.2	1544	2075	1742	1657	1876	1776
rna-XM_005249095.3	393	345	369	368	406	284
rna-NM_001023560.3	387	508	379	421	434	312
rna-NM_001184743.1	601	317	236	582	756	382
rna-XM_011514808.3	91	232	202	108	115	86
rna-XM_006715215.2	186	203	188	195	239	129
rna-XM_017011528.2	214	85	74	216	381	83
rna-XM_011514408.2	60	4	10	38	69	4
rna-NM_052923.1	89	89	97	65	152	101
rna-NM_006510.4	797	464	407	806	885	597
rna-XM_011514511.2	16	6	4	18	22	5
rna-NM_030903.3	1	0	0	0	0	0
rna-NM_006398.3	14	3	3	8	14	5
rna-NM_007160.3	2	0	0	0	1	1
rna-XM_005248982.2	82	49	44	70	65	34
rna-NM_001109809.2	0	0	1	1	0	0
rna-NM_001098479.1	370	197	180	286	260	144
rna-XM_017010816.1	0	0	0	0	0	0
novel.360.1	0	0	0	0	0	0
novel.361.1	0	0	0	0	0	0
rna-NM_002116.7	4752	1760	2043	4615	3298	2415
rna-NM_170783.3	83	96	78	104	81	54
rna-NM_021959.2	290	460	389	441	394	340
rna-NM_025236.3	6	25	25	20	7	24
rna-NM_007028.4	0	0	0	0	0	0
rna-XM_005249378.2	478	280	238	519	609	303
rna-NM_021253.3	137	111	82	149	159	146
rna-NM_001199119.1	62	16	10	69	65	38
rna-NM_001199120.1	40	38	33	61	38	33
rna-XM_017010808.1	5410	2514	2584	5159	4426	2947
rna-NM_005275.3	924	872	808	1063	848	832
rna-NM_025263.3	97	69	53	115	109	52
rna-NM_001025091.1	847	724	529	935	901	726
rna-NM_002714.3	821	536	440	956	1129	1166
rna-NM_014046.3	494	434	340	543	504	259
rna-NM_001031722.3	19	39	32	23	14	16
rna-NM_001161376.1	71	51	45	79	88	53
rna-NM_003587.4	455	375	316	439	406	325
rna-NM_133471.3	1405	718	609	1376	1264	848
rna-NM_001270707.1	189	231	159	169	99	89
rna-XM_005249492.2	229	239	162	271	293	191
novel.362.1	342	571	294	346	281	173
rna-NM_001293212.1	7319	10211	5999	7334	5621	3855
rna-NM_005803.3	1885	1970	1563	2873	1428	3374
rna-NM_003897.3	3152	274	455	3758	5227	3240
rna-XM_011514882.2	2608	4648	4116	2928	2497	4072
rna-NM_001517.4	207	210	181	245	210	193
rna-NM_001167734.1	195	151	121	304	284	143
rna-NM_014070.2	104	551	276	142	0	174
rna-NM_014068.2	10	6	5	9	5	1
rna-NM_001264.4	1	2	0	1	0	1
rna-NM_014069.2	1	1	2	0	1	0
rna-XM_017010961.1	189	140	114	187	206	73
rna-NM_001318908.1	592	408	223	573	729	207
rna-NM_002701.5	4	0	2	5	11	3
rna-NM_002117.5	36	15	10	27	25	7
rna-NM_005514.7	1701	237	292	1275	945	274
rna-NM_001177519.2	274	42	38	220	284	52
novel.363.1	411	51	50	234	93	18
rna-NM_005931.4	771	86	98	551	656	198
rna-NM_001011700.2	0	0	0	0	0	0
rna-NM_080598.5	515	652	520	704	671	569
rna-NM_130463.3	9	18	17	10	9	8
rna-NM_005007.3	219	175	166	297	176	177
rna-XM_011514618.1	0	1	1	1	1	2
rna-NM_000594.3	52	5	15	87	247	136
rna-NM_002341.1	43	4	9	58	66	66
rna-XM_006715206.3	1	1	3	6	2	1
rna-NM_147130.2	1	0	0	1	1	0
rna-NM_004638.3	3104	2299	1723	2920	3294	2054
rna-XM_017011275.2	3174	3391	2910	3546	3013	2839
rna-NM_019101.2	5	10	10	5	4	5
rna-NM_021184.3	244	193	141	310	287	174
rna-NM_001199237.1	292	106	91	315	321	130
rna-NM_001320.6	1149	1079	908	1325	1118	971
rna-NM_021221.2	9	2	5	8	18	5
rna-NM_025262.3	2	1	1	2	2	2
rna-NM_021160.2	124	126	90	132	137	74
rna-NM_013974.2	316	179	199	343	293	219
rna-NM_001287593.1	1933	1827	1531	2112	1873	1173
rna-NM_172165.3	19	25	19	17	17	8
rna-NM_001039651.1	1	2	1	1	1	1
rna-XM_005249427.2	7	3	5	16	14	6
rna-XM_005249362.2	1195	1803	1335	1373	1193	822
rna-NM_021177.4	253	302	232	310	231	183
rna-NM_005527.3	20	4	6	25	51	31
rna-NM_005345.5	1656	414	510	1762	2194	1352
rna-NM_005346.4	1824	526	583	1877	2297	1377
rna-NM_001287484.1	893	629	744	944	634	818
rna-NM_000434.3	982	388	417	971	1104	696
rna-NM_025257.2	5	1	1	6	2	2
rna-XM_006714974.1	710	824	743	798	706	640
rna-XM_011514383.2	74	111	96	124	79	141
rna-NM_000063.5	8	3	3	7	8	9
rna-NM_007293.2	84	37	47	54	36	25
rna-NM_001002029.3	95	36	45	56	36	22
rna-NM_001710.5	442	74	106	544	695	520
rna-NM_002904.5	664	674	561	823	777	542
rna-NM_006929.4	321	439	412	408	442	282
rna-NM_005510.3	101	89	84	155	131	151
rna-NM_032454.1	64	49	59	68	65	45
rna-NM_022110.3	276	145	136	301	272	267
rna-NM_030651.3	11	5	6	19	15	17
rna-NM_000500.7	1	2	2	1	1	1
rna-NM_019105.6	49	29	43	54	58	64
rna-NM_004381.4	768	797	758	787	821	532
rna-NM_138717.2	230	137	141	274	335	339
rna-NM_030652.3	13	6	9	8	24	13
rna-XM_005248805.4	681	915	788	740	560	571
rna-NM_022107.2	57	31	26	68	54	17
rna-NM_004557.3	12	6	7	8	13	8
rna-NM_002122.3	2	0	0	0	0	0
rna-NM_002120.3	1	1	0	2	1	1
rna-NM_006913.3	1027	877	812	1290	859	976
rna-NM_001206929.1	12	4	6	6	12	5
rna-NM_002586.4	375	312	277	381	396	242
rna-NM_000544.3	1747	1066	908	1549	2028	1193
rna-NM_002118.4	9	3	3	12	7	8
rna-NM_006120.3	54	7	15	48	29	16
rna-NM_148919.3	786	426	385	846	754	446
rna-NM_000593.5	2432	1055	980	2127	2141	1333
rna-NM_002800.4	812	376	308	630	623	191
rna-NM_002119.3	5	0	1	5	3	0
rna-NM_001242525.1	28	5	4	22	25	3
rna-NM_002121.5	100	12	16	90	106	29
rna-XM_017010250.1	21	5	7	27	23	5
rna-NM_001199455.1	2271	1602	1539	1990	3125	2767
rna-NM_014234.4	17	4	4	10	13	1
rna-NM_001270401.1	279	180	206	319	428	312
rna-NM_006979.2	2315	1373	1398	2412	2000	1642
rna-NM_002931.3	396	359	321	494	432	248
rna-XM_017010836.1	931	596	253	725	675	166
rna-NM_022553.5	205	405	331	291	327	220
rna-NM_022551.2	9118	12201	12173	10741	5990	8081
rna-NM_003782.3	6	3	5	9	13	6
rna-XM_017011484.2	646	423	382	711	622	361
rna-NM_014260.3	276	265	210	219	249	111
rna-XM_024446505.1	619	497	513	706	639	502
rna-NM_172208.2	756	428	529	918	1223	735
rna-NM_001145338.1	174	223	198	270	207	197
rna-NM_001141970.1	1120	543	559	1132	1161	769
rna-XM_011514662.1	1788	878	881	2183	2028	1367
rna-NM_001014433.2	3188	2541	2384	3272	2393	1990
rna-NM_006772.2	421	444	469	390	527	304
rna-NM_152735.3	309	392	305	421	305	180
rna-NM_001188.3	2348	1622	1266	2648	2346	1321
rna-XM_024446324.1	265	52	81	318	270	43
rna-NM_002224.3	8294	6561	5708	9787	8818	9568
rna-NM_032340.3	1839	1488	1157	2214	2044	1434
rna-NM_181336.3	4651	3957	3726	5110	3644	4967
rna-NM_000841.3	4	12	2	7	0	14
rna-NM_020804.4	16	10	15	33	17	12
rna-NM_001319082.1	28262	14723	12455	32470	22311	17028
rna-NM_001008704.2	841	598	602	1110	1068	705
novel.364.1	73	288	216	87	59	124
rna-NM_006703.3	769	1466	1095	1278	1071	1413
rna-NM_001202470.2	1355	823	811	570	955	914
rna-NM_001014.4	27364	37029	31138	35868	20713	27230
rna-XM_005248988.5	4	0	10	5	9	22
rna-NM_024294.3	12615	7404	6605	13361	11481	12907
novel.365.1	16	30	29	20	13	18
rna-NM_003093.2	3252	3640	2764	3897	3319	2432
rna-NM_017754.3	1388	1749	1218	1661	2064	1437
rna-NM_005643.3	949	1384	1055	1059	894	903
rna-XM_011514431.3	793	625	460	639	765	927
rna-NM_001093728.2	2	0	3	0	0	2
rna-XM_005248943.1	35	58	51	36	32	32
rna-NM_022047.3	46	30	22	56	33	22
rna-XM_011514847.3	552	713	507	773	870	693
rna-NM_001171818.1	2540	2163	2194	2890	2671	2001
rna-NM_021922.2	868	681	585	996	717	445
rna-NM_007104.4	14914	21009	19686	15798	10332	12530
rna-NM_003214.3	2469	1330	1428	2451	2271	1076
rna-NM_003322.5	3	0	0	16	7	0
rna-NM_001145775.2	7188	9102	6866	6082	6473	2556
rna-XM_017010435.2	15	11	17	24	24	16
rna-NM_001286550.1	10	7	12	15	13	8
rna-NM_003137.4	3696	4277	3085	3731	5563	3405
rna-NM_002754.4	278	56	99	301	280	121
rna-XM_011514310.3	4344	3119	2790	3834	3953	2831
rna-NM_015695.2	3931	1016	967	4109	6549	3160
rna-XM_017010776.1	0	0	5	9	23	18
rna-NM_001010903.4	2	0	0	0	7	0
novel.395.1	190	52	60	103	231	11
rna-NM_016135.3	759	59	127	883	960	128
rna-XM_011514400.2	6	8	8	10	0	6
rna-NM_173562.4	3516	6917	5424	3502	3262	3829
rna-NM_001305102.1	3094	2252	2197	2869	3129	2742
rna-NM_003017.4	4922	9598	4224	5000	6705	2232
rna-NM_001291549.1	13433	3805	3387	12002	10716	3521
rna-XM_024446435.1	5	2	0	0	0	3
rna-XM_011514768.1	25	38	19	31	21	22
rna-NM_016059.4	1834	1532	987	2416	1826	1776
rna-NM_152734.3	4005	6528	5612	4858	3662	5428
rna-NM_001199159.1	2	3	0	4	3	8
rna-XM_017010429.2	13	4	5	13	19	0
rna-XM_005248978.2	14623	11416	10774	15808	12062	15231
rna-NM_001243186.1	2325	1333	1369	2058	1383	1061
rna-XM_011514365.2	71	13	11	76	90	59
rna-NM_017772.3	1835	1012	856	1744	2033	1147
rna-NM_003958.3	1400	1066	1016	1394	1501	961
rna-XM_024446613.1	0	3	0	0	0	0
rna-NM_015050.2	4392	4039	3141	4453	5101	3280
rna-NM_138493.2	263	642	549	355	175	239
rna-XM_006715056.3	239	159	178	265	173	421
rna-NM_001206927.1	2	0	0	0	0	0
rna-NM_018322.2	357	215	247	541	529	437
rna-NM_003740.3	159	181	243	618	4	1459
rna-XM_005248904.4	186	42	32	118	106	19
rna-NM_021943.2	6442	7009	6328	8987	6771	10647
rna-XM_011514279.3	582	717	566	645	722	945
rna-NM_006708.2	9419	11884	8278	9553	8301	6708
rna-NM_173561.2	12	13	23	26	17	35
rna-XM_006715039.3	639	101	79	588	388	87
rna-NM_001358530.1	1120	634	611	1604	1353	829
rna-NM_006789.3	1	0	1	5	0	0
rna-NM_001329684.1	494	464	411	590	519	536
rna-NM_002505.4	1715	1619	1576	1455	1469	1264
rna-XM_017010822.1	4	2	0	13	7	0
rna-NM_018965.3	21	8	7	15	26	2
rna-XM_011514289.2	3286	2648	2588	3454	3072	2199
rna-NM_001300804.1	59	63	79	53	21	13
rna-NM_002630.3	3	0	5	6	5	0
rna-NM_006653.4	295	300	270	333	377	269
rna-NM_001167827.2	703	621	622	633	431	299
rna-XM_011514296.2	767	558	523	757	1136	702
rna-NM_013397.5	190	163	139	234	366	222
rna-NM_001134493.1	1577	2765	2306	2029	2204	1697
rna-NM_001286554.1	645	406	349	430	799	434
rna-NM_004275.4	851	1156	987	1188	969	710
rna-NM_004053.3	2198	2072	1468	2726	2515	1664
rna-NM_001760.4	7936	8000	5755	8165	6652	6284
rna-NM_001164446.2	528	76	86	433	558	219
rna-NM_001319061.1	3	0	0	0	3	0
rna-NM_002098.5	43	38	52	73	45	100
rna-XM_011514724.3	2501	3032	2412	2861	2528	2337
rna-XM_017011037.1	577	228	224	577	986	833
rna-XM_017011613.1	2	4	4	0	0	0
rna-XM_017010594.1	1487	1155	1097	888	1826	1040
rna-NM_003192.2	1103	564	707	1096	1153	655
rna-NM_015950.4	2097	2115	1583	2710	2228	1467
rna-NM_201523.2	991	955	804	1123	967	843
rna-NM_001243168.1	0	2	0	3	0	0
rna-NM_001318819.1	642	777	654	776	975	848
rna-XM_017010780.1	7593	11091	7372	8523	7654	8556
rna-NM_001008739.1	121	202	231	183	152	127
rna-NM_001318842.1	3801	3926	3593	5823	4762	4374
rna-NM_001318857.1	5	1	2	7	12	22
rna-NM_018960.5	14	18	38	33	16	23
rna-NM_000287.3	1432	2682	2470	1556	819	753
rna-NM_006245.3	5537	4264	3861	5377	5472	3097
rna-XM_005249121.4	3454	3963	3401	4712	4376	3343
rna-XM_024446320.1	5407	7107	6260	6530	4768	3919
rna-NM_033112.3	2865	2353	1955	3494	3392	2335
rna-XM_017011533.1	2038	2015	1933	2167	2086	1774
rna-NM_001270398.1	10859	7907	8124	9756	7472	5697
rna-NM_003131.3	2371	2239	1809	2185	2476	1706
rna-XM_011514423.2	1013	1746	1715	1053	1080	1089
rna-NM_006443.2	568	437	535	777	590	368
rna-XM_011514256.3	0	0	0	0	0	2
rna-XM_005249103.4	3	0	0	6	6	0
rna-NM_014345.2	2281	1623	1207	1585	2054	1752
rna-XM_017011445.2	548	442	467	892	1139	570
rna-XM_005249308.5	759	232	288	906	806	316
rna-NM_001350561.1	1548	875	776	1650	1867	1125
rna-NM_001012974.2	78	114	121	88	24	58
rna-NM_015388.3	5149	6002	6166	6227	4264	5357
rna-NM_203290.3	1361	1204	917	1563	1881	1385
rna-NM_020750.2	4262	6098	3816	4026	4464	3506
rna-NM_006502.2	1241	1306	1045	1056	1464	712
rna-NM_019096.4	3446	3170	2358	4129	3894	1982
rna-NM_001003690.1	1472	1158	875	1494	1487	1136
rna-XM_005248901.3	9	5	6	7	9	9
rna-XM_006715134.3	2343	2621	1741	2956	2268	1979
rna-NM_153246.5	18	51	36	15	4	3
rna-NM_001025366.2	18455	41603	30382	16604	12022	31567
rna-XM_011514274.1	2	0	0	0	0	0
novel.396.1	12	2	6	29	68	24
rna-NM_001318770.1	2455	2193	1502	2895	2418	1797
rna-XM_005249211.3	3138	3707	3293	3887	3279	4266
rna-XM_024446299.1	4	0	4	2	0	9
rna-XM_011514341.2	6096	3069	2621	9215	10183	7503
rna-NM_001137560.1	414	21	46	364	299	195
rna-NM_182539.3	1	3	0	5	2	3
rna-NM_020745.3	1599	1802	1471	1648	1628	1237
rna-NM_001253.3	3398	2519	1956	2737	3725	2039
rna-XM_011514949.3	361	245	215	323	371	139
rna-NM_001024630.3	865	1251	783	576	642	198
novel.366.1	98	66	28	70	32	13
rna-NM_001271970.1	62555	69287	53344	57799	64185	47656
rna-NM_178148.3	4651	5044	4590	5833	4804	4504
rna-NM_004556.2	1824	709	694	2122	2425	1733
rna-NM_014936.4	1023	619	569	941	1819	1084
rna-NM_021572.5	52	47	37	48	41	22
rna-NM_001251973.1	13	37	24	11	0	15
rna-XM_017010921.1	20	16	38	31	49	99
rna-NM_004277.4	15	32	21	20	37	18
rna-XM_005249408.4	0	14	7	0	0	0
rna-NM_001010870.2	3	0	4	0	0	8
rna-XM_005248892.3	244	10	16	169	102	60
rna-NM_153840.3	26	0	0	48	29	25
rna-NM_014452.4	1081	3098	1346	1293	744	1523
rna-NM_012120.2	2924	1397	1649	1704	4202	2028
rna-NM_153839.6	4	0	2	2	0	0
rna-NM_153838.4	71	0	11	48	58	14
rna-XM_017010416.1	3	0	0	0	0	0
rna-XM_017010891.1	120	79	52	75	143	239
rna-NM_000255.3	2174	3597	2907	2018	1849	2211
rna-XM_011514723.2	1373	536	435	1092	1482	351
rna-NM_001145652.1	95	94	76	38	23	28
rna-NM_000324.2	1	0	0	2	0	0
rna-NM_001205220.1	0	0	0	0	0	0
rna-XM_017011233.1	4	0	0	0	0	0
rna-NM_001190986.2	0	0	0	0	0	0
novel.397.2	0	0	10	0	0	36
novel.397.1	15	10	0	27	20	12
rna-XM_017010944.2	7	6	8	0	0	2
rna-NM_133367.4	2854	1703	2222	6233	2556	8254
rna-NM_002388.4	15006	8130	4686	14250	13320	6590
novel.368.1	494	448	458	583	403	750
rna-NM_018100.3	741	999	831	683	517	773
rna-NM_012288.3	9285	12958	9129	7777	7312	5311
novel.367.1	143	324	334	255	229	263
novel.367.2	75	97	16	63	0	56
rna-NM_014051.3	781	902	715	814	821	619
rna-NM_153699.1	0	0	0	0	0	0
rna-NM_001512.3	102	407	426	136	45	128
rna-XM_011514420.2	758	1749	1144	477	522	903
rna-XM_017011390.2	2	0	0	0	0	6
rna-NM_012347.4	1233	1427	1287	1591	1257	1857
rna-NM_001242828.1	8009	11744	8212	6475	6628	6030
rna-NM_001498.3	2126	1695	1798	1690	2448	1846
rna-NM_001003760.4	3	5	6	3	13	0
rna-XM_011514726.2	731	789	783	604	759	720
rna-XM_006715245.3	2	0	0	0	0	0
rna-NM_014464.3	6	0	0	9	13	3
rna-XM_017010478.1	80	0	24	54	163	59
rna-XM_017010798.1	5	0	0	0	0	0
rna-NM_019036.2	9	7	4	6	0	0
rna-NM_021073.3	25	166	155	31	8	12
rna-XM_011514924.2	12	4	5	11	2	19
rna-XM_017011205.1	1524	3302	2884	823	2573	1848
rna-NM_152731.2	22	65	53	34	18	61
rna-NM_020931.3	253	475	349	204	306	166
rna-NM_001031623.2	1821	1561	1595	1396	2143	1622
rna-NM_004282.3	605	894	558	732	886	347
rna-NM_001278666.1	2040	1324	981	1771	2185	1369
novel.398.1	0	0	0	0	24	28
novel.398.2	14	0	6	15	0	0
novel.398.3	156	93	77	203	145	149
novel.398.5	89	51	37	155	163	44
novel.398.4	56	9	45	92	98	182
rna-XM_017011004.2	1784	999	659	1734	1739	1073
rna-NM_001190706.1	2	1	2	1	1	1
rna-XM_017010334.1	0	0	0	10	0	0
rna-XM_011535648.3	1357	1524	1781	897	2556	1703
rna-XM_017010929.2	13	2	4	8	18	0
rna-XM_017011270.1	5025	4602	3668	4864	9281	8187
novel.399.1	185	25	8	272	137	36
novel.399.2	305	4	23	347	306	70
rna-NM_001292009.1	5	0	12	3	18	15
rna-NM_001271675.1	13	6	11	12	21	15
rna-XM_005248752.3	96	9	12	60	97	33
rna-NM_018368.3	1500	1891	2442	1722	1254	2353
rna-XM_011535437.2	11	0	0	6	4	4
rna-NM_001330999.2	766	591	620	818	3008	1658
rna-NM_145267.2	69	218	177	97	45	52
rna-NM_001044305.2	1152	2282	2086	1188	1268	1483
rna-NM_080742.2	3	1	0	6	1	1
rna-XM_017011303.1	4480	2271	3121	4992	11260	13711
novel.400.2	222	94	66	82	418	391
novel.400.1	104	0	95	187	267	312
rna-NM_014989.5	16	18	8	22	24	30
rna-NM_001126063.2	0	2	0	0	6	0
rna-NM_001251874.1	160	76	99	189	305	210
rna-XM_024446606.1	0	0	0	0	0	0
rna-NM_001160133.1	160	199	58	105	84	102
rna-NM_018665.2	0	0	2	2	5	1
rna-NM_138441.2	400	43	64	428	870	453
rna-NM_012434.4	1602	1359	1236	1971	2778	2541
rna-NM_133493.4	2425	3325	3044	2059	4445	4666
rna-XM_011535434.1	543	789	607	350	681	455
rna-NM_001865.3	1829	3371	3228	2736	1644	2716
rna-NM_018247.3	5224	9268	8664	5645	5379	10581
rna-NM_001289987.2	13	63	37	19	6	12
rna-NM_015571.3	898	1276	1127	699	1631	956
rna-XM_005248719.4	962	802	796	713	1463	874
novel.370.1	6	11	13	34	0	124
rna-NM_000863.2	133	6	6	43	45	19
rna-XM_006715336.3	30	46	31	28	22	14
rna-NM_017934.6	685	716	672	372	1335	464
rna-NM_001201363.1	433	1071	793	592	539	511
rna-NM_001122769.2	176	267	282	182	303	284
rna-XM_011536282.2	17	9	4	11	7	12
rna-NM_031469.3	210	287	239	304	393	476
rna-NM_022726.3	554	404	462	701	502	712
rna-XM_011536099.3	631	547	199	408	691	201
rna-NM_183050.3	525	1061	996	560	455	757
novel.401.2	0	0	0	0	0	17
novel.401.1	2	15	10	15	0	25
novel.401.3	335	772	576	884	0	1938
novel.401.4	63	130	167	399	0	1159
novel.401.5	114	131	116	182	0	515
rna-NM_017633.2	754	577	473	534	674	723
rna-XM_006715453.3	386	875	618	426	636	476
rna-NM_006670.4	1003	1403	1236	1249	1547	1961
rna-XM_011536238.3	220	333	291	287	217	272
rna-NM_001123226.1	531	804	614	679	727	666
rna-NM_001402.5	252015	393455	419615	335738	258417	424156
rna-XM_017010559.1	345	630	510	297	351	484
rna-NM_001199917.1	1339	1686	1535	1137	1521	1304
rna-NM_033411.4	273	368	347	278	322	272
rna-NM_002395.5	707	85	224	1679	3968	3520
rna-NM_001170423.1	772	1887	1355	3471	2750	14499
rna-NM_001009994.2	5	0	2	20	13	11
rna-NM_014841.2	0	0	0	2	2	0
rna-NM_016230.3	704	850	690	818	1155	1219
rna-XM_017010220.1	79	63	46	107	135	131
rna-NM_014895.3	97	53	79	54	320	70
rna-NM_001080508.2	145	30	29	130	159	33
rna-NM_002526.3	3921	2341	1421	2869	2932	1768
rna-NM_001350532.1	1773	2336	2250	1695	2166	2313
rna-XM_005248637.2	4069	9281	6156	4517	4883	4748
novel.402.3	295	111	117	320	192	154
novel.402.2	52	64	65	82	53	115
novel.402.1	10	41	105	7	0	103
novel.402.4	22	60	45	77	21	98
novel.402.5	109	0	21	0	74	162
novel.402.6	616	591	612	692	972	479
novel.402.7	156	23	39	187	0	0
rna-XM_017011596.1	5	2	2	0	2	1
rna-XM_005248716.2	25	0	8	26	98	36
rna-NM_001042493.2	127	370	256	228	139	152
rna-NM_001010868.2	6	0	3	2	0	0
rna-NM_001031743.2	17	6	10	38	35	17
rna-NM_015021.2	876	1568	1840	440	1496	1137
rna-NM_006416.4	520	394	346	555	657	499
rna-NM_001350505.1	762	1347	1259	801	753	721
rna-NM_181837.2	946	1403	1076	816	1011	612
rna-NM_018064.3	994	2087	1549	1162	1011	1603
rna-XM_017010240.2	151	776	557	76	2	47
rna-XM_017011401.2	1106	2095	1532	1116	1257	1310
rna-NM_006813.2	7526	7367	7376	9439	12537	13083
rna-XM_017010292.1	68	62	72	72	173	84
rna-NM_001010853.2	751	2165	1411	565	938	852
rna-NM_002043.4	7	21	9	12	20	20
rna-NM_016021.2	2412	6704	4611	2942	2280	3840
rna-NM_021244.4	1635	5126	4099	1859	1023	2690
rna-XM_005248679.3	293	543	553	302	412	591
rna-NM_020466.4	890	1685	1393	1271	1242	1729
rna-NM_012115.3	230	155	179	107	608	134
rna-NM_014611.2	419	985	500	379	1135	552
rna-XM_024446511.1	46	126	86	24	12	15
rna-NM_145331.2	1433	1623	1458	1326	2052	1637
rna-NM_004440.3	14	0	0	0	7	6
novel.403.1	117	681	574	215	0	284
rna-NM_024641.3	215	337	289	207	496	236
rna-NM_006581.3	6	0	2	2	18	10
rna-NM_015323.4	315	604	592	236	509	273
rna-NM_030784.3	44	63	39	39	98	51
rna-NM_014165.3	333	675	449	456	461	492
rna-NM_001323252.1	4	6	20	2	7	8
rna-XM_011535674.3	359	327	192	279	483	142
rna-NM_005604.3	1167	11044	9559	1204	7	2723
rna-XM_017010726.1	422	746	622	301	437	339
rna-NM_032511.3	181	474	380	167	107	310
rna-XM_006715500.3	174	518	291	213	133	112
rna-XM_005266912.4	245	526	394	312	786	449
rna-XM_017010141.2	16	53	43	27	45	27
rna-NM_001346022.1	179	270	224	200	356	250
rna-NM_005190.3	1611	4204	3095	1672	1304	1478
rna-XM_005267100.2	232	5	10	83	254	59
rna-XM_005266945.2	370	1406	1276	300	33	644
rna-XM_011535394.3	979	1742	1162	700	1458	681
rna-NM_020771.3	451	465	413	364	420	412
rna-NM_001199563.1	1408	4246	5058	3363	376	9572
rna-NM_022361.4	655	2029	2088	1814	52	3063
rna-NM_002726.4	2382	6175	6021	3963	1904	8300
rna-XM_011536062.3	360	711	780	525	68	1096
rna-NM_004849.3	1285	1755	1416	1645	1461	2237
rna-XM_005266839.3	1466	8503	6648	2625	48	8138
rna-XM_017011375.2	252	374	338	248	205	224
rna-NM_018292.4	707	1346	986	714	700	714
rna-XM_024446293.1	2349	8026	8198	2757	829	3656
rna-XM_017010920.1	177	279	259	190	175	227
rna-NM_001080450.2	165	209	115	168	244	154
rna-XM_011535956.3	475	840	688	542	465	577
rna-XM_005267041.4	167	735	768	233	102	607
rna-NM_007214.4	2216	3691	3517	2248	1914	2520
rna-NM_014028.3	1588	1849	1639	1846	2268	3060
rna-NM_001286102.1	48	251	272	88	0	122
rna-NM_145315.4	95	153	97	109	144	94
rna-NM_003795.5	5424	10557	9873	8231	6526	10978
rna-NM_201559.2	2332	4742	4209	2060	2495	2443
rna-XM_005267155.2	77	78	52	64	70	98
rna-NM_014454.2	232	318	307	276	308	809
rna-XM_005266935.5	195	330	237	231	304	213
rna-NM_006016.5	9684	10848	9283	9894	12908	15477
rna-NM_001111298.2	29	94	56	47	23	42
rna-XM_024446526.1	367	436	413	556	393	440
rna-NM_001286613.1	694	1136	1185	776	720	497
rna-NM_014797.2	519	564	456	510	823	813
rna-XM_011535550.2	126	138	143	127	99	180
rna-NM_014845.5	412	1197	887	403	395	389
rna-NM_001024936.1	1135	1567	1375	1124	1312	1746
rna-NM_015891.2	985	1635	1332	956	1097	1291
rna-NM_003649.2	101	177	80	67	28	12
rna-XM_024446376.1	1227	1584	1740	1471	1609	3555
rna-NM_001634.5	4555	4027	2841	5734	5820	10380
rna-NM_138408.3	653	1416	1107	943	987	940
rna-NM_032194.2	1125	1840	1208	1282	1211	1250
rna-NM_018593.4	28	63	34	22	39	79
rna-NM_153369.2	207	229	202	238	240	252
rna-XM_011536028.2	473	767	781	315	799	476
novel.372.1	6	27	19	9	12	11
rna-XM_011535386.2	221	1008	640	234	128	123
rna-NM_198239.1	0	0	0	0	0	0
rna-NM_016262.4	169	217	173	220	221	154
rna-NM_001033564.2	296	419	440	347	187	290
rna-NM_002037.5	2633	7865	6645	2937	670	3825
rna-XM_024446614.1	5	6	0	1	2	7
rna-NM_001105206.2	485	1302	1041	374	12	368
rna-NM_001013734.2	3	4	0	2	10	12
rna-NM_002356.6	7772	16148	15605	8518	8195	10628
rna-NM_001527.3	4036	7841	6174	4655	3460	5799
novel.373.1	47	168	127	67	16	57
rna-XM_017010474.2	22	51	66	25	0	60
rna-XM_011535655.2	3	8	6	8	0	8
rna-NM_152729.2	618	1442	1092	664	840	486
rna-XM_011535432.3	2	0	0	0	4	0
rna-NM_021648.4	458	1362	1240	493	436	395
rna-NM_003309.3	1825	3147	3129	2340	2695	2601
rna-XM_017010795.1	1293	612	581	1119	2101	1614
rna-XM_011535845.3	0	2	5	4	10	13
rna-NM_001139444.2	0	0	0	0	0	0
rna-NM_153711.3	39	64	27	35	8	12
rna-XM_005266860.3	2	0	0	0	0	3
rna-NM_015952.3	997	1407	1160	1269	749	1351
rna-NM_001010892.2	21	6	12	21	35	6
rna-NM_145062.2	203	320	267	204	309	176
rna-XM_011535805.2	122	187	119	103	206	242
rna-NM_001085480.2	2	2	0	0	0	0
rna-XM_005266883.2	12	4	2	5	3	14
rna-XM_011536049.2	6	0	0	0	0	0
rna-XM_005266941.1	1046	659	604	843	1078	481
rna-NM_020399.3	1509	1326	1131	1198	1759	1603
rna-NM_138459.4	2243	3653	2985	2979	2267	3676
rna-XM_005266865.4	46	338	197	61	4	98
rna-NM_002667.4	0	4	3	0	0	0
rna-XM_017010846.1	223	334	294	140	307	213
rna-NM_017696.2	145	181	129	127	213	94
rna-NM_014034.2	807	1931	1718	906	526	771
rna-NM_024581.5	163	126	142	78	262	114
rna-XM_005266986.4	689	770	760	685	1138	1373
rna-XM_011535571.3	71	159	84	53	184	119
novel.374.1	31	107	90	41	2	43
novel.374.2	28	81	82	45	4	39
rna-NM_000165.4	3043	8440	6990	2100	1415	4059
rna-NM_004506.3	860	901	913	865	866	1082
rna-NM_001319039.1	985	6810	4231	929	6	642
rna-NM_006714.4	153	258	233	224	222	213
rna-NM_020755.3	8564	10578	11769	9605	8938	14299
rna-NM_001270394.1	43	26	23	36	28	21
rna-NM_006073.3	4	0	0	0	0	0
novel.404.1	0	0	0	1	0	0
novel.405.1	0	7	7	4	3	5
rna-XM_011535501.3	5	14	10	6	2	4
novel.375.1	92	55	21	490	11	1226
novel.375.2	243	504	437	1572	14	4175
rna-XM_011535494.2	1601	2350	2303	1365	1310	3066
rna-NM_001318903.1	916	1397	1617	1856	1127	2454
novel.406.1	3	3	3	9	0	23
rna-NM_016063.2	1111	3347	2722	2066	745	2615
rna-NM_012259.2	44	117	102	74	22	135
rna-XM_006715340.4	1317	635	559	986	1671	1164
rna-NM_138571.4	872	1897	1496	1009	663	1279
rna-NM_001031712.2	373	530	452	470	453	441
rna-NM_001286524.1	309	337	164	314	238	82
rna-NM_032784.4	86	6	8	68	145	175
rna-NM_014702.4	0	13	0	0	0	0
rna-XM_017011336.2	464	551	489	636	739	670
rna-NM_001139510.1	1111	2225	1944	1457	1429	1454
rna-NM_001012279.2	683	148	165	533	1196	514
rna-NM_001010905.2	5	0	0	0	5	0
rna-NM_001164685.1	22	108	59	6	1	6
rna-NM_001291981.1	1102	1168	912	952	1696	1685
rna-XM_017010851.2	65	100	45	58	55	18
rna-XM_006715576.3	354	320	327	347	498	429
rna-XM_005267212.2	2385	2351	2159	1743	1754	1332
rna-NM_001277185.1	1	4	0	2	0	0
rna-NM_001258277.1	161	200	157	142	89	90
rna-XM_024446349.1	2342	5298	3395	1948	2526	2492
rna-XM_017011508.1	87	224	106	80	77	52
rna-NM_001244438.1	3	0	0	0	0	0
rna-XM_005267223.3	576	781	656	556	988	730
rna-NM_005021.4	4	3	2	4	6	5
rna-NM_030908.2	5	1	1	5	15	7
rna-NM_001145659.1	6	1	3	9	8	14
rna-NM_006208.2	163	114	84	166	265	151
rna-NM_015529.3	360	293	278	253	153	183
rna-NM_001901.2	4209	3439	1689	3088	2789	938
rna-NM_001326579.1	1635	1765	1643	1465	1798	1776
rna-NM_004666.2	6	0	3	3	9	4
rna-NM_001291703.1	5	0	2	7	12	4
rna-NM_004665.4	23	0	2	43	27	22
rna-XM_017010368.2	1063	4287	3049	1627	249	6588
rna-NM_052831.2	447	1225	1046	530	494	557
rna-NM_001016.3	13299	29349	29029	16023	8219	16489
rna-NM_198392.2	946	47	103	794	485	196
rna-NM_001253676.1	437	660	546	439	430	523
rna-NM_145176.2	400	1518	2039	282	208	241
rna-NM_001143676.1	2885	532	1239	5839	7912	15304
rna-NM_022568.3	24	30	25	28	41	37
rna-NM_006620.3	1626	2629	2338	2192	2012	3416
rna-NM_001130173.1	55	73	22	20	50	47
rna-NM_001134830.1	540	372	432	436	1044	974
rna-NM_018945.3	19	4	2	18	16	0
rna-NM_138419.4	143	144	63	97	133	19
rna-NM_014739.2	2744	3169	2238	2975	5020	4687
rna-NM_001198609.1	207	771	783	217	184	233
rna-XM_017010870.1	894	972	750	1016	1923	1807
rna-NM_000288.3	156	316	237	167	226	211
rna-NM_001008783.2	7	6	3	11	19	18
rna-XM_017010954.2	3	0	0	0	0	0
rna-NM_000416.2	2144	1232	1259	1894	2027	1544
novel.376.1	175	2	8	179	191	61
rna-XM_011536095.1	3267	1475	947	1899	4018	2320
rna-NM_022121.4	2528	266	810	3442	5777	4976
rna-NM_021635.2	0	0	0	0	0	0
rna-NM_020340.4	723	1814	1607	495	586	970
rna-XM_024446612.1	2	0	0	0	0	3
rna-NM_001326380.1	764	1400	1309	1184	911	1144
rna-XM_017011086.2	176	628	506	229	199	427
novel.377.1	13	12	11	21	5	20
novel.377.2	5	0	0	6	0	2
novel.377.4	65	114	93	84	42	92
novel.377.3	5	30	25	10	12	14
novel.377.6	14	43	39	37	0	39
novel.377.5	5	7	4	4	0	3
rna-NM_001242740.1	4	11	8	3	4	0
rna-NM_015439.2	380	473	554	459	348	434
rna-XM_017010828.1	6	6	2	0	0	3
rna-NM_001286611.1	946	1908	1671	1185	774	1995
rna-NM_021243.2	604	1067	824	879	844	1559
rna-NM_016217.2	1037	1006	1093	992	1105	1545
rna-XM_024446341.1	12	39	32	9	3	7
rna-NM_001168389.2	3050	1291	1634	2904	2865	1582
novel.378.1	17	2	2	17	18	1
novel.407.1	5	14	8	15	0	15
novel.379.1	4	5	9	25	4	55
rna-NM_016485.4	1945	2802	2230	2011	1891	2543
rna-XM_006715516.2	1100	92	277	1192	3534	3104
rna-NM_006734.3	1573	1784	1376	1080	2100	3419
rna-XM_011535881.3	359	992	915	498	276	572
rna-XM_011535439.2	85	167	118	79	80	56
rna-NM_003630.2	431	1010	641	504	513	578
rna-NM_032020.4	2608	4757	3690	2946	2983	2625
rna-NM_001100164.1	143	235	212	157	280	168
rna-NM_032860.4	479	828	601	613	879	604
rna-NM_001289042.1	170	479	361	99	90	159
rna-NM_031287.2	2012	4097	3137	2969	2084	2752
rna-XM_011536213.2	178	59	82	147	240	165
rna-XM_011536101.3	1068	2208	1738	818	1489	2245
novel.380.3	0	0	0	0	0	29
novel.380.4	0	1	0	5	0	19
novel.380.8	0	9	13	14	0	69
novel.380.9	0	1	0	0	0	0
novel.380.1	41	109	135	131	0	283
novel.380.2	26	78	25	179	0	429
novel.380.5	2	1	5	47	0	217
novel.380.6	55	33	46	102	0	319
novel.380.7	2	14	3	11	0	56
rna-NM_005670.3	120	184	125	159	144	180
rna-NM_001348092.1	678	1029	792	629	914	857
rna-XM_017010691.2	183	308	162	110	287	198
rna-XM_017010784.1	10	9	5	26	6	109
rna-NM_006834.4	1915	1995	1563	2619	2031	2286
rna-NM_001127715.2	598	273	286	510	1042	1149
rna-XM_017010850.1	5	0	0	4	3	5
rna-XM_017010598.2	2148	1512	1569	3303	3385	10380
rna-NM_005715.2	694	1893	1779	699	240	1211
rna-XM_017010591.1	3574	3810	3465	3498	4065	5291
rna-NM_001002255.1	2	0	3	3	0	3
rna-NM_207360.2	4	2	0	2	4	2
rna-NM_139126.3	870	1219	1061	916	1188	962
rna-NM_138785.4	1834	3447	3058	1686	1129	1753
rna-NM_007044.3	361	795	600	439	422	498
rna-XM_017011474.1	1004	1692	1353	732	1093	1034
rna-NM_198887.2	1140	2487	1811	1448	1488	1659
rna-NM_001252049.1	4226	6340	5275	5640	4081	7307
rna-NM_032832.5	674	1227	935	618	624	470
rna-XM_011535475.2	4	2	4	0	5	0
rna-XM_017010831.2	39	56	40	58	38	71
rna-NM_025217.3	268	486	313	265	172	320
rna-NM_025218.3	115	13	31	197	428	248
rna-XM_011535486.2	9	34	18	17	0	17
rna-NM_024518.2	158	258	292	172	204	131
rna-NM_030949.2	128	1290	659	192	8	181
rna-NM_001329798.1	875	6070	4145	355	89	214
rna-XM_005266907.5	1541	2256	1636	1625	2133	1424
rna-NM_020861.2	1435	987	841	1710	2090	2800
rna-XM_017011517.2	9648	19076	12146	3748	5602	3686
rna-XM_011536147.2	15	0	2	0	2	2
rna-NM_017909.3	812	996	784	771	587	470
rna-NM_024573.2	913	1232	970	988	1139	880
rna-NM_001291230.1	5	0	3	0	0	0
rna-XM_017010608.1	275	469	280	168	224	101
rna-NM_025107.2	11	0	0	0	0	0
rna-NM_012177.4	1080	840	366	953	1029	571
rna-NM_019041.6	1407	1316	1169	1428	1895	2331
rna-NM_012419.4	155	76	50	202	323	300
rna-NM_001130700.1	25	260	124	38	0	39
rna-NM_173515.3	550	678	543	450	397	412
rna-NM_001286188.1	1663	2559	1635	1662	2207	2401
rna-NM_015718.2	2	0	0	3	0	2
rna-NM_012454.3	123	72	34	51	113	31
rna-NM_016020.3	406	830	540	355	271	270
rna-NM_001001346.3	2	0	3	3	3	0
novel.381.1	3	0	8	0	0	9
rna-XM_011535984.2	1049	1666	1398	921	1333	1595
rna-NM_018452.5	522	680	466	751	590	1030
novel.382.1	240	178	162	326	434	704
rna-XM_017011307.1	536	467	395	503	685	554
rna-NM_016224.4	3080	2339	2105	3159	5053	4055
rna-NM_003898.3	2230	3022	2350	2290	2792	3577
rna-NM_032861.3	480	856	710	447	540	757
rna-XM_017010862.1	372	839	688	577	470	593
rna-XM_011535946.1	691	900	1055	678	909	1496
rna-XM_011535999.1	973	2542	1863	987	969	1431
rna-XM_005266788.4	2	0	0	2	4	0
rna-NM_031924.5	319	758	606	343	435	311
rna-NM_054114.4	0	3	0	4	0	7
rna-NM_006519.3	1575	2778	2353	1768	1515	2205
rna-XM_006715605.3	129	45	66	155	223	191
rna-NM_001111077.1	8011	28000	15410	7577	5329	8979
rna-NM_032532.2	55	11	7	38	59	12
novel.408.1	6	9	6	23	160	85
rna-NM_001024465.2	14407	7342	9673	25181	42476	36808
rna-XM_017011514.2	2843	1936	1653	3683	5219	7275
rna-NM_001303253.1	3988	2458	1523	3826	4042	2004
rna-NM_030752.2	6810	13426	9945	9057	7230	8782
rna-NM_014161.4	1610	2330	1809	1975	1838	1576
rna-XM_005267102.5	11	0	10	8	12	14
rna-NM_003058.3	5	4	3	0	0	0
rna-NM_021977.3	10	0	0	2	0	0
rna-NM_000876.3	7698	10680	9744	6938	5586	9604
rna-NM_005922.3	782	2513	1575	697	579	918
rna-NM_020133.2	541	670	686	609	594	622
rna-XM_017010277.2	0	6	6	4	0	0
rna-XM_017010908.1	20	47	59	21	8	37
rna-NM_006775.2	6104	11654	10483	4953	4901	4900
novel.409.1	0	0	1	0	0	0
novel.409.3	0	0	0	0	1	0
novel.409.2	67	11	11	39	30	10
novel.410.1	2	12	68	8	0	68
novel.410.2	24	52	0	44	0	115
novel.411.1	0	0	0	0	0	0
novel.411.2	0	0	0	0	0	0
novel.411.3	0	5	7	3	0	2
novel.411.4	0	0	0	0	0	0
rna-XM_011535509.2	6	14	2	6	0	0
rna-XM_011535387.3	52	78	62	50	45	37
rna-NM_175922.3	12	9	7	9	4	11
rna-NM_145169.2	1008	1504	1154	1293	1165	1490
novel.385.1	52	146	176	79	20	165
rna-NM_016098.3	1051	1644	1374	1361	400	1368
rna-XM_006715549.3	1493	2023	1556	1154	674	405
rna-NM_003730.4	535	1347	1475	704	310	542
rna-NM_007045.3	791	881	714	741	1071	855
rna-NM_004367.5	3	8	10	7	0	11
novel.386.1	34	97	87	30	0	35
rna-XM_017010958.1	2	2	2	0	0	0
rna-XM_017010878.1	1323	2444	1979	1145	1490	1539
rna-NM_003247.3	2207	472	592	1374	1557	324
rna-NM_182552.4	100	138	107	100	156	128
rna-NM_001317342.1	715	933	914	797	1335	932
rna-NM_018288.3	669	1562	1348	705	749	916
rna-XM_011536093.3	3	7	6	2	4	4
rna-NM_018341.2	105	237	243	155	154	175
rna-NM_005618.3	83	178	220	86	45	134
rna-XM_024446609.1	0	3	0	0	0	2
rna-NM_001286380.1	325	913	760	398	371	649
rna-NM_002793.3	3141	6245	5238	4169	2999	3770
rna-NM_003194.4	396	689	466	465	497	474
rna-NM_002598.3	1573	3143	2613	2486	1893	2739
rna-XM_024446610.1	2	0	3	5	5	1
rna-XM_017012904.1	3	10	3	2	4	0
rna-XM_017012450.1	1465	3057	2246	1116	686	588
rna-XM_011515415.1	133	327	372	110	76	59
rna-NM_001164759.1	544	427	349	981	1276	888
rna-NM_017802.3	1359	3262	2952	1601	1293	1840
rna-NM_001130965.2	2171	4029	3126	2306	2350	2955
rna-XM_017012905.1	3	1	3	0	4	0
rna-NM_015949.2	1656	989	1038	1837	1627	1621
rna-XM_017012774.2	524	352	424	768	594	1016
novel.412.1	50	104	113	75	67	75
rna-XM_011515520.3	289	679	614	266	226	266
rna-XM_011515440.3	0	2	0	3	2	1
rna-XM_017012906.1	0	2	4	0	0	2
rna-NM_001284308.1	143	364	229	207	163	139
rna-NM_001031617.2	346	313	284	432	496	554
rna-XM_011515580.3	584	1239	1080	721	452	596
rna-XM_006715642.2	175	644	698	115	106	215
rna-NM_001039966.1	121	310	324	543	33	2485
rna-XM_017011959.1	3724	6594	6406	4681	3770	5571
rna-NM_002360.3	1742	1447	1714	1793	1843	2421
rna-XM_017011815.2	137	189	142	249	230	233
rna-XM_024446976.1	622	880	662	1044	734	898
rna-XM_006715725.3	280	40	180	396	556	433
rna-XM_017012690.1	795	1099	993	1043	819	680
rna-NM_013393.1	1002	1441	1100	1362	944	1072
rna-NM_198949.1	356	566	289	399	269	223
rna-NM_013321.3	2415	1117	1162	2225	2299	1422
rna-XM_011515599.1	7536	15407	11947	8341	7328	8692
rna-XM_011515444.2	752	665	738	865	600	807
rna-NM_001040167.1	297	1240	1321	296	129	253
rna-XM_011515177.2	1400	2229	2210	1659	1132	1606
rna-NM_001287499.1	307	518	421	336	258	495
novel.461.1	462	794	930	524	248	770
rna-XM_011515535.2	2980	11124	9992	2909	1498	3503
rna-NM_133463.3	73	26	33	93	34	9
rna-NM_007353.2	4526	6830	5815	5585	4349	5012
rna-NM_032415.5	0	3	0	0	0	0
rna-NM_001037165.1	1526	1558	1859	1272	1783	1413
rna-NM_014855.2	1290	685	663	1998	1767	1761
rna-NM_020144.4	0	0	0	0	0	0
rna-NM_018059.4	84	130	89	75	47	15
rna-NM_152744.3	1733	5881	5786	1639	296	2691
rna-XM_011515667.2	2	0	2	2	2	4
novel.413.1	0	80	0	84	9	15
novel.413.2	166	190	244	96	251	212
novel.413.3	24	48	28	56	9	127
novel.413.4	2	89	5	88	135	63
novel.413.5	164	96	75	72	26	45
novel.413.6	17	26	18	58	44	52
rna-NM_001204456.1	448	829	749	406	624	583
rna-NM_001204513.2	5	9	9	7	3	4
rna-NM_015610.3	3417	4849	4839	4232	3668	5208
rna-XM_011515200.2	1512	3943	4324	1805	655	2278
rna-XM_017012728.2	2275	2146	2406	2551	3220	3490
rna-NM_001354886.1	27	6	12	52	38	27
rna-NM_003088.3	8303	15330	14695	8453	6306	7272
rna-XM_017012909.1	4	0	0	4	6	0
rna-NM_207111.3	2024	3242	2972	2190	2242	2792
novel.414.1	73	65	23	173	211	235
novel.414.2	30	69	116	38	68	149
novel.414.3	86	0	0	94	0	21
rna-NM_001321213.1	285	295	207	273	247	446
rna-NM_001101.4	89846	198023	145522	110801	102365	93889
rna-NM_015622.5	1068	1824	1377	1426	1245	1655
rna-XM_011515204.2	2	0	3	6	4	3
rna-NM_001322014.1	421	852	761	557	616	685
rna-NM_006303.3	572	855	543	843	698	519
rna-NM_014413.3	5736	10070	8218	7170	6092	7511
rna-NM_001271700.1	21	12	16	6	20	10
rna-XM_024446969.1	527	740	610	546	814	941
rna-NM_004227.3	3318	4546	3694	2840	2098	2545
rna-NM_001037163.1	952	1065	1036	1139	908	1208
rna-NM_018890.3	11065	16742	14464	14704	11630	16333
rna-NM_139179.3	1469	1263	1114	1819	1246	1699
rna-NM_006854.3	10753	15974	11335	12681	9142	10919
rna-NM_001145118.1	45	46	26	59	48	20
rna-XM_011515438.3	363	758	666	625	298	833
rna-XM_005249796.3	1191	2695	2017	2059	1420	2412
rna-XM_005249845.5	698	953	797	1313	1098	1860
rna-NM_001278559.1	1703	1352	1391	1987	1796	2788
rna-NM_016265.3	709	1044	891	529	921	657
novel.415.1	20	23	20	8	101	4
novel.415.2	286	135	0	406	0	6
novel.415.3	125	745	636	0	382	514
rna-XM_024446902.1	1	3	5	4	4	0
rna-NM_198097.3	1208	2383	1855	1747	1727	2544
rna-XM_005249812.1	829	1251	1163	680	1404	1613
novel.416.1	4	0	2	12	9	54
rna-XM_017012132.2	8	24	31	0	0	5
rna-XM_005249780.3	281	600	454	340	505	380
rna-NM_002947.4	880	1253	850	1043	961	754
rna-NM_001302348.1	308	575	543	438	359	424
rna-NM_138426.3	195	215	211	164	216	223
rna-XM_024446740.1	67	60	61	68	126	48
rna-NM_002489.3	2105	5006	4753	3242	1712	3397
rna-XM_017012811.2	509	636	604	532	846	611
rna-NM_015204.2	20	42	42	21	0	11
rna-NM_018374.3	1349	2775	2983	1492	1655	2034
rna-XM_011515174.1	64	137	139	63	120	125
rna-NM_001112706.2	14	2	2	9	5	2
rna-NM_001037164.2	769	1893	1573	1437	584	3789
rna-XM_011515167.3	606	554	330	525	547	825
rna-XM_006715730.1	2	0	0	2	0	2
rna-NM_005924.4	5	0	0	12	10	3
rna-NM_001350705.1	4	0	1	4	0	0
rna-XM_011515057.1	0	0	0	0	0	0
rna-NM_001101426.3	7	20	13	9	22	8
rna-NM_020319.2	516	658	728	587	579	963
rna-NM_001159767.1	1233	3951	2935	1699	1137	4495
rna-NM_014399.3	523	1336	1130	585	297	1031
rna-XM_005249581.5	0	8	11	2	0	6
rna-NM_001621.4	1901	124	304	1495	2629	1198
rna-NM_001350862.1	713	1363	1323	695	956	1302
rna-NM_000474.3	745	477	370	756	778	617
rna-NM_178425.3	255	446	339	128	263	110
rna-NM_001002926.1	719	762	691	642	826	927
rna-NM_182762.3	4	6	9	2	2	6
rna-XM_017012179.1	2399	4866	5964	1948	1901	3364
rna-NM_003112.4	456	489	384	480	439	801
rna-XM_005249914.2	425	174	251	658	1466	1512
rna-NM_001277115.1	10	9	6	8	5	13
rna-NM_018719.4	2444	7498	5618	2492	1220	2468
novel.418.2	0	2283	0	0	0	0
novel.462.2	0	0	0	0	426	0
rna-NM_001164460.1	52	6	23	49	144	89
novel.418.1	927	541	0	1244	0	1485
novel.462.1	927	0	3158	1245	1351	1486
novel.419.1	1	6	6	18	29	1
novel.419.2	51	42	22	45	38	40
novel.463.1	58	10	9	62	48	19
rna-XM_005249745.5	3817	353	436	2660	4447	2071
rna-NM_019059.3	1347	2109	1950	1873	985	1740
rna-NM_032581.3	1545	2211	1725	1235	1796	1323
rna-XM_006715753.3	1090	1245	1235	1086	1103	1555
rna-XM_005249592.2	394	556	357	503	631	448
rna-XM_017011676.2	42	89	212	32	5	62
rna-NM_138446.1	544	994	717	619	489	463
rna-XM_011515089.2	439	518	459	318	659	290
rna-NM_013293.4	475	552	600	522	951	457
rna-NM_138771.3	246	242	280	336	345	521
rna-NM_199136.4	124	291	182	110	55	107
rna-NM_016447.3	346	593	590	323	490	444
rna-XM_017012910.1	0	3	0	0	0	3
rna-NM_000905.3	0	0	2	7	2	5
rna-XM_024446670.1	669	580	542	713	680	408
rna-NM_015550.3	759	1160	840	776	841	1256
rna-NM_018947.5	4273	8807	6000	5195	4355	5464
rna-NM_138811.3	258	186	145	287	261	219
rna-NM_004289.6	2588	1986	1710	1607	1838	921
rna-NM_001318198.1	254	583	471	226	418	312
novel.420.1	4	16	11	3	0	0
rna-XM_005249729.1	9770	16061	12179	9211	12984	8523
rna-NM_007276.4	4136	6057	4427	4219	4528	4255
rna-XM_017012771.2	116	260	240	143	276	311
rna-NM_006735.3	0	0	7	0	0	0
rna-NM_005522.4	48	24	37	50	69	44
novel.421.1	17	43	59	24	20	42
rna-XM_011515343.3	22	61	64	40	67	67
rna-NM_002141.4	21	10	20	53	60	58
rna-NM_019102.3	75	169	202	94	119	200
rna-NM_024014.3	6	20	28	9	13	15
rna-NM_006896.3	103	364	339	195	95	189
rna-NM_152739.3	16	0	2	16	54	14
rna-NM_018951.3	47	6	21	54	149	88
rna-NM_005523.5	10	13	8	2	0	4
rna-NM_000522.4	26	273	164	18	10	27
novel.464.1	611	1015	832	727	573	571
novel.464.2	5	3	0	7	0	0
rna-NM_152740.3	1065	1811	1808	1253	1369	1613
rna-NM_006024.6	2366	3132	3123	2218	2755	3110
rna-NM_175061.3	564	777	640	417	358	423
rna-XM_017012807.1	167	168	218	83	106	39
rna-NM_175887.2	16	40	61	69	0	46
rna-NM_001348054.1	0	0	0	2	0	0
rna-XM_017011721.1	26	33	30	70	3	117
novel.465.1	319	554	594	521	382	566
rna-XM_017012901.1	0	0	0	0	2	0
rna-NM_001080529.2	6	15	8	14	4	5
rna-NM_001145514.1	6994	15556	11743	6936	5475	8810
rna-NM_017946.3	848	1157	1005	731	905	1123
rna-NM_001197026.1	624	1421	1132	525	761	944
rna-NM_152793.2	335	1585	2155	487	227	666
rna-NM_147128.3	404	810	707	429	432	479
rna-XM_005249925.3	0	5	3	0	5	4
rna-NM_006092.3	177	358	371	148	262	442
rna-NM_024051.3	592	1700	1008	710	488	872
novel.466.1	25	92	38	32	22	20
rna-NM_002047.3	4505	6885	5132	6859	5398	6518
rna-NM_032222.2	67	103	92	83	110	81
rna-NM_001329872.1	153	546	507	216	13	291
rna-NM_000823.3	2	0	0	0	2	0
rna-NM_001199635.1	3	13	16	2	0	0
rna-XM_017012264.1	289	1186	604	416	34	2023
rna-NM_012322.2	620	1838	1271	1040	668	884
rna-XM_005249668.2	1229	2097	1607	964	1397	1202
novel.467.1	0	6	6	0	3	5
novel.423.1	459	223	400	355	458	933
novel.423.2	164	1510	1024	305	219	170
novel.423.3	32	51	45	25	37	41
novel.468.1	1	0	0	0	0	0
rna-NM_015483.2	1692	2316	1520	1702	2096	3741
novel.469.1	94	51	66	117	182	356
novel.469.2	64	61	70	134	104	372
novel.469.3	54	74	83	131	129	707
novel.469.4	31	21	19	34	22	87
rna-NM_001284341.1	1606	4296	4112	1690	1412	2349
rna-NM_001002010.3	718	853	647	756	861	929
rna-NM_203288.1	194	331	248	312	212	375
rna-XM_017012879.1	0	0	2	0	2	1
rna-XM_011515265.2	412	391	380	451	567	563
rna-NM_133468.4	55	95	105	34	34	18
rna-XM_011515245.2	1720	4213	3664	1725	2546	2751
rna-NM_001077653.2	23	7	6	17	22	4
rna-XM_017012506.2	591	1116	942	764	866	1138
novel.424.1	4	18	24	4	0	41
rna-XM_011515656.2	2002	4196	3786	2081	2631	3382
rna-NM_030636.2	137	245	208	120	57	89
rna-XM_005249689.3	299	403	434	253	407	320
rna-XM_006715746.2	1796	2254	899	1220	1967	856
rna-NM_003014.3	4	33	19	11	0	13
rna-NM_017549.4	285	1534	826	381	38	408
rna-NM_001206480.2	41	226	198	175	0	583
rna-NM_032016.3	1080	1925	1472	1363	1329	1426
rna-XM_017012226.1	0	0	0	0	0	2
rna-XM_017011995.2	187	101	83	181	242	183
rna-NM_014396.3	1118	1795	1567	1222	1342	2076
rna-NM_020192.4	183	289	206	262	193	351
rna-NM_005402.3	1722	2866	2437	2062	1714	2779
rna-XM_024447028.1	7	5	3	0	4	11
rna-XM_017012750.2	1409	1794	1527	1434	1461	2347
rna-NM_138701.3	889	1407	1239	1068	943	1214
rna-XM_011515525.3	126	67	77	145	163	97
rna-XM_017012174.1	4732	349	670	3048	4198	1457
rna-NM_000168.5	965	2424	1858	989	594	1635
rna-NM_001099858.1	330	511	416	461	474	414
rna-NM_002787.4	3473	5569	4604	4079	3854	3632
rna-NM_031903.2	939	1459	1136	1094	1105	1088
rna-XM_017011883.2	2	5	4	3	0	0
rna-NM_004760.2	6489	11494	9231	6565	2366	7276
rna-XM_017012413.1	342	1047	694	496	298	498
rna-XM_011515474.3	1066	1696	1514	1200	913	751
rna-XM_005249719.3	0	6	9	11	22	14
rna-NM_032014.2	2723	2032	1996	3416	2918	3055
rna-NM_001204871.1	10	35	8	22	41	61
rna-NM_001077663.2	1498	1060	940	1637	1782	1462
rna-XM_024447032.1	28	37	33	52	56	47
rna-XM_024446795.1	299	589	469	459	415	382
novel.470.1	173	182	172	382	262	447
rna-NM_001122956.1	2476	5273	4664	3597	2663	2693
rna-NM_000290.3	14	24	22	15	16	24
rna-XM_011515275.2	399	532	509	399	297	267
rna-NM_001129.4	255	41	38	259	216	68
rna-NM_006230.3	2571	8146	5952	3363	1729	1978
rna-XM_011515463.2	2	0	0	0	0	0
rna-NM_033507.2	111	10	14	117	50	15
rna-NM_006555.3	4869	8384	7444	6631	4527	7929
rna-XM_011515547.1	20	9	14	16	4	3
rna-NM_015332.3	1946	3558	2932	2686	2291	2075
rna-NM_013389.2	4	4	3	0	16	8
rna-NM_019082.3	1930	2866	2157	2657	2323	2361
rna-NM_182547.3	1766	4724	3443	2390	2016	2336
rna-XM_005249759.5	3688	7677	5420	5030	4136	6700
novel.425.1	27	111	67	35	32	50
rna-NM_012412.4	1810	4157	2631	2244	1597	2503
rna-NM_033224.4	1720	4830	3836	1872	2056	3356
novel.472.1	313	215	185	499	486	451
novel.472.2	67	60	76	103	135	65
rna-XM_011515561.2	1232	1695	1368	1582	1302	1454
rna-NM_001146334.1	161	303	267	235	71	252
novel.471.2	0	10	5	4	0	2
rna-XM_005249866.2	2955	3006	2745	3382	3314	4323
novel.471.1	14	24	35	28	32	25
rna-NM_021130.4	24571	36746	26598	33294	32102	38261
rna-NM_001261834.1	2158	3725	3075	2998	2625	2733
rna-NM_021116.3	45	139	91	41	23	56
novel.473.1	15	6	7	3	9	11
novel.473.2	103	116	54	175	161	185
novel.473.3	169	79	149	125	121	194
rna-NM_000596.3	41	8	23	59	122	31
rna-NM_001013398.1	2187	9969	4471	1275	942	1002
rna-XM_011515476.2	2235	3202	3368	2081	2359	2647
rna-NM_001123065.1	2	0	2	2	2	3
rna-XM_017011798.2	51	70	106	42	86	51
rna-NM_025031.2	15	0	5	9	11	6
rna-NM_004507.3	293	492	343	326	499	426
rna-XM_017011930.1	0	0	0	0	0	2
rna-NM_001100159.2	25	10	7	27	8	4
rna-XM_024446913.1	986	881	738	1338	1326	1059
rna-XM_011515130.2	39	212	114	8	6	28
rna-NM_152627.2	1	8	0	1	0	3
rna-NM_001287495.2	513	685	403	532	1240	636
rna-NM_001082971.1	3	3	0	0	0	3
rna-XM_017012029.2	2352	6399	4259	1797	595	2530
rna-XM_011515234.1	836	4602	4352	868	11	1589
rna-NM_001012456.1	1861	4361	3082	2020	1139	1926
rna-XM_017012924.1	0	0	2	2	2	1
rna-NM_005228.4	2366	3111	2443	2508	3309	5124
rna-NM_018697.3	292	477	334	390	350	359
novel.474.1	58	594	279	43	0	59
novel.474.2	54	449	213	23	24	6
rna-XM_017012925.1	0	0	0	0	0	0
rna-NM_001321242.1	4605	11858	10856	5978	3610	8926
rna-NM_182633.2	150	505	356	130	87	162
rna-NM_015969.2	444	947	637	495	287	449
rna-NM_001483.2	1767	5617	4703	1380	1261	1679
rna-XM_005271775.2	1199	2810	1890	2097	1108	1354
rna-NM_001762.3	6815	12927	9024	7353	7435	6774
rna-XM_017011939.1	3020	6684	6178	4692	3101	4836
rna-XM_017012324.2	19	24	26	0	12	11
rna-XM_017012928.2	1	2	0	5	3	3
rna-NM_001320327.1	5783	10750	8606	7728	4938	7232
rna-NM_001159279.1	39	5	27	43	150	74
rna-NM_001159522.2	21	0	11	19	57	14
rna-NM_001170905.2	226	141	157	210	311	146
rna-NM_178558.4	175	116	137	116	409	135
rna-NM_001282359.1	90	46	61	48	340	18
rna-NM_001271639.1	90	80	72	73	150	68
rna-NM_021148.2	63	88	56	56	165	35
rna-NM_001348050.1	0	1	0	2	0	2
rna-NM_015852.3	25	14	14	12	66	9
rna-NM_001007253.3	72	175	188	69	35	156
novel.428.1	110	44	51	75	130	50
rna-NM_152626.3	220	198	167	129	399	139
rna-XM_011516746.2	3	0	0	0	0	0
novel.475.1	59	96	117	84	113	73
novel.475.2	97	11	20	1	50	17
novel.475.3	8	92	73	64	0	47
novel.475.4	2	0	0	17	41	0
novel.429.1	252	112	107	38	327	145
novel.429.2	10	0	5	183	23	6
novel.429.3	3	1	1	0	10	0
novel.476.1	4	2	2	10	4	12
rna-NM_001284342.2	1852	2548	1866	1543	1815	1327
rna-NM_000181.3	4718	2332	2163	4223	3454	2162
rna-NM_000048.3	1083	902	996	1511	2030	1056
rna-NM_014478.4	1329	1102	865	1677	1700	1468
rna-XM_005250642.3	922	565	538	779	893	758
novel.430.1	18	27	17	11	3	14
novel.430.2	5	3	12	24	15	4
novel.477.5	0	29	0	0	62	0
novel.477.1	152	184	203	99	121	47
novel.477.2	81	160	51	156	140	155
novel.477.3	62	170	104	114	97	138
novel.477.4	245	171	210	104	49	68
novel.477.7	18	21	51	65	31	14
novel.477.6	16	42	8	17	27	18
rna-NM_153033.4	1001	439	416	1133	1322	877
novel.431.2	13	30	13	12	36	16
novel.431.1	18	24	43	44	87	79
novel.431.3	45	67	63	64	87	73
rna-NM_001287061.1	1874	1527	1203	1772	2276	1997
rna-XM_024446819.1	4303	6281	5956	5303	5687	5976
rna-NM_016038.3	2745	2467	2478	3008	3019	3215
rna-NM_018264.3	1062	1088	970	1132	997	849
novel.432.1	223	403	307	357	287	299
rna-NM_022479.2	527	5431	4570	625	0	679
rna-XM_011516010.2	703	3890	3822	673	7	1373
rna-XM_017012676.2	0	0	0	4	0	0
rna-NM_001145440.2	96	36	48	46	84	60
novel.433.2	310	284	264	493	446	649
novel.433.1	198	229	287	410	371	420
novel.433.3	264	0	0	159	271	193
rna-NM_003508.2	91	6	16	114	73	44
novel.478.2	0	0	0	45	29	3
novel.478.4	0	20	21	18	0	1
novel.478.5	0	0	0	0	0	0
novel.434.1	0	0	0	0	0	0
novel.479.3	0	0	0	21	46	91
novel.479.5	0	3	0	9	72	35
novel.436.1	0	4	93	0	16	0
novel.436.3	0	0	0	0	0	0
novel.438.1	0	371	520	0	2925	4293
novel.439.1	0	0	0	0	0	0
novel.440.1	0	0	0	0	0	0
rna-XM_005250726.4	2905	4931	3490	3424	3036	3641
novel.478.1	41	46	18	19	23	29
novel.478.3	69	41	113	82	111	112
rna-NM_198853.2	15	8	10	8	17	7
novel.479.1	33	0	30	0	0	0
novel.479.2	366	395	471	483	676	321
novel.479.4	6	14	26	24	49	62
novel.435.1	32	24	29	37	53	32
rna-XM_024446630.1	6	9	8	11	7	11
novel.436.2	54	61	71	53	58	309
novel.437.1	11	0	0	0	0	0
novel.436.4	10	0	0	2	1	1
novel.436.5	2	15	16	0	0	1
novel.438.2	1790	2793	3476	2586	0	1
novel.438.3	326	0	0	0	1	0
novel.441.1	346	382	375	355	333	335
rna-NM_001168347.2	1169	762	737	1733	1469	1019
rna-NM_178125.3	5	0	0	2	0	0
rna-NM_003602.4	3	2	3	4	5	3
rna-NM_032408.3	6094	5626	4576	5103	6322	6032
rna-NM_001301061.1	2018	1421	1161	2687	2686	2831
rna-NM_012453.2	1844	2727	2138	1827	1287	989
rna-XM_011516277.1	74	14	13	40	35	10
rna-NM_001077621.1	294	408	440	333	153	279
rna-NM_032317.2	467	557	535	614	551	403
rna-XM_006715847.1	2321	3952	2935	2687	2218	2468
rna-XM_017012567.2	148	136	171	184	223	172
rna-XM_024446949.1	623	890	818	800	907	812
rna-NM_001306.3	29	2	7	46	23	7
rna-NM_001305.4	700	653	688	2065	554	3728
rna-XM_017011777.1	234	132	198	329	293	158
rna-NM_182504.3	22	17	22	45	14	32
rna-NM_001278939.1	4	43	21	14	0	0
rna-NM_002314.3	2894	5354	4550	3732	2018	3489
rna-XM_011516556.1	14782	24068	19360	15714	12906	14342
rna-NM_032464.2	968	113	281	1974	1993	1626
rna-NM_181471.2	3434	3117	1900	4084	3212	2834
novel.480.1	7	6	4	19	35	15
rna-NM_003388.4	9769	3243	4433	16321	14387	30769
rna-NM_001199207.1	2264	1835	1671	2342	1741	1757
rna-XM_017012934.1	3	0	0	0	0	0
rna-XM_011516116.2	3973	4437	3921	5309	5170	11814
rna-XM_017011671.1	9	2	6	66	12	67
novel.446.1	0	0	0	10	3	49
rna-XM_011516459.2	0	2	6	4	2	8
rna-NM_001040456.2	2572	2941	3338	3762	2749	4828
rna-NM_000265.5	0	0	0	3	3	2
novel.443.1	0	16	20	0	3	24
novel.443.2	0	0	11	0	0	3
novel.443.6	0	7	0	3	1	2
novel.482.1	0	0	0	0	4	4
novel.445.3	0	24	0	49	0	27
novel.445.4	0	32	8	0	53	0
novel.445.7	0	0	0	0	35	17
rna-NM_001306141.1	0	2	8	5	9	4
rna-NM_032999.3	6916	10122	10052	7522	8619	11699
rna-NM_173537.3	106	372	351	172	158	340
novel.442.1	1	3	1	0	2	0
novel.481.1	255	289	359	342	545	398
novel.481.2	64	113	176	126	64	107
novel.481.3	8	9	9	6	45	8
novel.443.3	8	7	2	31	11	6
novel.443.4	102	325	248	157	68	181
novel.443.5	9	3	0	6	0	5
rna-NM_001145064.2	439	583	1156	618	742	844
rna-NM_030798.4	1522	2621	2161	2295	2269	2039
rna-NM_001003795.2	252	637	597	276	302	554
novel.483.2	3612	5889	6239	4298	4319	8300
novel.483.1	2322	3585	3970	2267	2987	2241
novel.483.4	362	242	265	482	517	604
novel.483.3	8	141	40	36	67	164
novel.484.1	76	43	44	95	122	87
novel.444.1	141	177	247	138	726	416
novel.444.2	246	162	106	165	0	0
novel.444.3	74	108	168	144	79	5
rna-NM_198924.3	10	7	12	10	19	11
novel.445.2	65	21	12	24	47	49
novel.445.1	23	0	24	3	0	0
novel.445.5	25	2	0	10	55	19
novel.445.6	38	54	71	60	67	91
rna-NM_001099415.2	3535	7046	5206	4030	3584	4981
novel.485.1	242	32	53	175	251	95
rna-NM_001291831.1	574	400	458	603	244	221
rna-NM_000941.2	5683	5579	6330	6437	4963	5816
rna-XM_024446953.1	1049	1441	1488	1613	902	1532
rna-XM_017012296.1	1009	910	786	1219	1154	774
rna-NM_005918.3	7448	12678	10647	9757	6872	8293
rna-NM_001540.4	9616	9753	9501	11976	8300	6570
rna-NM_012479.3	11090	21552	15649	10968	11076	12633
rna-NM_001347684.1	0	5	5	9	10	8
rna-XM_017012887.2	0	1	0	0	0	2
rna-XM_024446664.1	360	54	49	463	100	90
rna-NM_001110354.1	149	24	41	275	199	176
rna-NM_020892.2	984	791	685	976	855	861
rna-NM_012230.3	144	157	152	239	249	270
novel.448.1	16	6	6	0	6	17
novel.447.1	61	44	34	45	36	32
rna-NM_006682.2	0	0	0	0	0	4
rna-NM_001351351.1	2	3	3	3	4	3
rna-NM_001351348.1	4	1	7	3	12	3
rna-NM_020879.2	31	26	28	11	36	28
rna-XM_011516325.2	145	389	284	125	102	113
rna-NM_002835.3	6168	7429	6771	6313	7446	11160
novel.486.1	20	15	21	16	19	26
rna-NM_198467.2	658	690	531	613	1086	804
rna-NM_032936.3	542	494	411	517	625	478
rna-XM_005250508.5	846	767	540	459	831	582
rna-NM_002069.5	1295	336	394	988	1273	426
rna-NM_001001547.2	2	0	2	2	5	0
rna-XM_017012840.2	97	78	80	82	97	77
novel.449.1	325	45	75	213	470	40
novel.449.2	25	0	2	13	11	2
rna-NM_001350120.1	6813	4959	5475	6025	11321	8346
rna-XM_006715956.2	4	21	51	13	0	22
rna-XM_006716118.3	117	31	41	102	360	142
rna-NM_033026.5	129	20	45	74	278	99
rna-NM_012431.2	20	70	41	11	10	42
rna-XM_024446633.1	640	2646	2071	378	69	504
rna-XM_017011873.1	41	2	8	25	107	38
rna-NM_000840.2	7	0	0	7	0	7
rna-NM_001142749.2	359	48	74	301	565	346
novel.487.1	5	12	10	7	1	8
rna-NM_001142327.1	701	751	542	547	871	653
rna-XM_005250586.3	345	235	163	318	418	191
novel.488.1	145	188	154	179	140	162
novel.488.2	2	4	18	2	3	0
rna-NM_001143935.1	367	144	142	238	447	190
rna-XM_011516308.3	52	17	4	44	22	0
rna-NM_001348945.1	522	41	55	298	577	89
rna-NM_138290.2	45	6	4	45	82	30
rna-NM_018843.3	546	813	545	532	635	422
rna-NM_006716.3	788	736	420	588	996	523
rna-XM_006716028.4	372	452	338	342	465	550
rna-NM_003130.3	1996	5983	4695	2994	1342	4956
rna-NM_024636.3	0	0	0	0	0	6
rna-NM_012449.2	188	59	61	187	172	81
rna-NM_001244944.1	95	68	72	77	114	33
rna-XM_011516577.2	36	38	35	37	60	14
rna-NM_033107.3	684	736	532	611	817	459
rna-NM_001185073.2	1017	1046	867	971	1389	1412
rna-XM_011516306.3	163	202	104	122	124	136
rna-NM_003505.1	1239	1010	855	1145	661	947
rna-NM_006980.4	248	167	136	181	327	177
rna-XM_017011642.2	338	290	419	208	1052	172
rna-NM_000786.3	6343	4308	3057	5866	8903	3979
rna-NM_001350672.1	415	551	516	365	937	422
rna-NM_019004.1	2642	2670	2400	2298	3604	3423
rna-NM_001130925.1	2	0	0	0	0	0
rna-NM_021167.4	1155	1100	881	1185	1332	888
rna-NM_000466.2	403	539	483	328	450	317
rna-XM_005250636.5	506	410	360	625	719	627
rna-NM_152789.3	660	645	586	823	1101	1681
rna-NM_001145306.1	2049	3846	2196	1481	1547	4296
rna-NM_001193307.1	2055	907	928	1012	3873	523
rna-NM_001303500.2	1316	957	980	565	2466	470
rna-NM_017667.3	524	407	401	536	940	604
rna-NM_001164737.1	53	2	4	47	47	15
novel.450.1	34	4	15	43	253	80
novel.489.1	28	0	0	24	135	66
rna-NM_006528.3	4312	534	1062	5702	8711	4594
rna-NM_004126.3	1188	340	487	1323	1709	675
rna-NM_005868.5	985	696	603	927	1060	627
novel.451.1	402	18	24	249	165	33
rna-NM_000089.3	963	389	339	763	584	280
rna-NM_022900.4	501	395	344	378	950	493
rna-XM_011516663.2	2725	3276	3246	2722	2000	2985
rna-NM_001172437.2	6708	11240	9257	6177	5809	6698
rna-XM_011516383.1	295	636	546	169	231	249
rna-NM_002612.3	227	238	377	243	31	230
rna-NM_000305.2	1418	1760	1829	1671	2057	2213
rna-NM_004411.4	302	1337	1074	529	0	1135
rna-XM_006715831.4	1142	1991	1217	1237	1384	980
rna-NM_001201450.1	3	0	0	0	0	0
novel.490.1	1079	1299	1298	1393	990	899
rna-NM_005222.3	31	163	164	49	0	40
rna-NM_020186.2	180	664	496	330	216	298
rna-NM_001352496.1	1935	2097	1512	4156	2118	1880
novel.491.1	184	275	245	200	214	172
novel.491.2	62	101	86	132	84	103
rna-NM_006188.3	0	0	0	0	0	0
rna-NM_014916.3	1522	1071	955	1228	1665	1889
rna-NM_177455.3	9	1	3	6	9	2
rna-NM_002523.2	25	92	42	24	4	57
rna-NM_001134450.1	36	5	14	54	11	12
rna-NM_015395.2	1024	1475	1535	1364	1043	1158
rna-XM_017011931.2	1043	384	395	986	933	519
rna-NM_018842.4	2373	463	552	2277	3155	1982
rna-XM_017012208.1	1	0	0	0	2	0
rna-NM_001244580.1	2735	4652	2797	2182	3262	3308
rna-NM_020429.2	1775	1675	1366	1893	2591	2360
rna-XM_024446681.1	237	246	220	232	290	189
rna-NM_001083956.1	1058	1435	1217	899	1143	1073
rna-XM_024446621.1	29	42	47	48	12	50
rna-NM_000777.4	0	0	1	0	5	12
rna-XM_011515907.2	572	642	562	701	674	814
rna-NM_000765.4	0	0	6	14	12	41
rna-NM_001256497.2	6	6	0	0	0	0
rna-NM_033017.3	1939	2569	2548	2241	1866	2723
rna-NM_181538.2	4	7	4	2	6	6
rna-NM_001185.3	119	364	408	171	15	167
rna-NM_006409.3	3692	5445	4729	4418	4163	4972
rna-XM_024446628.1	5134	2545	2917	6531	7017	5437
rna-NM_014891.6	3636	6799	5228	4884	3430	3969
rna-XM_005250671.5	1744	1602	1350	2268	1973	1858
rna-NM_015545.3	1088	933	1280	1477	1378	1290
rna-NM_001198879.1	766	891	142	970	595	983
rna-XM_011515755.3	1408	1487	1225	1618	1221	838
rna-NM_004889.3	1890	2969	2645	2321	1998	1801
rna-XM_017012018.1	29	37	38	47	65	39
rna-NM_032164.3	790	742	701	996	867	917
rna-NM_001318082.1	968	893	847	1026	1370	1081
rna-NM_001346581.1	1370	2632	3059	1012	1512	1329
rna-NM_203397.2	148	42	78	137	184	110
rna-XM_024446760.1	1073	1730	1521	1611	1198	1202
rna-NM_018275.4	492	320	350	543	654	365
rna-NM_024637.4	54	79	60	37	29	19
rna-NM_152742.2	109	212	161	82	33	93
rna-XM_017011685.1	125	133	194	115	76	81
rna-XM_011516575.2	24	13	7	14	39	24
rna-XM_024446753.1	326	260	340	348	252	340
rna-XM_011516235.3	44	53	67	48	25	39
rna-NM_178238.3	211	79	171	167	495	162
rna-XM_024446739.1	15	8	16	33	24	11
rna-NM_145914.2	478	483	431	488	542	554
rna-NM_001318136.1	825	1279	965	787	717	802
rna-NM_006833.4	4797	6037	5504	5529	4430	4235
rna-NM_005916.4	11670	10253	5365	12899	11301	5178
rna-XM_005250689.4	625	569	474	818	717	598
rna-XM_024446899.1	2918	3934	3544	3790	3153	2819
rna-NM_152755.1	958	825	812	1081	836	821
rna-XM_006716035.4	277	216	148	334	482	411
rna-NM_019606.5	3864	2493	2081	4544	4061	4276
rna-NM_145030.3	674	741	614	742	583	592
rna-NM_001004323.2	73	18	32	107	68	129
rna-NM_001303043.1	4521	2713	3416	6507	5086	6403
rna-XM_006715907.4	821	161	229	938	1025	958
rna-XM_005250306.2	6058	1430	2120	8176	5973	6451
rna-NM_001348680.1	10	2	3	3	4	6
rna-NM_002319.4	938	950	1020	1302	1151	957
rna-NM_001289933.1	1	1	1	1	1	1
rna-NM_012172.4	16	32	35	17	18	6
rna-NM_002593.3	229	243	260	283	229	308
rna-NM_001040097.1	509	747	922	759	526	587
rna-XM_005250553.4	67	113	56	102	92	81
rna-NM_005273.3	10224	12762	12025	14884	11153	12874
rna-XM_017012530.2	1208	891	1110	1074	1857	723
rna-NM_005837.2	1348	1542	1038	1501	1221	832
rna-NM_000799.3	6	2	0	17	2	4
rna-NM_003386.2	0	0	0	2	0	0
rna-XM_017011816.1	5103	6066	5856	7203	3912	8849
rna-XM_024446839.1	1382	1718	1663	1688	1023	1110
rna-NM_003302.2	3970	4293	3177	4008	3369	2277
rna-XM_024446793.1	4519	3654	2570	5021	5532	5360
rna-NM_001015072.3	42	55	45	96	53	60
rna-XM_011516225.2	206	157	173	243	213	317
rna-NM_005960.1	20	0	4	13	13	4
rna-NM_001164462.1	2	0	3	11	11	0
rna-XM_011516589.3	1657	887	704	1846	2243	1476
rna-NM_001283.4	2636	3045	2570	3348	2802	2553
rna-NM_003378.3	66	67	34	212	264	181
rna-NM_198571.2	8	15	7	11	9	6
rna-XM_005250309.3	2	0	0	0	0	0
rna-NM_000602.4	59470	9925	10652	59859	65030	15092
rna-NM_001084.4	5309	6619	5195	5853	4653	5405
rna-XM_011515739.2	2476	3060	3186	3380	2444	3124
rna-NM_001185080.1	188	85	105	265	332	205
rna-NM_016068.2	1381	3590	3521	2054	1286	1651
novel.452.1	0	0	0	0	0	13
novel.452.2	86	58	54	102	103	50
rna-NM_022777.3	943	1368	1220	1204	852	1113
rna-NM_001278563.2	55	138	125	58	27	89
rna-XM_005250150.3	2378	4082	3462	2298	1919	3388
rna-NM_020979.4	755	902	792	650	474	669
rna-NM_001085386.1	0	0	0	0	0	0
rna-XM_017011846.2	99	86	88	116	139	102
rna-XM_005250205.4	12	16	11	18	10	14
rna-NM_001031692.2	22	17	12	10	14	5
rna-XM_017012684.2	867	1443	1223	861	855	980
rna-XM_005250214.5	132	287	232	131	147	154
rna-NM_001146210.3	24	19	14	15	29	26
rna-NM_001347879.1	253	266	236	245	241	188
rna-NM_024653.3	1446	1134	1131	1466	1563	1175
rna-NM_001271818.1	3073	5016	5115	4850	2498	8231
rna-NM_017621.3	840	773	701	1207	877	1044
rna-NM_152892.2	1278	1087	965	1899	1491	1691
rna-XM_005250452.5	1350	2213	1923	1765	1364	2093
rna-XM_017011626.1	364	458	535	415	207	331
rna-NM_001097615.2	536	602	564	643	542	603
rna-XM_017012895.1	36	33	24	55	76	60
rna-XM_011516237.3	23	20	19	18	29	25
rna-XM_017011661.2	457	662	769	520	266	442
rna-NM_032959.5	531	367	392	649	571	569
rna-NM_001114403.2	101	32	62	82	227	79
rna-XM_011515702.3	27	27	38	27	60	37
novel.492.1	31	10	45	11	6	17
novel.493.1	353	279	218	333	564	322
rna-XM_005250717.4	1275	2693	2052	1299	1054	1203
rna-NM_014377.1	388	497	354	294	692	287
rna-NM_002803.3	2616	3362	2737	3002	3154	2709
rna-XM_011516170.3	5	7	4	10	0	9
rna-NM_005045.3	127	4	4	45	123	52
rna-NM_002553.3	416	483	359	501	523	451
rna-XM_024446837.1	1544	2551	2251	1338	1857	1906
rna-XM_024446894.1	1386	1927	1583	1334	1180	1963
rna-NM_001318163.1	540	888	570	405	673	449
rna-XM_024446855.1	717	950	661	729	902	801
rna-NM_001355530.1	4	3	4	2	4	11
rna-XM_006715900.3	115	75	68	86	147	115
rna-NM_152750.4	16	8	19	12	45	82
rna-NM_006754.3	3636	7203	6469	4111	4381	4822
rna-NM_005746.2	13249	9964	8593	11117	19904	11009
rna-NM_175884.5	1156	327	341	1124	1122	839
novel.453.3	0	23	0	0	4	11
novel.453.1	9	13	8	10	0	23
novel.453.2	1	1	27	0	0	7
rna-NM_001282426.1	2	15	10	6	6	24
rna-NM_002736.2	275	723	435	240	151	349
rna-XM_006716051.3	719	751	720	930	1597	1287
rna-NM_005295.2	0	0	0	1	0	0
rna-NM_001244262.1	1576	1427	1479	1443	1617	1938
rna-NM_006348.3	1030	1176	1039	1223	1621	1680
rna-NM_181581.2	99	141	104	85	118	64
novel.494.1	20	15	19	25	40	63
novel.494.2	10	14	16	17	18	28
rna-XM_017012643.1	1270	1229	939	1287	1454	1060
rna-NM_000111.2	0	0	0	0	2	0
rna-XM_011515975.1	0	0	0	0	0	0
rna-NM_000108.4	2120	3793	2919	2336	2192	2552
rna-XM_017012201.1	7164	2470	2473	4103	5352	2479
rna-XM_011516253.2	2799	7367	6395	1952	127	3678
rna-XM_011516274.3	1879	1838	1626	1810	2326	1853
rna-NM_001130475.2	564	521	532	476	1016	447
rna-NM_012328.2	1576	1537	1338	2436	1713	2399
rna-XM_017012700.1	35	129	123	65	75	45
rna-NM_001099660.1	6	9	11	4	2	35
rna-XM_017012819.1	1657	744	751	1135	2059	1802
rna-NM_021994.2	995	1060	1181	915	801	743
rna-XM_011516142.3	2384	805	922	3639	3682	4303
rna-XM_017012028.2	52	12	33	55	157	126
rna-NM_022484.5	130	118	162	153	246	132
rna-NM_018970.6	49	8	5	18	50	8
rna-NM_001352688.1	914	878	786	966	1015	708
rna-NM_152556.2	999	1181	973	904	1157	1358
rna-NM_199072.4	702	89	277	864	2261	1488
rna-XM_017012801.2	4	0	4	9	10	7
rna-XM_011515963.1	7	0	2	0	4	0
rna-NM_015641.3	1655	179	353	1857	2874	2330
rna-XM_024447045.1	7	6	0	3	6	8
rna-NM_001233.4	4420	7481	5609	5362	4871	8345
rna-NM_001753.4	13327	17485	11599	17359	22089	24591
rna-XM_011516223.1	6691	6443	4469	4867	6665	5883
rna-NM_006136.2	4421	5740	4769	5126	5731	6858
rna-NM_003391.2	2	1	0	0	0	0
rna-NM_021908.2	880	689	552	1006	1055	774
rna-NM_000492.3	3	0	0	0	0	3
rna-NM_033427.2	2	0	2	5	7	0
rna-NM_016200.4	710	812	650	682	790	381
rna-NM_019644.3	0	0	0	0	0	0
rna-XM_005250239.3	388	151	167	459	921	621
rna-NM_012281.2	6	0	8	6	10	7
rna-NM_019071.2	271	213	132	325	373	261
rna-NM_057168.1	4	0	0	10	4	32
rna-NM_024913.4	107	15	22	46	53	17
rna-XM_011515736.2	2996	1569	1335	2993	4831	3926
rna-NM_005763.3	406	533	452	187	716	252
rna-XM_005250337.3	6	13	18	2	2	13
rna-NM_002851.2	1013	3640	2822	879	3	2851
rna-NM_198085.1	0	0	0	0	2	0
rna-XM_005250695.5	497	290	253	349	540	416
rna-NM_139175.1	2	0	0	2	0	0
rna-XM_011516515.3	3	0	0	0	0	0
rna-NM_178827.4	15	8	5	14	7	16
rna-NM_001291304.1	1695	2390	2363	1849	1733	2184
rna-NM_207163.2	5	0	0	4	7	20
rna-NM_003941.3	2790	2434	2446	2648	3561	3600
rna-XM_017011911.1	2	0	0	0	0	0
rna-NM_005302.4	293	37	47	290	378	376
rna-NM_015450.2	974	792	686	891	1407	811
rna-XM_006715868.4	608	788	774	660	1041	1107
rna-NM_024523.5	1620	1418	1299	2156	1559	1994
rna-NM_001662.3	2936	4395	4310	4408	3397	3737
rna-XM_011516370.3	1011	788	544	1146	1819	1183
rna-XM_006715985.3	24	32	18	30	6	10
rna-NM_014390.3	14095	14599	12644	14543	11848	10604
rna-XM_011516461.3	9	35	12	3	3	12
rna-XM_024446755.1	2365	2740	2489	2329	2298	1541
rna-NM_013332.3	1752	12201	8320	851	807	553
rna-NM_018396.2	791	1616	1118	1097	953	1083
novel.454.6	0	0	0	0	4	0
novel.454.7	0	0	0	3	2	13
novel.454.9	0	0	0	0	0	0
novel.454.1	68	40	148	378	11	36
novel.454.2	99	179	337	181	38	691
novel.454.3	697	26	0	568	1206	646
novel.454.4	117	613	0	106	1545	151
novel.454.5	267	0	0	0	0	0
novel.454.8	215	49	80	119	79	77
rna-NM_001012454.5	14	4	10	7	16	14
rna-NM_032599.3	2	0	2	2	5	0
rna-XM_011516483.1	266	269	219	274	195	190
rna-NM_001199671.1	19694	19623	15675	17708	16366	22283
rna-NM_001708.2	2	0	2	2	0	8
rna-NM_001347928.1	123	233	177	137	72	87
rna-NM_001458.4	6391	888	996	5009	4774	1027
rna-NM_001198909.1	3437	3767	3339	4822	4222	3859
rna-NM_001195150.2	62	86	88	102	75	183
rna-XM_017012184.1	3	0	0	11	6	0
rna-NM_012470.3	2615	3731	2773	2775	3084	3230
rna-NM_178562.4	929	1014	1217	1251	762	866
rna-NM_005631.4	706	1826	1596	775	366	509
rna-NM_015328.3	1069	1968	1708	1117	1104	1683
rna-NM_020704.2	100	63	42	69	128	29
rna-XM_024446620.1	31	31	21	17	15	6
novel.495.1	14	19	35	10	19	20
rna-NM_001293163.1	516	578	438	596	483	640
rna-NM_016478.4	868	862	592	1032	1223	852
rna-NM_003344.3	9762	25695	25336	11038	5956	12618
rna-NM_014997.3	2573	4956	3622	1923	2048	2435
rna-NM_001869.2	3	0	0	10	4	0
rna-NM_032842.3	618	1095	717	699	769	548
rna-NM_016352.3	7172	922	1033	5490	1592	465
rna-NM_080385.4	8	10	7	0	7	0
rna-NM_018718.2	662	868	605	653	575	301
rna-NM_001304968.1	0	0	0	0	0	0
rna-NM_002402.3	3502	2945	2001	2190	1451	381
rna-NM_012133.5	1088	2094	1726	1118	1068	793
rna-NM_138693.3	11	0	4	5	6	6
novel.496.1	11	0	0	12	17	25
novel.497.1	177	28	64	119	563	40
novel.498.1	44	10	13	24	97	82
novel.498.2	37	0	0	0	97	147
novel.498.3	118	48	80	155	168	213
novel.498.4	155	68	169	301	307	633
novel.498.5	8	0	0	3	8	7
novel.455.1	9	4	10	26	21	8
novel.499.1	196	131	111	318	419	438
rna-NM_013255.4	3412	2074	2345	3973	7154	7687
rna-NM_001018111.2	8391	44307	36762	7516	826	11406
rna-NM_020911.1	29	285	156	46	8	318
rna-NM_001317177.1	3902	3161	2630	4124	3817	3565
rna-XM_024446656.1	8	2	12	12	18	16
rna-NM_032826.4	992	1495	1056	1343	1368	1737
rna-NM_021807.3	3558	4708	3930	3868	4154	4412
rna-NM_020299.4	30	214	370	62	31	55
rna-NM_001293085.1	1387	1170	1156	1621	1111	1996
rna-NM_033138.3	4566	8492	6842	4335	3907	9632
rna-NM_001628.3	77154	23248	28425	248865	254369	504438
rna-XM_011516137.2	1	0	0	0	0	0
rna-XM_017012137.2	23	19	17	36	54	18
rna-NM_018295.4	1015	563	547	1194	1272	1436
rna-NM_024033.3	1421	1019	1013	1763	1711	1261
rna-XM_011516083.3	887	638	705	760	899	341
rna-NM_001130929.1	1340	3873	3333	2044	965	2468
rna-NM_001318192.1	6	3	5	4	0	5
rna-NM_205855.3	5	4	4	16	3	32
rna-NM_001190850.1	691	751	595	705	1020	929
rna-NM_015135.2	3704	4950	2894	3000	4119	2891
novel.456.2	0	0	0	0	0	0
novel.456.1	25	60	60	38	3	70
rna-XM_024446648.1	28	2	0	22	4	6
rna-NM_001128619.2	5586	8452	8151	5166	6054	9514
rna-NM_145808.3	3571	8560	5636	6027	3721	6894
rna-NM_002825.6	1907	7096	5543	2444	31	3195
rna-XM_017012780.2	21	25	21	12	5	16
rna-NM_194071.3	3080	2422	2486	2492	2187	1489
rna-NM_001243523.1	2	0	0	0	0	0
rna-NM_005989.3	2	0	0	0	0	0
rna-NM_015905.2	980	1252	1193	758	855	756
rna-XM_005250143.3	0	0	0	0	3	0
rna-XM_005250167.3	0	0	0	0	0	0
rna-XM_005250394.3	154	17	34	105	93	33
rna-NM_001164665.1	704	1189	1422	756	626	771
rna-XM_011516688.3	80	9	16	43	213	32
rna-XM_005250501.3	2038	1663	1809	1849	3034	2943
rna-NM_024926.3	485	485	354	464	480	289
rna-NM_173569.3	364	374	356	247	689	423
rna-NM_197964.4	101	229	192	207	109	73
rna-NM_001244584.2	267	208	234	254	373	313
rna-NM_016019.4	3219	3572	2990	3623	3872	3782
rna-NM_198508.3	19	7	6	10	7	0
rna-XM_011516077.3	2662	4868	5137	2769	3063	4318
rna-NM_001166253.1	16	63	54	23	10	13
rna-NM_022750.3	3634	1662	1504	3904	5538	3324
rna-NM_030647.1	384	543	506	290	830	785
rna-NM_207113.2	1824	1239	1008	1794	2183	2132
rna-XM_005249996.3	19	6	6	29	40	26
rna-NM_013446.3	5317	10499	8117	5617	4298	5461
rna-NM_053035.2	584	835	624	834	564	577
rna-XM_011516052.2	3246	9268	6570	2001	676	1533
rna-NM_052853.3	1086	1534	1148	1637	1035	744
rna-NM_004546.2	1097	1961	1702	1788	1325	1488
rna-XM_017012558.1	892	1035	879	828	1357	1068
rna-NM_001195278.1	1718	187	213	1008	1832	506
rna-NM_001105558.1	2	4	0	0	0	2
rna-NM_018238.3	439	826	533	531	610	432
rna-NM_001080392.1	597	1032	821	566	492	1305
rna-XM_005250049.5	1523	1794	1353	1699	1527	1105
rna-NM_016944.1	3	0	0	0	5	2
rna-NM_018980.2	4	3	3	2	15	6
rna-XM_005249946.4	10	19	9	8	14	13
rna-NM_001303414.1	1	7	3	1	0	0
rna-XM_017012772.1	0	0	0	0	4	3
rna-XM_024446674.1	4	4	7	8	1	10
rna-NM_019841.6	0	0	0	0	0	0
rna-XM_005249993.2	2	0	0	1	0	0
rna-NM_001143679.1	2036	1991	1990	2105	2012	1921
rna-NM_001242774.2	95	14	26	100	59	35
rna-NM_032982.3	2216	2026	1463	2510	2555	1653
rna-NM_001031690.2	345	1065	1226	669	13	2473
rna-NM_001322263.2	449	328	273	678	557	1037
rna-XM_017012587.2	4565	3949	3445	5290	4552	5191
rna-NM_005232.4	7	0	0	3	1	1
rna-NM_001348289.1	1	0	0	0	0	0
rna-NM_001008747.2	7	1	2	8	13	11
novel.457.1	101	187	173	85	174	101
rna-XM_017012897.1	50	158	107	28	52	87
rna-XM_006715927.4	115	302	216	51	123	124
rna-NM_178561.4	5	1	1	7	16	5
novel.500.1	55	210	137	48	57	85
rna-NM_014719.2	627	1025	919	489	764	476
rna-NM_198495.2	17	2	7	21	48	27
rna-NM_001003702.2	63	10	15	136	234	173
rna-NM_001001802.2	1	0	0	0	1	2
rna-NM_001005328.1	3	1	2	2	9	7
rna-NM_001278507.1	13	3	4	20	44	30
novel.501.1	74	9	20	130	242	202
rna-NM_001005287.1	1	0	0	0	1	1
rna-NM_005435.3	165	18	58	316	495	452
rna-XM_011516033.2	66	26	17	61	119	40
novel.502.1	29	61	37	31	26	31
rna-XM_011516630.3	1692	2654	2076	1918	2713	2113
rna-XM_011515883.2	983	1653	829	1028	980	576
rna-NM_014141.5	8	26	27	2	2	8
rna-NM_152411.3	261	235	197	380	377	382
rna-NM_001001661.2	307	402	453	458	364	889
rna-XM_011516439.2	591	873	587	799	627	618
rna-XM_006716185.2	18388	22124	18972	22557	10943	20359
rna-XM_006716151.4	2239	2148	2006	2402	1845	1807
rna-XM_005250055.3	1020	997	1005	1121	990	895
rna-XM_011515701.2	161	147	142	193	328	125
rna-XM_005249980.3	688	1215	899	980	660	631
rna-XM_005249955.2	586	907	867	749	856	739
novel.503.1	74	84	79	87	185	118
rna-XM_011516636.3	449	625	591	511	573	412
rna-XM_011515857.3	707	596	974	1359	775	1626
rna-NM_198455.2	14	41	41	24	14	41
rna-XM_006716085.3	159	471	626	310	168	472
rna-NM_001289990.1	2383	6684	6835	3787	2046	3843
rna-XM_017012548.1	29	18	21	53	60	86
rna-XM_006716095.3	171	13	53	346	536	578
rna-NM_138434.2	102	15	63	269	371	385
rna-NM_002889.3	0	0	0	36	23	11
rna-XM_006715949.3	3787	5747	5877	6205	3923	8744
novel.458.3	0	0	0	12	0	11
novel.458.4	0	2	138	9	13	118
rna-NM_173680.3	589	460	474	663	634	771
novel.458.1	89	254	0	286	119	42
novel.458.2	101	0	0	0	0	0
novel.458.5	12	2	162	2	229	227
rna-NM_015660.2	103	148	62	60	46	15
rna-NM_130759.3	0	0	0	0	2	0
rna-NM_001199577.1	0	15	0	4	0	0
rna-NM_018384.4	0	0	10	0	0	4
rna-XM_011516376.3	0	7	20	4	0	3
rna-XM_024446731.1	22	163	170	49	0	55
rna-XM_017011945.1	84	557	580	76	0	79
rna-NM_000238.3	296	1489	1720	263	7	401
rna-XM_011516066.3	0	0	0	1	6	2
rna-NM_000603.4	11	9	9	16	7	3
rna-NM_001282291.1	1222	1427	1404	1482	1218	1057
rna-NM_020321.3	48	29	37	35	34	32
rna-NM_004935.3	1978	2150	2099	2946	2179	2384
rna-NM_001136044.1	2125	2454	2434	2736	2403	2507
rna-NM_001199692.2	12192	10271	10954	15791	12151	16013
rna-NM_006712.4	1635	2265	2332	2203	1755	1899
rna-NM_031946.6	2871	2933	2784	3307	2869	3531
rna-NM_005692.4	2983	3843	2864	4134	4144	4146
rna-NM_019015.2	4064	3105	3643	4293	3696	5226
rna-XM_024446886.1	541	839	992	645	395	538
rna-NM_001243351.1	4066	2500	2627	4168	5533	4076
rna-NM_001284260.1	8	0	3	4	7	15
rna-NM_144727.2	2	0	2	4	0	5
rna-NM_005614.3	4100	4218	2833	4098	4608	3729
rna-XM_024446868.1	0	0	0	0	0	0
rna-XM_005250002.4	2515	448	610	2304	4849	2281
novel.459.1	6	45	11	7	6	4
rna-XM_017011793.2	2	0	0	0	0	0
rna-XM_006716082.3	934	1561	1150	985	1378	1327
rna-XM_005250025.4	1187	1772	1564	811	1637	1455
rna-NM_005431.1	170	102	51	122	304	25
rna-NM_020445.5	132	217	189	156	178	235
novel.460.3	0	83	58	23	0	73
novel.460.1	25	44	15	35	5	11
novel.460.2	122	194	254	221	249	198
novel.460.4	12	0	38	1	30	5
novel.460.5	5	0	13	8	2	4
rna-NM_007349.3	1030	934	687	836	1018	901
rna-NM_001427.3	4	16	19	11	2	2
rna-NM_001346591.1	9816	21133	14019	7247	8028	5371
novel.504.2	29	75	61	53	55	67
novel.504.1	12	10	42	48	47	68
rna-XM_005249531.1	1815	1942	1698	1505	2095	1698
rna-NM_000193.3	88	8	39	165	254	107
rna-NM_001291913.2	81	14	24	86	267	93
rna-NM_001353366.1	750	784	575	707	1161	888
rna-NM_005515.3	105	61	76	144	116	123
rna-XM_011515811.3	45	94	75	70	100	85
rna-NM_001350953.1	2480	3656	2804	2778	2836	3972
rna-NM_014671.2	4434	5119	3653	4622	5840	6325
rna-XM_005249515.3	5145	2595	2412	5440	7981	8891
rna-XM_024447048.1	0	0	0	0	2	0
rna-NM_001308268.1	399	445	408	306	77	449
rna-XM_011516356.3	2268	2506	1014	1621	2229	1024
rna-XM_024446845.1	7891	12425	10735	6977	6954	14517
rna-XM_017012937.1	12	4	12	4	6	9
rna-XM_006716041.2	675	1043	1075	458	576	617
rna-XM_024446914.1	0	10	2	0	0	0
novel.528.1	17	7	11	20	61	25
novel.529.1	34	66	35	53	60	49
rna-NM_001005504.1	2	0	0	0	2	0
rna-XM_017014132.1	9	6	10	7	13	11
rna-NM_001287255.1	14	17	24	5	20	23
rna-NM_183421.1	642	785	736	773	554	828
rna-NM_001256113.1	366	81	98	349	469	275
rna-XM_017013114.2	316	314	247	335	387	233
rna-XM_005266022.1	122	101	71	112	126	113
rna-XM_024447335.1	876	1487	1210	641	780	539
rna-XM_011534771.2	119	25	30	76	74	23
rna-NM_003970.3	31	57	33	49	27	87
novel.530.1	73	79	19	131	105	107
novel.530.2	8	0	81	16	0	22
rna-XM_017013829.2	477	581	419	383	472	365
rna-NM_001147.2	2326	3239	3104	1990	11	3790
rna-NM_018361.3	1531	4351	3466	1560	589	3074
rna-XM_017013401.1	3	4	3	1	1	4
rna-NM_001926.3	0	0	0	0	0	0
rna-XM_017014139.1	8	0	0	0	5	3
rna-NM_001037380.1	0	0	0	0	0	0
rna-NM_001256873.1	0	0	0	0	0	0
rna-NM_001256874.1	0	0	0	0	0	0
rna-XM_017012941.2	0	0	0	0	0	0
rna-XM_011534716.3	1	0	1	0	1	0
rna-XM_017014151.1	1	0	0	3	0	2
rna-XM_024447360.1	5	0	0	7	4	0
rna-NM_001282478.1	1	0	0	0	1	0
rna-NM_001193630.1	1	0	0	0	0	0
rna-XM_005272369.5	212	577	301	279	320	309
rna-NM_194284.2	26	0	10	44	43	30
rna-NM_004225.2	357	726	525	365	444	507
rna-XM_017013949.1	489	1160	924	415	320	929
rna-NM_001201329.1	420	1163	559	237	192	187
rna-NM_003747.2	1018	2477	2058	871	706	1252
rna-NM_178857.5	6	5	5	9	8	3
rna-NM_031439.3	119	20	20	137	149	198
rna-NM_012331.4	104	344	278	194	92	333
rna-NM_017884.5	252	317	213	313	216	270
rna-XM_024447129.1	23	78	67	42	10	81
rna-NM_015458.3	260	619	347	342	262	435
rna-NM_053279.2	672	73	111	388	340	96
rna-XM_011543824.1	2	0	1	0	0	0
rna-XM_011543817.3	7	43	39	13	0	14
rna-NM_001031839.2	2	3	0	0	0	0
rna-NM_145043.3	152	424	354	189	175	119
rna-XM_006716257.4	68	93	59	75	53	20
rna-NM_001037804.1	0	0	0	0	0	0
novel.531.1	0	0	1	1	2	0
novel.505.1	65	66	58	82	29	38
rna-NM_001137610.2	27	33	19	24	35	10
novel.505.2	4	1	6	22	11	28
novel.505.4	125	93	95	91	0	51
novel.505.3	109	12	6	24	117	40
rna-NM_152271.4	140	468	311	109	101	108
rna-XM_011544596.3	9	0	2	9	15	3
rna-NM_001287750.1	3197	7339	4697	3504	2422	2400
rna-NM_001908.4	17491	14459	15891	22030	14906	24437
rna-XM_005273374.1	1620	143	216	1328	2212	1687
rna-NM_001007090.2	12	3	2	26	24	12
rna-NM_006765.3	1780	1638	1438	2026	1905	2042
rna-NM_139167.3	18	13	25	0	4	8
rna-XM_024447160.1	10	0	4	20	36	26
rna-NM_019851.2	2	2	0	5	8	0
rna-NM_181723.2	84	101	107	40	48	68
rna-XM_011544544.3	1505	3628	3124	1790	1552	2162
rna-NM_001322093.1	2191	3477	2562	2175	1940	2256
rna-NM_152415.2	904	1337	1070	955	946	1169
rna-NM_004686.4	31	21	27	39	49	31
rna-NM_001164771.1	403	358	209	230	342	155
rna-NM_006207.2	412	241	191	253	213	102
rna-XM_017013698.2	355	627	738	497	85	2987
novel.506.1	2	4	9	0	0	6
rna-XM_017013232.1	2	0	0	0	2	0
rna-XM_011544528.2	1466	2047	2202	777	1529	1249
rna-NM_004315.5	2340	3409	3689	2555	2420	4664
rna-XM_017013947.1	157	102	80	128	152	94
rna-XM_017013258.1	1321	2984	3012	1071	1659	3767
rna-NM_022071.3	626	838	545	938	1462	1257
rna-NM_001354476.1	433	447	527	377	552	487
rna-NM_001353505.1	1651	3516	3022	1602	1591	1966
rna-NM_000237.2	2882	10434	4346	2044	4	1996
rna-NM_001693.3	3972	3483	3039	3938	3217	3514
rna-XM_005273394.3	376	840	649	336	79	444
rna-XM_006716327.3	6	24	21	4	0	7
rna-XM_024447108.1	2490	5539	4122	2779	2195	3724
rna-XM_011544360.2	4	0	3	7	6	3
rna-XM_005273675.1	0	0	0	19	3	2
rna-NM_001323382.1	216	1061	835	390	159	234
rna-XM_006716381.3	902	1821	1579	943	827	939
rna-XM_011544650.1	224	424	500	314	311	259
rna-XM_005273569.2	580	2124	2095	647	41	574
rna-NM_025232.3	1055	1575	1193	1337	768	849
rna-NM_139278.2	25	75	98	53	6	70
rna-NM_003018.3	4	0	6	0	0	0
rna-NM_006129.4	2443	4254	3960	2818	1796	3044
rna-NM_014759.3	109	117	99	177	80	50
rna-NM_001722.2	1102	1586	1067	1215	928	975
rna-NM_018068.4	31	14	6	31	26	23
rna-XM_006716266.1	1990	4003	3560	2977	2405	2653
rna-NM_021630.5	1608	4134	3545	1467	767	1115
rna-NM_001351657.1	12309	12147	10793	16397	19744	23932
rna-NM_001243974.1	546	1148	975	487	445	733
rna-NM_001013842.2	1294	4525	2799	723	642	484
rna-XM_017014122.2	37	104	127	36	73	45
rna-NM_021174.5	3860	7114	5964	4912	3884	4770
rna-NM_018688.4	528	710	521	554	478	529
rna-XM_005273425.3	33	21	28	30	69	155
rna-XM_017014154.1	37	47	27	31	14	21
rna-XM_017013251.1	1510	1478	1273	1519	1163	834
rna-NM_003842.4	5386	9727	6383	4544	4448	5174
rna-NM_003841.4	18	55	40	29	24	16
rna-NM_003840.4	390	23	58	190	1111	711
rna-NM_003844.3	182	26	38	321	506	522
novel.507.1	43	5	14	58	107	73
rna-XM_017013961.2	2161	3063	2712	2761	1952	3398
rna-NM_004901.4	1052	1872	1444	1273	1412	2894
rna-NM_001136108.2	838	1593	1379	1100	539	856
rna-NM_002318.2	19291	25579	24640	25634	19099	47648
rna-NM_016612.3	1010	732	842	982	1532	831
rna-NM_006167.3	674	267	282	737	1039	554
rna-NM_001136271.2	140	12	20	164	88	38
rna-NM_003155.2	2855	6737	4737	3923	6154	9682
rna-NM_014265.5	11	13	18	11	12	4
rna-NM_005382.2	6	75	32	6	0	8
rna-NM_006158.4	314	2192	1783	223	4	240
rna-XM_011544661.1	406	666	534	361	345	282
rna-NM_000825.3	9	8	9	3	20	5
rna-NM_017634.3	1454	2796	2468	1595	1289	2207
rna-XM_011544417.3	436	997	415	387	395	205
rna-NM_022659.3	4	17	7	0	2	0
rna-NM_001177591.1	1950	4713	3049	2269	1945	3195
novel.532.1	83	236	228	41	65	75
rna-NM_004331.2	7969	18950	16967	5634	5280	9198
rna-NM_007257.5	1754	7665	5816	1511	548	1304
rna-XM_005273652.4	0	0	2	0	0	0
rna-NM_001197293.2	2736	7205	8637	3824	2555	3143
rna-NM_171982.4	1101	850	877	1287	1083	1439
rna-NM_173174.2	541	191	208	536	538	125
rna-NM_000742.3	2	0	0	0	3	0
rna-NM_001979.5	33	0	7	46	41	21
rna-XM_006716284.3	7856	8695	9979	13013	12041	19550
rna-XM_017013535.1	967	1044	1038	902	901	850
rna-NM_018246.2	1236	2605	2353	1438	1244	1794
rna-XM_011544421.2	536	787	284	339	504	98
rna-NM_001278945.1	467	1311	364	395	289	131
rna-NM_173833.5	170	14	56	201	287	178
rna-NM_018091.5	1064	2273	1677	1216	1012	1104
rna-NM_018660.2	3037	8662	7433	1633	1421	1619
rna-NM_172366.3	59	122	110	68	43	29
rna-NM_017412.3	313	1054	938	270	217	598
rna-XM_024447096.1	4837	13467	9763	6020	1877	9669
rna-XM_006716356.3	540	657	491	541	477	422
rna-NM_001324383.1	101	123	119	96	157	207
rna-XM_011544457.1	1183	1656	1495	1070	948	1638
rna-NM_001394.6	2196	1759	961	1920	902	1245
rna-XM_017013567.2	3044	6534	6040	3836	1979	5252
rna-NM_001128208.1	242	583	406	304	234	373
rna-XM_017013726.1	5	6	6	9	0	8
rna-NM_006571.3	838	1360	1322	902	652	1017
rna-XM_017012980.2	721	925	622	882	775	668
rna-XM_017012943.1	0	0	0	0	2	0
rna-NM_002095.5	946	1308	1235	1135	833	1185
rna-NM_000637.4	2050	3957	3173	1855	1478	1365
rna-XM_017014155.1	0	0	0	0	1	3
rna-XM_011544655.2	155	306	171	220	185	221
rna-XM_011544588.2	31	15	4	27	44	16
rna-NM_001323311.1	81	118	59	80	73	179
rna-NM_000553.5	409	767	537	286	409	362
rna-NM_001009552.1	3962	6910	5876	4815	4371	6534
novel.508.1	290	571	219	228	211	200
rna-NM_001322205.1	1076	3377	1657	766	740	827
novel.509.2	42	87	125	144	30	100
novel.509.1	49	66	35	29	19	40
rna-XM_011544676.3	95	194	145	120	147	122
rna-NM_024787.3	268	402	293	227	214	373
rna-NM_032509.3	685	859	528	602	871	405
rna-NM_001102401.2	581	802	674	763	601	662
rna-NM_001305115.1	4	6	6	6	0	8
novel.533.1	4	11	6	2	0	10
novel.534.1	10	18	20	15	0	16
rna-XM_017013044.1	115	160	137	100	5	199
rna-NM_025069.2	2801	4626	4887	3277	827	3892
rna-NM_007175.6	1053	4459	3115	1368	889	1782
rna-NM_001349346.1	1829	3406	2755	2275	1674	2003
rna-XM_011544481.2	1252	1732	1616	1287	461	838
rna-NM_018310.3	504	595	398	572	406	459
rna-NM_001002814.2	1035	198	281	806	855	423
rna-NM_004095.3	3411	3939	3130	4627	2819	2487
rna-XM_005273682.1	1267	1902	1354	1359	1166	1057
rna-NM_000349.2	3	5	4	6	0	3
rna-NM_014462.2	1085	1451	1232	1173	1113	1512
rna-NM_004874.3	1096	986	1113	1126	1343	1160
rna-NM_015214.2	721	1457	1110	635	867	682
rna-XM_024447307.1	561	593	511	699	804	434
rna-NM_023034.1	1650	1703	1279	1349	1472	1973
rna-XM_017013056.1	87	38	47	75	71	44
rna-XM_011544443.2	3576	5312	4824	3057	1699	2561
rna-NM_021623.1	1939	7720	4698	1700	1039	1459
rna-NM_001352778.1	6189	8918	6566	4665	3728	5516
rna-NM_002164.5	548	49	43	255	365	192
rna-NM_020130.4	67	148	87	57	12	42
rna-NM_153692.3	0	2	0	0	0	0
rna-NM_078473.2	1701	1967	1820	1791	1817	1844
rna-XM_017013942.1	4936	7842	6618	2819	3392	4851
rna-NM_145004.6	8	5	10	7	2	15
rna-XM_017013836.2	18	39	33	19	0	45
novel.535.1	45	0	3	89	72	24
rna-XM_024447174.1	2620	4668	4275	2909	1556	3525
rna-NM_003012.4	19753	23450	26317	19847	13968	22160
rna-XM_005273659.4	1266	1226	606	1315	1066	390
rna-NM_178819.3	2854	3520	3065	2998	2877	2755
rna-XM_011544490.3	409	973	634	812	237	1704
rna-XM_011544657.3	2027	3351	2398	1569	1790	3187
rna-NM_001134296.1	650	1166	883	750	618	557
rna-XM_005273490.3	737	917	837	882	786	926
rna-XM_005273535.4	488	869	592	593	470	772
rna-NM_000930.4	10848	9485	7028	8980	7074	6851
rna-NM_001135694.2	2066	4252	2721	2616	2418	2905
rna-NM_004198.3	20	5	2	0	4	0
rna-NM_006749.4	743	1638	1697	955	780	794
rna-XM_005273398.4	204	810	634	327	134	242
rna-NM_018105.2	444	459	364	445	467	600
rna-NM_030954.3	322	719	587	383	467	477
rna-NM_032410.3	1055	2456	2435	752	1132	1341
rna-NM_002027.2	1624	2400	2016	1590	1306	1311
rna-NM_032237.4	146	244	101	95	70	173
rna-XM_005273409.1	787	1428	1361	819	906	672
rna-XM_011517583.3	1377	2535	1726	1310	1471	1222
novel.510.1	84	22	0	139	72	93
novel.510.2	102	0	21	37	126	0
novel.510.3	56	8	0	15	32	8
rna-NM_003068.4	1072	63	108	986	1408	719
rna-NM_144651.4	2	6	1	0	0	5
rna-NM_052937.3	462	536	678	439	787	652
rna-XM_017013268.2	1340	2139	1603	1502	1290	2192
rna-NM_005195.3	3217	4885	4428	4478	4174	7247
rna-NM_006904.6	7370	15035	7017	4954	7681	5787
rna-NM_005914.3	7501	7135	2961	6600	8123	2381
rna-XM_017014104.1	1122	1056	1359	515	2004	981
novel.511.1	10	13	9	17	29	28
novel.536.1	71	62	57	44	51	6
novel.537.1	128	42	70	84	39	4
rna-NM_015941.3	1825	1845	1634	1761	1528	1530
rna-NM_014175.3	1106	1771	1254	1390	1085	868
rna-XM_017013721.1	6	0	0	0	0	0
rna-NM_170587.3	455	862	630	369	458	283
rna-NM_006756.3	7814	12225	10345	9303	5472	8558
rna-NM_006330.3	2274	4834	3444	2383	2402	2825
rna-NM_001286657.1	412	637	419	495	493	727
rna-NM_024831.7	776	686	628	673	959	681
rna-XM_011517529.3	772	746	657	810	703	836
rna-NM_001114634.1	149	121	113	89	168	140
rna-NM_001146227.1	13321	23053	20551	15990	8788	13669
rna-NM_001011668.2	291	420	409	327	315	276
rna-NM_017813.4	3972	8461	6687	3335	3342	5547
rna-XM_005251324.3	15	47	59	16	8	29
rna-NM_001077619.1	601	1282	1317	813	623	1268
rna-NM_000780.3	0	0	0	0	6	8
rna-NM_001348341.1	9484	4849	5159	12133	17702	29111
rna-NM_001144772.1	891	1381	982	797	667	780
rna-NM_014729.2	277	1522	1330	282	10	614
novel.513.1	49	148	20	29	9	43
novel.513.2	4	8	141	49	2	60
rna-NM_004056.5	63	6	6	151	42	421
rna-NM_002865.2	3033	4510	3976	3318	3081	3813
rna-XM_011517553.2	240	670	453	160	272	354
rna-NM_003878.2	2201	2393	1490	2005	2027	1837
rna-NM_000370.3	8	35	14	15	17	24
rna-XM_024447079.1	0	0	0	0	1	0
rna-XM_017013419.1	3940	6688	5820	2684	3828	4636
rna-NM_001277813.1	3160	3461	2943	2726	3395	3575
rna-NM_018120.5	1064	1654	1025	1052	1362	948
rna-XM_006716484.2	436	525	354	485	470	358
rna-NM_001242318.2	329	443	358	300	481	298
rna-XM_011517614.2	90	9	11	54	52	9
rna-NM_015169.3	662	832	625	800	702	456
rna-NM_144650.2	7	0	6	7	13	0
rna-NM_152765.3	45	38	18	60	17	12
rna-XM_017013455.1	632	422	192	386	863	220
rna-NM_025054.4	889	682	796	726	1376	900
rna-NM_019607.2	42	102	102	63	73	82
rna-NM_001204173.1	85	34	10	7	152	71
rna-NM_001033578.2	124	35	87	117	42	0
rna-NM_173518.4	42	78	44	52	36	54
rna-XM_017012940.1	22	4	4	21	27	3
rna-NM_001013626.3	3	6	0	0	0	0
rna-NM_006837.2	1276	1605	1353	1295	1160	1044
rna-XM_011517598.2	285	263	271	251	534	283
rna-NM_006421.4	951	1352	1194	676	1355	1016
rna-NM_020361.4	314	1204	865	241	0	400
rna-NM_024870.3	10	14	15	0	2	2
rna-NM_052958.3	1	0	2	0	8	2
rna-NM_030958.2	39	181	76	21	4	36
rna-XM_017012961.2	1027	845	693	813	1625	1113
rna-NM_016027.2	686	423	348	615	742	348
rna-XM_011517524.3	58	53	49	79	135	120
rna-NM_014294.5	12872	8918	9003	13392	14355	13099
rna-XM_017013201.1	3	20	28	11	1	0
rna-XM_011517624.2	3	0	0	0	0	0
rna-XM_005251291.3	771	845	688	705	952	517
rna-NM_153225.3	3	5	3	4	8	3
rna-NM_001164380.1	706	1223	1007	683	835	1039
rna-NM_000971.3	16637	29208	25646	21879	13819	18259
rna-NM_172037.4	597	359	331	486	659	753
rna-NM_001001481.2	1599	1582	1362	1453	1796	1626
rna-NM_001204857.1	1770	1949	1530	2127	1789	2230
rna-NM_017866.5	1061	1391	1119	1636	906	2254
rna-XM_005251274.3	10	41	29	21	3	23
rna-XM_017013299.1	110	329	313	126	17	248
rna-NM_018972.2	199	65	86	209	317	118
rna-NM_031461.5	290	67	55	191	225	44
rna-NM_004133.4	30	0	0	16	34	18
novel.514.1	181	25	24	105	239	33
novel.514.2	10	0	0	7	0	9
rna-NM_024721.4	1811	704	733	1301	1955	896
rna-NM_001172087.1	797	1028	937	827	820	1011
rna-NM_006823.3	269	73	113	271	476	298
rna-XM_005251256.2	200	105	125	170	313	107
rna-NM_000880.3	42	13	12	42	105	31
novel.538.1	0	25	5	14	0	50
novel.538.7	0	19	18	5	0	8
novel.538.12	0	0	0	0	0	44
novel.538.14	0	11	1	70	0	13
novel.538.16	0	39	0	0	0	0
novel.538.17	0	3	6	0	0	2
novel.538.19	0	55	82	85	0	200
novel.538.20	0	0	0	25	0	0
novel.538.2	18	16	10	36	0	49
novel.538.3	93	278	459	183	0	366
novel.538.4	42	72	0	46	0	81
novel.538.5	20	33	4	14	0	24
novel.538.6	11	15	40	34	0	24
novel.538.8	4	21	0	0	0	3
novel.538.9	10	0	0	46	0	2
novel.538.10	1	23	23	2	0	0
novel.538.11	30	23	32	19	0	16
novel.538.13	31	22	37	30	0	42
novel.538.15	48	4	6	8	0	12
novel.538.18	34	0	78	47	0	117
novel.538.21	44	0	0	15	0	0
rna-NM_001199214.1	0	6	0	7	0	2
rna-NM_001040708.1	456	1827	2068	675	65	917
rna-NM_014018.2	478	863	793	638	528	553
rna-NM_001287140.1	1608	4986	4011	1421	1299	1600
rna-NM_001105539.2	724	932	821	460	1114	833
rna-XM_005251279.4	15	232	113	19	2	26
rna-NM_018440.3	747	329	227	386	354	159
rna-NM_001444.2	526	99	138	703	1004	469
rna-NM_001442.2	4	0	0	0	6	0
rna-NM_001144878.1	797	772	415	952	1558	853
rna-NM_001010893.2	2	2	6	1	1	0
rna-NM_024699.2	747	762	724	786	761	602
rna-NM_152284.3	116	13	44	220	431	222
rna-NM_152836.2	859	224	235	666	1211	911
rna-XM_017013920.1	44	90	109	16	118	48
rna-NM_001128831.3	0	0	0	0	0	0
rna-NM_001951.3	420	1285	918	613	201	692
rna-NM_001099673.2	484	778	699	534	329	430
rna-NM_198584.2	140	136	147	184	244	146
rna-NM_005181.3	6	5	13	6	14	5
rna-NM_000067.2	81	428	315	113	172	329
novel.515.1	8	37	27	6	2	12
rna-XM_005250760.4	910	829	816	873	1451	1321
rna-XM_011517090.3	383	526	480	441	456	387
rna-XM_017013945.2	2376	5421	4404	2287	2710	2582
rna-NM_005941.4	121	167	121	119	209	382
rna-NM_003821.5	885	551	480	931	1205	983
rna-NM_001126111.2	1517	1110	913	1352	1701	1432
rna-NM_002485.4	1286	1401	1198	1116	2408	1211
rna-NM_001359.1	768	1264	1272	733	855	560
rna-NM_004929.3	5068	12873	12494	7309	18	12157
novel.516.1	377	1414	1447	989	5	1258
rna-NM_001008495.3	1141	2150	2049	1137	1001	1462
rna-NM_022351.4	41	37	58	40	75	38
rna-XM_017012939.2	100	83	67	97	58	78
rna-NM_018710.2	463	506	388	506	413	742
rna-NM_134266.1	3	2	4	0	10	0
novel.539.1	0	16	35	15	49	53
novel.539.2	71	82	98	96	114	105
rna-NM_016023.3	326	553	351	291	375	356
rna-NM_001129890.1	5	0	2	0	12	3
rna-NM_001198679.1	2	0	0	0	0	0
rna-XM_017013350.1	623	517	421	451	545	338
rna-NM_145269.4	359	872	849	373	234	369
rna-XM_011517029.2	534	1112	920	452	702	436
rna-NM_153704.5	376	725	691	330	349	379
rna-NM_181702.2	974	423	559	847	757	4249
rna-NM_001144663.1	0	0	5	0	0	0
rna-XM_017013588.1	2984	7018	6077	2039	2011	2955
rna-NM_012415.3	513	276	212	603	1230	492
rna-NM_001256141.1	121	123	160	133	306	57
rna-NM_015496.4	1977	2697	2294	1713	2313	1845
rna-NM_017697.3	67	12	15	92	45	27
rna-XM_005250894.4	1107	1638	1573	1071	1440	1140
rna-NM_017864.3	1280	1340	1153	1076	1548	743
rna-NM_057749.2	695	528	187	445	615	102
rna-NM_033285.3	364	247	421	259	569	199
rna-NM_152416.3	236	307	276	302	312	255
rna-NM_024613.3	852	824	749	597	731	441
rna-XM_005250799.4	170	194	155	162	256	173
rna-NM_001001557.3	888	102	156	535	315	194
rna-NM_001254752.1	3516	5512	5733	5227	3203	6010
rna-NM_015942.4	379	417	309	307	519	294
rna-NM_014754.2	3775	5038	3196	4556	3804	5476
rna-NM_002998.3	6265	16137	11435	8318	710	17775
rna-NM_016134.3	661	1154	1015	803	453	1168
novel.517.1	39	58	60	63	0	120
novel.517.2	15242	53283	34365	23267	28	25170
rna-XM_011517367.2	3805	4831	3898	3391	3535	4318
rna-NM_018407.4	12867	12931	10662	12657	11900	11168
rna-NM_173549.2	47	12	12	45	44	20
rna-NM_005836.2	297	541	520	404	495	560
rna-NM_001145860.1	498	641	527	555	740	557
rna-NM_001321635.1	54	8	10	39	61	16
rna-NM_020697.3	3	2	0	0	0	0
rna-NM_002380.4	682	175	268	425	520	312
rna-NM_000989.3	11078	17294	15871	13661	7173	12421
rna-XM_017013756.1	421	410	320	330	470	284
rna-NM_001286841.1	173	128	178	179	118	228
novel.540.1	5	5	12	5	3	6
novel.518.1	1117	3109	3735	3100	4	3696
rna-XM_011516987.3	41	8	2	20	47	21
rna-XM_005250801.5	733	1109	880	414	1021	870
rna-NM_004374.3	1691	3047	3405	2245	1243	2392
rna-NM_005034.3	1238	2068	1553	1569	1312	1254
rna-XM_017013754.1	711	526	518	668	850	686
rna-NM_001280539.1	3373	8538	6269	2981	1405	5810
rna-NM_001270379.1	78	209	139	106	74	204
rna-NM_152628.3	0	0	0	0	7	0
rna-NM_002568.3	19634	31144	29316	21132	16502	20215
rna-NM_001267709.1	754	1590	1349	990	665	1313
rna-NM_003406.3	20774	30931	25347	23293	22741	28289
rna-XM_017013900.1	0	0	0	0	0	0
novel.541.1	23	76	76	12	0	33
rna-NM_001172477.1	1462	1581	1383	1070	1676	746
rna-NM_015902.5	2220	3010	2462	1504	3110	2143
rna-XM_024447366.1	1	1	1	1	1	1
novel.519.1	8	33	14	5	0	2
rna-NM_005655.3	1473	2014	1584	955	2007	618
rna-XM_011517419.2	6	10	0	4	6	5
rna-NM_148174.3	3919	5489	3876	3848	4495	3796
novel.520.1	4	15	9	8	4	10
rna-NM_001695.4	3178	1960	1841	2997	3965	3736
rna-NM_024812.2	3	21	33	8	0	0
rna-NM_138455.3	0	10	4	4	0	0
rna-NM_001164615.1	986	1407	1232	813	1041	662
rna-NM_030780.4	1019	1350	898	973	1136	1001
rna-NM_015420.6	1230	1550	1123	1342	1601	1351
rna-XM_005250818.3	2	0	2	0	2	0
rna-XM_011517395.3	58	6	20	51	144	62
rna-NM_013437.4	1870	1260	925	1358	1791	1950
rna-NM_012082.3	108	21	12	75	266	107
rna-NM_001146.4	148	260	288	75	55	72
novel.521.3	431	139	45	447	542	650
novel.521.2	105	34	79	123	150	73
novel.521.1	114	34	31	151	234	236
rna-NM_001198532.1	1242	834	888	960	1867	1102
rna-XM_017013398.2	6267	7925	7719	6943	5976	6278
rna-NM_001329493.1	525	493	438	398	539	224
rna-NM_153015.2	73	12	14	76	77	89
rna-NM_032869.3	1597	1297	906	1458	2012	1142
rna-NM_020189.5	1302	1127	920	1429	1387	1174
rna-NM_198120.2	454	411	375	519	596	389
rna-NM_001317989.1	0	0	0	0	0	0
rna-NM_001099744.1	167	53	99	447	693	1194
rna-NM_014379.3	2	2	4	3	4	0
rna-NM_198123.1	6	0	3	15	65	20
rna-NM_014112.4	672	1000	1230	937	930	4256
rna-NM_003756.2	5070	5647	5234	5805	5330	5159
rna-NM_032334.2	646	744	494	644	769	683
rna-NM_006265.2	7745	8621	7013	7580	9369	9005
rna-NM_080651.3	393	300	246	316	297	173
rna-NM_000127.2	7442	1570	1629	6142	7560	5018
rna-NM_207506.2	38	10	9	55	62	30
rna-NM_052886.2	63	4	5	60	77	92
rna-NM_002514.3	181	42	59	181	219	142
rna-NM_002546.3	715	90	102	765	1095	1510
rna-NM_006438.4	11	0	0	9	2	5
rna-XM_006716584.1	302	49	43	232	157	89
rna-XM_006716621.3	1549	1634	1223	1397	2544	1837
rna-NM_024094.2	400	603	300	411	490	183
rna-NM_022783.3	622	277	394	607	543	369
rna-XM_017013809.2	675	1408	1735	606	1045	688
rna-NM_014078.5	1296	1664	1179	1606	1716	1214
rna-NM_022045.4	268	206	96	231	362	116
novel.543.1	149	584	393	161	0	75
rna-NM_021021.3	340	1565	1048	261	79	154
rna-NM_005328.2	342	404	249	236	201	258
rna-XM_005250837.4	626	524	449	640	678	456
rna-NM_024295.5	4193	7317	5576	5187	4400	5761
rna-NM_145647.3	258	406	236	218	264	133
rna-NM_032899.6	72	17	42	131	223	230
rna-NM_032847.2	658	1074	936	1042	595	1334
rna-NM_001204180.1	50	66	56	44	24	53
rna-NM_007222.4	1682	3455	3497	1400	1576	2697
rna-NM_014109.3	4218	6116	2352	2844	4384	1481
rna-XM_017013601.1	369	811	623	297	213	186
rna-NM_058229.3	1895	1445	1156	1538	1080	738
rna-NM_144963.3	3281	6067	4986	3331	3154	5448
rna-XM_011517231.2	0	5	0	2	0	14
rna-XM_011516847.2	605	1139	847	880	758	2499
rna-NM_017956.3	533	1262	926	682	699	699
rna-NM_007218.3	2035	4280	3481	2764	2004	5366
rna-NM_001317889.1	685	1486	1326	884	538	778
rna-NM_005005.2	3615	7136	6733	5987	3413	5313
rna-XM_005251111.2	918	372	380	799	876	510
rna-NM_152412.2	20	0	0	42	47	10
rna-NM_003129.3	6272	7989	4584	5772	6173	4005
rna-NM_014846.3	2044	4736	3549	2182	1910	2464
rna-XM_017013330.2	811	1293	1018	730	685	798
rna-NM_025195.3	1132	864	819	1612	2430	3624
novel.544.1	30	0	6	41	108	31
novel.544.2	122	10	35	126	360	63
novel.545.1	17	62	56	20	6	8
rna-NM_001159542.1	5	18	19	20	12	15
rna-NM_174911.4	11351	24468	15151	18261	3592	52488
rna-NM_002467.5	3509	9200	5145	3674	5443	3270
rna-NM_031415.2	5	4	0	0	0	1
novel.523.3	0	62	10	15	17	11
novel.523.5	0	6	11	18	26	44
novel.523.10	0	52	0	0	18	52
novel.523.11	0	35	0	0	3	43
novel.523.13	0	6	51	34	23	49
novel.523.1	95	136	120	118	94	195
novel.523.4	47	153	65	41	98	61
novel.523.2	20	6	9	118	146	0
novel.523.6	30	7	26	40	0	14
novel.523.7	178	71	82	223	255	129
novel.523.8	78	0	24	81	0	43
novel.523.9	87	0	39	62	164	37
novel.523.12	62	7	16	16	0	55
novel.523.14	97	0	20	37	4	63
novel.523.15	95	9	19	47	61	58
novel.523.16	156	213	84	45	0	85
novel.546.1	5	0	0	6	8	3
novel.524.1	11	18	6	16	14	19
rna-NM_001353245.1	2387	6867	4250	2818	2073	3500
rna-NM_001115.2	0	9	4	0	0	3
rna-NM_001323558.1	2149	1265	1265	2138	3592	3201
rna-XM_005250925.1	6935	6598	5005	5105	7263	4680
rna-NM_004519.3	4	0	0	3	0	0
rna-XM_006716538.3	44	17	20	28	89	99
rna-NM_144649.2	3	21	12	8	0	17
rna-XM_011517075.1	673	399	372	563	1251	693
rna-NM_006748.3	0	2	3	4	6	0
rna-NM_003235.4	6	0	0	2	8	0
novel.525.1	7	10	11	11	5	6
rna-XM_011516791.1	11476	47809	33194	4272	2412	5678
rna-XM_006716617.2	1348	2782	1971	1194	1025	1324
rna-NM_020863.3	891	1235	899	1228	908	1768
rna-NM_006558.2	4008	4886	3734	3925	584	5055
novel.547.2	0	0	8	54	0	104
novel.547.1	512	1412	861	862	0	1085
novel.547.3	48	64	77	112	0	248
novel.547.4	346	1715	1220	795	0	1271
rna-XM_011517101.2	6	9	6	3	0	9
rna-NM_001354876.1	0	0	0	0	0	0
rna-NM_031466.7	1644	5111	4390	2016	1265	2449
rna-NM_017444.5	2493	4552	3003	3845	3555	3601
rna-XM_017014159.1	0	0	0	1	1	0
rna-XM_011516968.2	2330	6694	4431	2425	2524	4148
rna-XM_005250838.5	988	143	179	719	1038	471
rna-NM_001317971.1	0	0	0	0	0	0
rna-NM_001286646.1	811	1423	1256	813	479	888
rna-NM_005293.2	7	0	1	3	6	1
rna-XM_011516805.1	194	701	837	255	174	250
rna-XM_024447199.1	7232	15309	11083	6826	5978	10594
rna-XM_011516914.1	312	132	143	289	338	160
rna-NM_015193.4	60	12	19	76	322	79
rna-XM_017013691.1	353	69	117	343	262	285
rna-XM_006716677.4	587	393	382	857	1078	741
rna-NM_005672.4	81	9	10	75	83	16
rna-NM_017527.3	1763	306	360	1849	1952	795
rna-NM_016647.2	1954	882	795	2838	1978	1088
rna-NM_177458.2	0	0	0	0	0	0
rna-NM_023946.4	0	0	0	0	0	0
rna-NM_177457.4	318	87	113	403	266	47
rna-NM_003695.2	2	0	0	0	2	0
rna-XM_017014160.2	3	0	0	7	6	0
rna-XM_017013413.1	1	0	0	2	0	0
novel.548.3	0	0	0	59	27	0
rna-NM_001271156.2	363	193	216	499	513	400
novel.526.1	315	200	219	423	455	266
novel.548.1	5	14	12	5	6	20
novel.548.2	62	2	3	35	41	4
rna-NM_138465.3	151	80	138	201	230	204
novel.549.1	7	20	32	13	12	12
rna-NM_002346.2	10810	2912	2762	11995	9008	4575
rna-NM_030895.2	273	138	112	267	416	247
rna-XM_005250781.4	893	403	473	1214	1085	946
rna-XM_011516817.2	409	333	354	405	408	419
rna-NM_201589.3	98	49	66	103	64	101
rna-NM_023078.4	313	173	150	363	396	146
rna-XM_017013248.1	641	415	420	791	950	711
rna-XM_011517301.2	695	438	449	685	822	290
rna-XM_011517214.1	21	4	9	22	34	24
rna-XM_017013975.2	201	17	52	231	280	196
rna-NM_032378.5	5551	3543	3453	8208	5760	4319
rna-NM_032862.4	308	187	186	402	323	332
rna-NM_001317783.1	723	583	584	799	813	566
rna-NM_014789.3	385	248	182	374	516	369
rna-NM_001288805.1	219	62	64	251	313	254
rna-XM_011516980.2	555	58	143	747	889	608
rna-XM_017014127.1	1	0	2	0	0	0
rna-NM_182706.4	1572	851	906	2042	2224	1644
rna-XM_024447099.1	1870	1278	1166	2448	2416	1872
novel.527.1	119	123	98	155	160	187
rna-XM_017013378.1	274	254	320	273	299	272
rna-XM_017013889.1	42	8	17	44	28	10
rna-XM_024447353.1	26	3	0	26	10	14
rna-XM_011516960.1	239	19	121	353	556	318
rna-NM_019037.2	909	546	452	1359	1203	882
novel.550.1	34	6	7	68	60	82
rna-NM_003801.3	2453	2209	2476	3107	2416	1869
rna-XM_005250976.4	13225	13680	12249	10262	12125	8258
rna-NM_001317895.1	3076	1262	1367	4340	5553	2295
rna-NM_000837.1	7754	3471	3742	10018	10543	7091
rna-XM_017013102.1	3990	3038	2757	5216	5106	3294
rna-NM_001316309.1	4	0	0	0	3	0
rna-NM_016458.3	630	462	426	1016	1080	662
rna-NM_030974.3	1974	900	1164	2396	2145	1650
rna-NM_032272.4	5446	2339	2644	8612	8064	7379
rna-XM_024447252.1	851	356	532	1020	1225	873
rna-NM_015201.4	2275	1479	1382	3445	3493	2449
rna-XM_006716616.2	25	13	23	24	54	27
rna-XM_005272315.3	1570	796	910	2068	2084	1763
rna-NM_012079.5	431	365	385	736	711	750
rna-NM_031309.5	3	0	1	6	5	3
rna-NM_001280561.1	2	3	3	2	16	2
rna-NM_012162.3	270	170	181	300	384	156
rna-NM_001253816.1	1261	454	454	1813	1734	1391
rna-XM_011516907.3	119	39	67	136	184	121
rna-XM_024447139.1	1555	884	906	1796	2110	1405
rna-NM_130849.3	27	3	17	78	85	65
rna-NM_183057.2	510	348	444	915	914	774
rna-NM_013432.4	771	466	393	901	1101	444
rna-NM_001330618.1	848	416	493	1128	1180	955
novel.551.1	102	32	89	1	27	57
novel.551.2	74	74	117	193	138	49
novel.551.3	21	89	35	7	78	24
rna-NM_145754.3	1544	470	655	2175	2038	2011
rna-NM_003923.2	3	0	0	4	9	8
rna-XM_024447311.1	1287	836	1131	1838	2058	1546
rna-XM_011516993.2	9	7	14	6	12	11
rna-XM_017013005.1	677	833	986	1037	685	856
rna-XM_017013991.2	1619	699	454	1942	2183	806
rna-NM_001272036.1	1476	615	754	1913	2392	1341
rna-NM_001024678.3	6	11	4	5	10	10
rna-NM_001001795.1	618	256	267	1232	1279	968
rna-XM_011517308.1	612	214	354	795	971	909
rna-NM_138367.1	161	141	117	148	278	210
rna-NM_030580.4	114	71	89	127	191	129
rna-NM_213605.2	161	110	147	308	321	323
novel.552.1	95	43	48	147	184	206
rna-NM_001349809.1	417	316	224	451	643	340
rna-NM_001081003.2	641	360	358	866	981	715
rna-NM_021061.4	357	209	237	259	377	276
rna-NM_006958.2	309	210	181	346	324	311
novel.553.1	422	614	376	143	785	757
novel.553.2	184	0	168	639	313	64
rna-NM_000973.4	32997	27211	27588	43487	35844	35543
rna-XM_024447234.1	1828	2087	1688	2603	2905	3196
rna-XM_011517658.2	530	527	610	625	641	556
rna-NM_207305.4	18	30	34	18	10	28
rna-NM_018491.3	557	864	740	599	538	584
rna-NM_152569.2	0	0	0	0	0	0
rna-NM_203447.3	2	8	2	4	0	4
rna-NM_001256876.2	626	2379	1428	645	456	1331
rna-XM_017015393.2	2	20	7	2	2	0
rna-XM_011517770.1	2	0	0	3	0	0
rna-NM_003070.4	1351	2155	1988	1109	1099	1087
novel.592.1	15	7	18	10	0	11
rna-NM_003383.4	1094	2718	2385	695	513	941
rna-NM_014878.4	868	1206	699	809	912	473
rna-XM_024447631.1	190	397	329	105	137	203
rna-XM_011517763.2	2767	5157	4344	3162	1492	7903
rna-XM_011518007.1	225	600	444	142	91	197
rna-XM_017014882.2	13	19	14	8	9	8
rna-NM_203453.3	264	400	362	306	301	215
rna-NM_017913.3	559	594	516	485	387	469
rna-NM_016282.3	2453	5483	4580	2424	1852	3199
rna-NM_005772.4	1023	730	447	1167	1253	761
rna-XM_017015394.2	0	0	0	2	2	0
rna-NM_001322194.1	808	180	231	517	1486	631
rna-NM_134441.2	5	0	0	4	0	0
rna-XM_005251510.5	235	666	512	249	174	198
rna-NM_014143.3	1158	257	226	774	930	509
rna-XM_005251600.3	717	170	162	523	539	159
novel.593.1	11	17	8	10	7	9
rna-NM_020829.3	1033	1103	929	733	1130	825
rna-NM_024896.2	478	960	974	627	641	902
rna-NM_005511.1	1	0	2	1	3	4
rna-NM_001017969.2	484	549	531	441	532	606
rna-NM_012416.3	769	1809	1480	775	738	1188
rna-NM_152896.2	2105	1516	1238	1607	1620	1260
rna-NM_000170.2	106	1054	674	117	51	120
rna-XM_024447726.1	11	23	12	6	2	0
rna-NM_001318059.1	372	867	569	568	325	321
rna-NM_001353997.1	879	1963	1515	648	587	906
rna-NM_000550.2	6	5	4	7	15	3
rna-NM_203403.1	1524	377	458	1908	2096	3560
rna-NM_001330637.1	1060	1619	1307	794	1174	1287
rna-XM_017014958.2	362	436	301	194	205	79
rna-XM_005251467.3	870	1681	1696	856	1325	1416
novel.554.1	3	11	17	4	2	2
rna-NM_178566.5	279	535	381	257	540	289
novel.595.2	0	0	0	0	0	35
novel.595.1	52	7	23	54	87	4
rna-XM_017014323.1	0	0	0	5	10	0
rna-NM_152574.2	339	571	457	282	258	205
rna-NM_001039697.1	1632	2649	2072	1625	1497	2181
rna-NM_001128217.2	3499	5186	4230	3141	3587	2514
rna-XM_005251397.2	82	35	47	69	168	47
novel.596.2	0	0	139	63	0	0
novel.596.3	0	0	0	0	0	108
novel.596.1	47	183	46	3	0	17
rna-XM_017014816.1	201	716	666	198	78	387
rna-NM_017738.3	160	142	132	96	302	48
rna-XM_011518005.3	28	24	18	34	20	12
rna-XM_011518063.2	177	636	720	139	64	93
rna-NM_006570.4	4110	7111	6058	4643	3912	5898
rna-NM_017645.4	2947	4241	3342	1528	1851	1426
rna-XM_017014259.2	2670	300	435	1983	2171	1221
rna-NM_001010887.2	54	34	37	28	81	33
rna-XM_017014592.1	2	0	0	2	0	0
rna-NM_004529.3	1104	1946	1788	1090	921	2727
rna-NM_001330640.1	1549	2158	1934	990	1542	1684
rna-NM_001010.2	33732	61238	58702	39646	21332	37447
rna-XM_017014855.1	1202	2292	1627	1561	1407	3766
rna-NM_001321903.1	16	2	0	5	19	12
rna-NM_002176.3	23	0	2	4	17	0
rna-NM_018847.3	998	2750	2072	951	1039	710
rna-XM_011517778.2	85	9	16	71	107	47
rna-XM_005251332.4	2	0	0	0	0	0
rna-NM_001004125.2	733	39	113	766	991	623
novel.555.1	0	0	0	1	0	0
rna-NM_002451.3	1723	2380	1406	1457	1614	1089
rna-XM_011517675.2	2744	297	451	2624	2732	1127
novel.597.1	1081	100	136	1000	1228	625
novel.597.2	7	2	0	5	8	5
rna-NM_004936.3	2306	218	369	2418	3307	3569
rna-NM_022160.2	188	114	107	228	241	204
rna-NM_024828.3	831	1507	1332	1163	1097	1446
rna-NM_020124.2	0	0	0	0	0	0
rna-NM_024761.4	79	126	105	75	81	46
rna-NM_001256054.2	183	220	123	157	260	120
rna-NM_022901.2	0	0	0	0	8	0
rna-NM_001031689.2	1313	2060	1545	1263	1375	1294
rna-NM_001099223.2	175	264	259	136	250	160
novel.556.1	585	1375	1568	496	0	257
novel.556.2	182	1904	672	245	0	359
novel.556.3	3	0	4	3	0	0
novel.556.4	18	48	30	9	0	13
rna-XM_017014303.2	56	39	27	31	40	23
rna-XM_017014831.1	389	518	343	519	463	333
rna-NM_001278352.1	4769	3502	2891	4354	5396	2466
rna-NM_014314.3	8693	4844	3598	6459	9721	6789
rna-NM_005802.4	1520	1305	1261	1160	1976	1271
rna-XM_024447368.1	16	61	50	26	22	10
rna-NM_002493.4	1668	2161	1867	2058	1530	1635
rna-NM_018225.2	2109	2430	2157	2345	2731	2029
rna-NM_001539.3	14409	8512	6988	15562	22427	21987
rna-NM_001497.3	4471	5629	4295	3803	3363	2095
rna-NM_014471.2	0	0	0	0	0	0
rna-NM_004323.5	3767	3293	2771	4322	4355	4822
rna-NM_016410.5	4184	3703	3268	5426	6045	4980
rna-NM_001318758.1	1407	1926	1296	1475	1739	1430
rna-NM_004925.4	191	139	117	404	311	412
rna-NM_022917.4	2478	5535	3660	2758	2567	1809
rna-NM_001353432.1	65	11	18	30	116	26
rna-XM_011517965.1	21	5	0	23	16	4
rna-NM_017811.3	4550	7081	6178	5678	4374	6012
rna-NM_018449.3	2232	1767	1381	2299	2846	1577
rna-NM_015397.3	2787	3408	2584	3370	3453	3739
rna-NM_001171201.1	4746	5061	4111	5164	4712	6941
rna-XM_011517861.2	808	659	379	707	633	419
rna-NM_001161.4	264	628	575	417	296	266
rna-XM_011517966.3	1055	2934	2724	1129	1200	919
rna-XM_005251616.5	2	2	0	0	2	0
rna-NM_001184940.1	1246	3372	3080	1220	1118	1480
rna-NM_001281428.1	14	36	41	13	12	14
rna-NM_198573.2	291	662	665	505	258	132
rna-XM_017014261.1	45	193	256	47	16	36
rna-NM_148178.2	467	633	500	672	509	407
rna-NM_007234.4	1413	1972	1861	1628	1056	1341
rna-XM_017014283.1	14	2	2	33	11	7
rna-NM_005866.3	3070	402	689	3586	3908	2027
rna-NM_000155.3	484	65	154	630	686	259
rna-NM_006664.3	0	0	5	8	5	5
rna-NM_001142784.2	317	41	80	308	347	110
rna-NM_001320037.1	126	179	165	150	89	166
rna-NM_001141917.1	0	0	0	0	0	2
rna-XM_011517827.1	0	2	0	4	0	4
rna-NM_001309426.1	0	0	0	0	0	0
rna-NM_001135004.2	1081	833	989	1207	909	426
rna-XM_005251591.1	855	798	994	741	703	536
rna-XM_011517681.2	1002	1789	1376	963	1203	1053
rna-NM_001287239.1	0	0	2	2	6	2
rna-NM_014806.4	1392	901	823	1481	1762	1303
rna-NM_006285.2	1620	1514	1484	2165	1855	2586
rna-XM_006716893.2	9	8	5	9	15	10
rna-NM_014450.2	0	0	0	0	0	0
rna-NM_007126.4	12372	15893	14698	15813	16252	14744
rna-NM_004629.1	2377	1479	932	2029	1561	707
rna-XM_005251619.3	1285	2025	1745	1960	1745	1809
rna-NM_013442.2	3927	5273	4040	5534	4432	3823
rna-NM_174923.2	800	767	733	995	780	771
rna-XM_011518057.2	409	391	233	366	372	173
rna-NM_001216.2	1986	8015	5515	1777	202	2010
rna-XM_017015088.2	6524	957	1636	8937	9506	4920
rna-XM_006716768.3	0	0	0	2	0	0
rna-XM_024447702.1	724	787	750	950	560	476
rna-XM_011517904.3	380	1018	956	356	176	283
rna-NM_001039792.1	76	485	433	77	24	14
rna-NM_001348107.1	10	96	64	16	4	0
rna-NM_021111.2	414	763	690	403	432	364
rna-NM_001287013.1	1175	1694	1584	1209	794	555
rna-NM_005893.2	8	19	4	9	4	6
novel.557.2	0	0	0	0	0	0
rna-NM_006289.3	18570	18036	15462	16560	17435	16609
rna-NM_006368.4	3327	3091	3064	4360	3467	3766
rna-XM_006716809.4	2103	2826	2372	2376	2320	2323
rna-NM_001080496.2	643	964	631	730	715	744
rna-NM_001044264.2	199	262	218	249	192	198
novel.557.1	665	886	796	807	647	652
rna-XM_024447556.1	428	82	83	341	330	112
rna-NM_172312.1	5	32	36	12	9	16
rna-NM_007096.3	7966	5631	4555	8908	7557	6186
rna-NM_001128227.2	2363	2619	1874	2725	2698	3391
rna-NM_022781.4	1567	2293	1887	1564	1826	2339
rna-NM_014791.3	3180	2209	964	2577	2847	984
rna-NM_016734.2	33	3	10	27	98	31
novel.558.3	0	0	33	0	35	0
novel.558.1	138	152	258	0	117	284
novel.558.2	2545	2673	2206	2526	4223	2919
rna-XM_005251612.3	775	575	554	909	1493	998
rna-XM_024447716.1	2541	3599	3185	3325	3028	2891
rna-NM_014872.2	610	993	842	827	1134	1115
rna-XM_005251547.2	1182	1525	1107	1260	1079	954
rna-XM_017014618.1	457	347	389	605	707	494
rna-NM_001134484.1	1665	3293	2027	2218	1889	1818
rna-XM_011517803.3	10	4	2	2	2	6
rna-XM_011517735.3	137	222	199	161	216	147
rna-NM_016042.3	740	901	525	872	829	581
rna-NM_024345.4	2056	2554	2196	2126	1918	2887
rna-NM_033412.3	225	143	160	170	257	282
novel.559.1	3	14	23	6	0	3
rna-NM_003028.2	6208	6894	4910	7934	8580	16022
rna-NM_000692.4	3196	2458	1558	2956	2420	1049
rna-XM_024447483.1	36	10	4	27	171	47
novel.560.1	54	4	14	117	154	85
rna-NM_001007563.2	898	84	128	832	628	112
rna-NM_033655.3	482	147	233	498	1303	824
novel.598.1	81	122	103	146	107	94
novel.561.1	73	43	39	73	157	98
novel.599.2	0	0	0	0	0	0
novel.599.1	53	82	109	41	16	48
novel.600.1	9	31	18	10	7	29
novel.601.1	432	958	714	481	336	470
rna-XM_011517877.3	0	4	2	6	6	0
rna-XM_017015377.1	66	37	34	43	41	30
novel.562.7	0	0	11	19	13	0
novel.562.2	119	140	132	186	154	271
novel.562.1	39	41	67	34	9	103
novel.562.4	16	11	10	13	6	28
novel.562.3	25	57	33	8	44	33
novel.562.6	31	36	43	27	5	44
novel.562.5	34	36	63	19	25	49
novel.562.9	24	16	3	18	54	32
novel.562.8	117	176	217	195	389	206
novel.563.1	19	54	43	17	8	10
rna-NM_001085476.1	3	2	0	5	3	2
rna-NM_001085457.1	215	309	270	317	318	423
novel.564.2	0	20	96	99	92	116
novel.564.3	0	0	123	38	100	118
novel.564.1	108	238	169	131	72	95
novel.564.4	167	239	28	1	0	4
rna-NM_001201380.2	192	59	81	259	539	287
novel.602.1	16	33	24	50	34	20
novel.602.2	25	17	9	63	42	29
novel.603.1	20	32	19	23	12	24
rna-XM_011518105.3	1	0	0	2	0	0
rna-XM_011545671.3	1	0	0	0	0	0
rna-XM_017015387.1	8	8	12	5	13	12
rna-NM_015667.2	1	0	0	0	0	0
novel.565.1	23	26	21	49	38	43
rna-XM_005273698.3	3	6	5	2	3	3
rna-XM_017015380.1	147	42	60	154	344	294
novel.566.1	49	93	111	42	24	65
novel.604.1	56	36	40	91	131	69
novel.567.1	15	32	24	20	10	14
novel.568.1	24	32	22	47	37	28
novel.569.1	25	4	8	22	64	7
novel.568.2	95	58	60	95	100	80
novel.568.3	48	42	45	43	12	27
novel.568.4	2	0	0	37	62	16
rna-XM_024447725.1	1	1	1	1	0	1
novel.605.1	4	0	0	5	4	0
rna-XM_006716909.3	4	6	3	3	2	0
novel.606.1	19	38	24	17	8	12
novel.607.1	7	14	6	5	3	5
novel.608.1	0	0	0	6	0	0
rna-NM_001098805.1	0	0	0	2	9	0
rna-XM_024447728.1	2	3	3	2	1	1
rna-XM_011545676.2	3	9	2	12	0	3
rna-NM_001126334.1	5	1	0	2	5	5
novel.570.1	12	4	0	11	13	12
rna-NM_001330668.1	410	422	404	521	504	606
rna-NM_199244.3	2	1	0	2	2	4
rna-XM_024447733.1	1	2	1	1	0	0
rna-XM_011543860.3	0	2	0	5	10	0
novel.573.2	0	0	0	0	0	0
novel.571.1	448	749	574	479	368	396
novel.572.1	12	30	17	10	9	49
novel.573.1	2	6	0	0	5	1
rna-NM_001317916.1	88	155	110	43	145	63
rna-NM_001083124.1	1	0	0	0	0	0
novel.574.1	6	5	13	14	46	26
novel.609.1	0	0	0	0	0	0
novel.609.2	0	18	0	104	0	0
novel.609.4	0	36	22	0	19	39
novel.609.3	161	66	43	48	241	280
novel.609.5	21	2	56	134	14	6
rna-XM_024447692.1	0	1	1	2	6	0
rna-XM_017015390.1	0	0	0	0	5	0
rna-NM_201453.3	219	297	268	295	297	361
rna-NM_199135.4	3	1	0	0	4	3
rna-NM_021965.3	335	1992	2330	275	12	285
rna-XM_005252261.3	11	11	16	11	0	71
rna-NM_138333.4	600	502	479	742	613	800
rna-NM_000144.4	300	419	292	342	327	273
rna-NM_001170416.1	1166	839	625	887	1214	674
novel.610.1	2	32	26	4	0	2
rna-NM_001347995.1	9	37	30	14	0	12
rna-XM_011518617.2	13	7	11	5	10	9
rna-XM_005251976.4	733	1658	1364	634	959	811
rna-XM_011518229.2	0	0	0	0	0	0
rna-NM_153267.4	1355	297	252	749	1198	374
rna-NM_015110.3	807	790	833	403	1301	669
rna-NM_001206.2	2217	2481	2679	2048	2488	1534
rna-XM_011519036.3	15	35	39	23	6	12
rna-NM_013390.2	3806	3903	3077	2386	3596	4298
rna-NM_016014.3	428	488	483	371	407	531
rna-NM_182505.3	247	155	155	189	247	157
rna-NM_006007.3	6994	12013	19430	7097	6917	9453
rna-XM_017014256.1	0	17	38	6	3	0
rna-NM_000689.4	96	50	21	47	25	33
rna-NM_006914.3	66	95	77	31	63	113
rna-NM_017662.4	7	0	4	0	4	6
rna-XM_017014657.1	8840	25030	22538	8170	4878	9010
rna-NM_017998.2	512	284	206	528	514	265
rna-NM_152420.2	229	339	252	242	513	197
rna-NM_001330678.1	267	384	391	265	264	218
rna-XM_006717053.3	628	530	585	722	765	596
rna-XM_005252039.4	169	597	525	133	22	401
novel.575.1	0	37	18	57	39	74
novel.575.3	0	0	0	1	0	0
novel.575.4	0	0	0	0	1	0
rna-NM_018339.5	1811	2015	1369	2507	1461	3564
novel.575.2	65	2	17	4	49	2
novel.611.1	7	7	7	15	0	3
rna-NM_001097634.1	580	682	371	364	283	207
rna-XM_006716982.1	414	279	235	254	524	134
rna-NM_033305.2	454	656	565	218	744	509
rna-NM_004297.3	51	0	0	97	146	62
rna-NM_002072.4	1859	2605	2278	1833	1931	3732
rna-NM_001098802.2	372	484	289	371	427	186
rna-NM_058179.3	4446	4838	3928	8579	4758	9123
rna-XM_011518952.1	2642	738	796	2014	2764	1541
rna-XM_005252151.1	1866	1282	1043	1833	1484	1863
rna-NM_152573.3	195	25	42	133	307	106
rna-NM_174938.5	575	1894	1677	600	195	823
rna-XM_006717110.3	17	29	35	16	15	22
rna-NM_013438.4	4826	5115	4021	4292	4992	4347
novel.576.1	18	5	13	23	13	23
rna-NM_025211.3	123	131	161	126	120	104
rna-XM_017014900.1	135	100	103	78	204	84
rna-XM_011519284.2	2	4	4	0	6	0
rna-NM_032307.4	293	35	68	314	474	211
rna-XM_011518906.2	11	4	3	6	3	14
rna-NM_006180.4	4	34	36	3	0	6
rna-NM_001286715.1	1065	1353	1275	930	1270	2162
novel.577.1	0	0	2	5	4	8
rna-NM_002140.4	23857	28997	22828	23288	24354	21573
rna-NM_001358294.1	539	676	482	340	595	280
rna-NM_001276366.1	0	0	0	0	5	0
rna-NM_024635.3	743	868	698	737	1046	1029
rna-NM_177937.2	3419	5571	5184	3384	3363	4187
rna-NM_030940.3	1374	1650	1219	1470	1586	1809
rna-XM_011519012.2	550	541	450	468	719	561
novel.612.1	3	0	5	26	0	22
rna-NM_002048.2	660	723	464	1010	210	1131
rna-NM_001001709.2	0	0	0	0	0	0
rna-NM_001288731.1	2984	569	617	2608	4183	1935
rna-NM_001912.4	3190	1603	1964	3643	4238	3129
rna-XM_017014561.2	289	219	165	326	369	239
rna-NM_001001938.3	16	7	0	7	8	6
rna-NM_005226.3	961	427	437	934	883	1490
rna-NM_006717.2	3402	3261	2924	3904	4297	5195
rna-XM_011518275.2	9	5	0	2	7	11
rna-XM_011518785.3	75	119	76	84	35	318
rna-NM_001827.2	1793	1423	897	1895	2220	2279
rna-NM_024077.4	895	1212	961	945	1211	1554
rna-XM_011518133.2	1177	1163	1250	1604	1395	3642
rna-NM_006705.3	8	4	10	11	2	14
rna-NM_017594.4	4	10	3	0	0	4
rna-XM_005252066.3	425	261	366	493	576	983
rna-XM_017014743.1	2036	1285	1142	2105	2695	2751
rna-NM_004560.3	816	630	684	746	516	302
rna-NM_001281303.1	3582	3082	2723	3600	4629	4262
rna-NM_002161.5	4951	4603	3552	6388	4961	3520
rna-NM_005014.2	0	4	5	0	2	4
rna-NM_017680.4	0	0	0	1	0	0
rna-XM_006717166.4	508	557	405	307	785	109
rna-NM_001012267.2	178	152	54	179	171	126
rna-NM_024416.4	2	0	0	0	0	0
rna-XM_024447436.1	8	8	6	7	6	2
rna-NM_022755.5	535	472	412	450	850	510
novel.579.1	16	18	20	33	46	66
rna-NM_001003800.1	2068	2809	2349	1955	2196	3170
rna-XM_017015400.2	4	1	0	5	3	3
rna-XM_011519073.2	170	217	179	172	219	126
rna-NM_001083536.1	39	27	20	18	31	24
rna-XM_017014448.1	289	34	21	263	177	34
rna-NM_032310.4	1094	1358	1317	936	716	708
rna-NM_004148.3	2925	2558	3056	3361	2427	2749
rna-XM_011518926.2	183	192	128	166	124	93
rna-NM_001098808.1	6	7	6	8	4	4
novel.580.1	97	152	158	121	92	157
rna-NM_198841.3	841	1658	1221	1281	952	1048
rna-XM_011518412.2	4365	7336	5624	3791	4153	3533
rna-XM_005252051.2	1523	2199	1953	1531	1284	1593
rna-XM_017015401.1	3	2	0	0	3	2
rna-NM_021570.3	2	0	0	4	5	10
rna-NM_001253829.1	263	187	158	200	374	219
novel.581.1	16	16	16	18	10	24
rna-NM_003448.2	41	52	55	57	49	56
rna-NM_017561.1	3	3	2	6	4	2
rna-NM_032558.2	3455	2868	2581	3241	5049	3638
rna-NM_003837.3	0	4	0	2	0	0
rna-XM_011519119.2	314	523	676	530	259	506
rna-NM_000136.2	805	1111	798	1102	1186	1634
rna-NM_000264.4	698	1045	994	500	594	874
novel.614.2	0	4	4	0	3	0
novel.614.4	0	44	26	11	0	4
novel.614.1	32	64	78	52	22	61
novel.614.3	13	33	23	15	8	19
rna-NM_020207.4	455	338	367	345	1100	474
rna-XM_011518618.2	4	0	4	2	5	2
rna-NM_007001.2	437	337	424	538	571	484
rna-NM_153695.3	2425	943	432	1609	1988	687
rna-NM_014282.3	1152	693	923	1242	1226	1033
rna-XM_017015242.2	703	844	705	589	756	600
rna-NM_153698.1	373	137	175	374	613	283
rna-NM_001170741.1	0	7	6	15	12	10
rna-NM_014930.2	598	575	549	570	1036	927
rna-XM_011518315.2	90	39	37	70	89	55
rna-XM_024447698.1	120	97	75	155	153	133
rna-NM_001201575.1	698	691	491	681	690	409
novel.615.2	0	0	0	8	0	18
novel.615.1	568	357	319	459	575	283
rna-NM_020893.3	11	13	14	12	45	32
rna-NM_014290.2	2092	1270	1101	2218	3902	2240
rna-NM_001166116.1	380	465	452	518	260	1080
rna-NM_139246.4	891	917	714	847	990	1004
rna-NM_002486.4	1987	2755	1755	1832	2327	1164
rna-NM_000380.3	225	220	219	278	202	299
rna-NM_004473.3	211	35	42	196	201	26
rna-NM_016481.4	295	186	122	336	250	232
rna-NM_006401.2	3671	4313	3591	3722	3990	1702
rna-NM_018946.3	2963	1341	1005	2963	2613	1160
rna-XM_017015352.2	783	992	642	726	915	517
rna-NM_052820.3	602	651	471	569	551	387
rna-NM_001267571.1	1821	562	550	1916	1869	797
rna-NM_005458.7	29	38	21	25	26	21
rna-XM_005251793.4	479	466	434	534	450	405
rna-NM_024642.4	46	65	26	42	33	10
rna-XM_011518214.2	79	6	4	63	30	12
rna-NM_001306210.1	2030	1203	1244	1361	1921	1254
rna-NM_033087.3	1378	1430	1238	1706	1853	1650
rna-NM_006808.2	1764	2318	2271	2450	1917	1796
novel.582.1	3	6	4	8	8	15
rna-NM_173200.2	130	68	76	73	170	120
rna-NM_017919.2	586	1015	764	602	876	538
rna-NM_015051.2	2461	2965	2307	2702	2489	2210
rna-NM_014425.4	455	578	454	405	457	501
rna-NM_017746.3	1902	1539	1090	1598	2109	1406
novel.583.1	28	27	17	26	21	16
rna-NM_080655.2	1463	1865	1416	1319	1898	2453
rna-NM_001198812.1	414	327	397	395	405	638
rna-NM_003692.4	429	361	157	266	402	365
rna-NM_001018116.2	100	66	73	85	102	239
rna-NM_019051.2	566	562	465	622	941	616
rna-NM_003452.3	582	543	540	632	898	774
rna-NM_032342.2	745	123	191	885	913	448
rna-NM_019592.6	1884	1572	1601	1658	1904	1566
rna-NM_147180.3	0	0	0	0	2	0
rna-NM_133445.2	8	4	3	6	14	3
rna-XM_011518149.3	1374	1217	983	743	2334	923
rna-NM_001004481.1	2	0	0	0	0	0
rna-NM_015469.2	292	552	524	386	412	273
rna-NM_018376.3	15	0	2	18	38	20
rna-XM_011518339.3	428	546	775	426	217	730
rna-XM_006717027.3	1653	2266	1880	1691	1265	3933
rna-XM_011519077.2	107	72	98	82	305	143
rna-XM_011518368.2	60	95	54	38	54	27
novel.616.1	156	239	207	112	149	88
rna-NM_005421.2	5	7	2	6	4	2
rna-NM_018112.2	1315	1172	1195	1478	1423	1748
rna-XM_017015409.2	9	21	29	6	18	7
rna-XM_006717212.4	343	597	472	244	377	380
rna-XM_024447735.1	1	1	0	3	7	8
rna-NM_002874.4	8618	10005	8200	9224	10455	10255
rna-NM_001314052.1	1325	169	339	1512	2289	2432
rna-NM_017832.3	431	760	559	755	627	1004
rna-XM_011519136.2	1819	1787	1624	2845	2653	6539
rna-NM_003798.3	3331	2024	1863	2741	4080	2208
rna-NM_014334.3	3	0	0	3	2	4
rna-XM_011518790.1	156	86	130	215	218	452
rna-NM_032012.3	3765	2869	2844	3363	4529	4827
rna-XM_011518888.2	1215	89	200	1151	2162	1372
rna-NM_007203.4	565	1546	511	606	340	490
rna-NM_053016.5	26	101	24	20	20	22
rna-NM_001198656.1	12776	3798	2891	9012	10887	13275
rna-NM_001012993.2	13	4	6	32	34	102
rna-NM_003329.3	4713	5254	5542	5837	5263	5829
rna-XM_017014579.1	1	0	0	0	0	0
rna-NM_153366.3	519	1242	1046	593	249	1026
rna-XM_005251994.3	0	0	3	3	3	0
rna-NM_001351397.1	1797	294	408	2192	2130	7158
rna-NM_001080398.1	2386	3340	2106	2313	3580	2989
rna-NM_133464.4	92	82	127	95	285	115
rna-NM_001146108.1	1604	644	690	1888	1910	1424
novel.617.1	8	43	34	23	7	16
rna-NM_001015882.2	453	467	324	414	590	597
rna-NM_004125.3	277	492	432	417	225	412
rna-NM_001017998.3	1594	2748	2656	1846	1495	2014
rna-XM_006716974.2	29	4	6	14	45	18
rna-XM_011518915.2	184	155	168	237	430	318
rna-NM_003358.2	4464	2307	1849	3080	5698	2706
rna-XM_011519265.1	3864	2783	2477	4281	7087	8874
rna-NM_032303.4	1748	2768	2204	1859	1484	1705
rna-NM_001350649.1	6	12	13	7	12	12
rna-NM_001287036.1	692	1595	1139	568	676	907
rna-NM_021218.2	835	932	716	883	951	947
rna-XM_011518691.2	131	94	82	87	110	149
rna-NM_001101338.1	30	109	73	45	0	96
rna-NM_001282515.1	146	146	113	168	297	203
novel.584.1	0	0	0	0	0	1341
novel.618.1	106	73	15	363	516	905
novel.618.2	12	15	90	104	90	474
novel.584.2	139	73	73	476	756	2
rna-NM_001012361.3	141	236	204	128	129	133
rna-NM_001317943.1	6	0	0	2	4	8
rna-XM_017014267.1	705	238	316	1240	1741	2850
rna-NM_015258.1	1507	1641	1304	1307	1867	1435
rna-NM_001859.3	2430	3400	2685	2761	2612	3290
rna-NM_139286.3	573	802	751	917	747	818
rna-NM_004697.4	2160	1987	1360	2347	2860	1990
rna-NM_001304511.1	590	144	188	728	838	443
rna-NM_001003945.2	1363	1620	1686	1526	1402	1503
rna-NM_001278255.1	2768	4026	2668	3003	2841	2389
rna-NM_001278630.1	39	45	56	37	35	86
rna-XM_024447636.1	1312	1386	1038	1431	782	1252
rna-XM_005251692.3	1447	922	835	1316	1362	1567
rna-NM_001633.3	0	25	34	14	3	8
rna-XM_005251683.5	91	10	35	132	58	81
rna-NM_032888.3	397	342	268	246	620	307
rna-NM_000607.2	3	0	0	5	0	10
rna-NM_000608.2	3	1	0	0	0	0
rna-XM_005252244.2	902	475	455	959	721	275
rna-XM_011518485.1	457	305	412	557	476	558
rna-NM_001354645.1	0	0	0	1	0	0
rna-NM_004888.3	3153	2963	2836	3810	4102	4252
rna-XM_011518351.2	653	514	422	923	1121	599
rna-NM_001199233.1	6	2	0	0	0	0
rna-NM_005118.3	175	10	19	119	180	68
rna-NM_001244.3	6	0	0	0	0	0
novel.619.1	118	7	11	77	129	35
novel.619.2	39	2	0	58	65	21
rna-NM_002581.4	189	238	106	160	401	123
rna-NM_014010.4	305	173	139	320	256	312
rna-NM_012210.3	1445	1340	1165	1739	1757	1573
rna-NM_138554.4	1092	310	254	937	1218	875
rna-NM_014618.2	17	8	9	26	44	8
rna-NM_018249.5	1842	3079	1756	1351	1839	1327
rna-XM_024447530.1	40643	47029	33080	37563	37138	48302
rna-NM_001080497.2	1168	1209	1503	667	733	814
rna-XM_011518518.1	2355	3761	2931	2677	2521	3632
novel.585.1	156	291	205	152	172	108
rna-NM_001190945.1	802	200	138	613	901	142
rna-NM_005047.3	2091	2401	2025	2420	2811	2291
novel.586.1	223	429	293	262	345	301
rna-NM_001286840.1	1986	4143	2525	1881	1747	1430
rna-NM_001317163.1	30	111	86	28	38	23
rna-XM_011518166.2	65	61	59	38	101	16
rna-NM_016322.3	4010	5809	4999	4176	4417	5104
rna-NM_000177.4	8906	12083	15555	9746	7782	13364
rna-NM_004099.5	4707	2982	3305	3618	4207	2562
rna-XM_005251719.4	2661	1944	2362	2312	1856	1674
rna-XM_017015410.1	2	0	0	0	0	0
rna-NM_001139442.1	115	84	90	134	93	148
rna-NM_014222.2	1527	2059	1766	1941	1651	1836
rna-XM_005251877.4	0	0	0	5	0	4
rna-XM_011518521.2	8	0	6	13	6	0
rna-NM_033117.3	1184	1383	1104	1319	1229	1366
rna-NM_001346339.1	702	880	713	1119	896	1208
rna-NM_000962.3	278	48	53	318	282	283
rna-NM_001004451.1	0	0	0	0	0	0
rna-XM_024447517.1	6	8	0	15	16	14
rna-NM_005388.4	1253	1286	1276	1210	1322	1248
rna-NM_001100588.2	2414	2852	2125	1804	3011	2534
rna-XM_005251933.4	0	0	0	2	2	2
rna-NM_006626.5	664	497	503	547	740	546
rna-NM_020924.3	109	194	120	120	195	108
rna-XM_017014567.2	2802	2593	2452	2687	3442	3928
rna-NM_173689.6	15	16	27	18	2	13
rna-XM_017014891.2	1363	1527	1502	1125	1375	1233
rna-XM_011518882.3	1102	1824	1538	1259	1271	1757
rna-NM_004789.3	57	292	146	65	16	100
rna-XM_006717348.3	4	0	0	4	3	0
rna-NM_004959.4	6	2	4	4	3	32
rna-NM_033334.3	140	104	207	134	295	275
rna-NM_182487.3	1313	2417	2712	1052	345	284
rna-XM_024447385.1	2186	4247	2562	1771	1346	993
rna-NM_002799.3	4704	5300	4531	5410	5281	3922
rna-NM_002077.3	349	555	521	461	611	526
rna-NM_173690.4	207	205	248	217	388	223
rna-NM_001276374.1	0	0	0	3	6	4
rna-NM_007209.3	13589	19546	18856	18096	11038	13252
rna-NM_030978.2	1472	1511	1244	1610	1496	1388
rna-NM_001123355.1	3380	3871	3484	3640	3364	3434
rna-XM_005251640.5	393	673	402	463	410	265
rna-NM_015635.3	2019	2432	2050	1613	2601	2626
rna-XM_011519005.2	1841	3954	3602	2360	2054	3207
rna-XM_006717130.1	733	704	639	627	593	651
rna-NM_005347.4	38283	25557	24100	59346	25432	38279
rna-XM_017015275.2	37	22	17	25	27	20
rna-NM_001174146.1	76	64	81	79	65	81
rna-XM_011518409.1	690	521	529	576	842	613
rna-XM_005251989.4	464	452	411	298	564	530
rna-XM_011519235.2	212	239	219	246	229	218
rna-NM_012098.2	660	819	945	759	249	885
rna-XM_005252267.3	91	97	96	64	78	51
rna-NM_014580.4	394	451	478	501	376	397
rna-NM_007135.2	236	153	161	304	309	260
rna-NM_000976.3	18642	30044	24630	22375	11757	16904
rna-NM_138361.5	660	887	913	872	1062	769
rna-NM_003165.3	2575	3874	2885	2888	2643	2412
rna-NM_001012502.2	24	26	24	27	41	17
rna-XM_017014276.2	297	279	251	310	255	125
rna-XM_011518925.1	20249	32901	34796	22698	18490	22820
rna-NM_144965.2	0	0	3	0	3	3
rna-NM_001085347.2	376	219	195	542	487	386
rna-NM_170600.2	120	27	48	106	83	47
rna-NM_001261.3	2550	2649	2610	3890	3046	3961
novel.621.1	149	176	209	193	180	281
rna-NM_004957.5	2039	3004	2622	2696	2045	1491
rna-NM_001114753.2	2663	430	554	2586	2378	1525
rna-NM_001135219.1	92	52	78	66	94	69
rna-NM_003863.3	1080	1324	1063	1699	1361	1243
rna-NM_001318122.1	1752	1554	1737	2391	1863	1583
rna-XM_017014659.2	4244	2313	2900	5983	6664	6293
rna-XM_011518527.3	1808	1487	1494	2492	2854	2294
rna-NM_001035254.2	2114	1332	1653	3008	2406	2790
rna-NM_197956.3	420	347	234	520	401	539
rna-NM_001330988.1	1131	847	740	874	699	774
rna-NM_025072.6	2026	3357	3343	2879	2274	2488
rna-NM_005564.4	637	100	221	612	665	678
rna-XM_011519004.1	1153	1090	1408	1886	1683	1741
rna-NM_001257975.1	3432	3628	3396	4601	4497	4448
rna-XM_005251763.3	1409	1037	1066	1882	1064	1727
rna-XM_005251930.1	2416	2631	2181	2338	2812	2253
rna-XM_011518652.2	312	397	321	456	348	348
novel.587.1	25	35	20	39	41	40
rna-NM_015679.2	1632	1671	1527	2404	2192	2021
rna-NM_016035.4	628	619	677	684	608	465
rna-XM_024447391.1	2424	2249	2283	3640	3510	3392
rna-NM_001135947.2	1340	1929	1614	1699	1530	1352
rna-XM_017014794.2	2276	3030	3050	2631	2095	1832
rna-NM_001351577.1	965	1569	1044	851	926	707
rna-XM_006717059.3	1243	1608	1290	1335	1495	1057
rna-XM_006717245.1	9301	9019	6965	8306	12966	9859
rna-NM_052844.3	2065	2752	2161	3112	1778	2026
rna-XM_017015015.1	10577	13856	11248	12214	13122	12529
rna-XM_006717080.3	1117	551	453	1462	1430	744
rna-NM_001318015.1	648	952	784	686	607	356
rna-XM_011518122.2	2518	2855	3356	2865	2508	3092
rna-NM_018201.4	1351	1372	1408	1914	1963	1389
rna-XM_011518347.2	432	823	666	695	480	558
rna-XM_017014804.1	975	1197	933	1235	1630	828
rna-XM_017015260.1	492	978	774	579	286	330
rna-NM_019594.3	4190	5674	4366	5215	3460	6437
rna-NM_174933.3	47	15	10	37	78	10
rna-NM_014908.3	1029	855	885	1397	1071	927
rna-NM_015354.2	3603	3551	2127	2725	3917	2638
rna-XM_006717188.2	1658	2088	2011	1697	1179	1212
rna-NM_032809.3	476	365	346	592	877	492
rna-NM_020438.4	1114	945	770	1370	1144	975
rna-NM_001346546.1	2198	4731	4895	2612	2096	2066
rna-XM_011518834.2	2136	3988	3327	2925	2393	2282
rna-NM_203434.2	1708	1972	1822	2115	2156	1207
novel.588.1	4	0	2	0	2	0
novel.589.1	36	28	29	34	49	41
novel.589.2	21	139	82	37	0	0
novel.590.2	0	36	0	0	0	0
novel.590.1	187	441	528	252	314	305
novel.590.4	520	731	921	684	402	463
novel.590.3	156	377	154	229	314	392
novel.590.5	121	341	127	247	77	182
novel.590.6	100	192	111	66	22	84
rna-XM_011518655.1	0	5	6	0	0	6
rna-NM_001286796.1	1601	1350	960	2035	1565	1177
rna-NM_017873.3	2654	1801	1812	3398	3136	4230
rna-NM_016307.3	108	12	8	108	42	15
rna-XM_011519210.2	716	67	228	908	824	773
rna-NM_014506.2	2377	1142	1199	2997	3048	3748
rna-NM_000113.2	1805	2004	1451	2369	2321	2693
rna-NM_016520.2	1577	2163	1886	1848	1998	2228
rna-NM_001008563.4	859	949	992	1014	1012	1108
rna-XM_011518399.3	426	953	746	485	568	1129
rna-NM_001136557.1	3920	5229	4479	3979	4293	5222
rna-NM_001291815.1	8	16	18	18	22	9
rna-NM_014286.3	1804	3632	2506	2281	1696	1720
rna-XM_011518705.2	3507	5020	5469	4855	2589	3211
rna-NM_003934.1	2485	3727	3289	2493	2616	3244
rna-NM_021619.2	11	16	13	25	18	41
rna-NM_198180.2	9	2	4	5	6	13
rna-NM_001145106.1	1298	2352	2553	1465	663	1061
rna-XM_011518121.1	505	449	377	368	143	165
rna-NM_014285.6	1320	1317	856	1427	1422	726
rna-NM_007313.2	6954	13479	9937	5699	6874	6032
rna-NM_001185095.1	4092	11738	7142	5942	1594	2964
rna-NM_033387.3	244	207	230	394	387	427
rna-NM_005085.3	1838	2496	1590	1894	1984	1439
rna-NM_013318.3	7653	13235	12810	7731	8365	10173
rna-NM_001353193.1	995	1102	1235	1171	1144	982
rna-XM_005272224.2	2825	2731	2575	3715	2699	3310
rna-XM_011518569.3	3802	4497	4308	4100	3764	4100
rna-XM_011519096.2	26	106	98	30	22	55
rna-XM_017015329.1	1099	926	782	1178	1116	632
rna-NM_001351528.1	1653	1378	1304	1148	3142	1162
rna-NM_007344.3	433	412	355	338	501	300
rna-NM_207417.2	6	12	0	12	6	9
rna-NM_022779.8	726	611	439	728	990	604
rna-NM_012204.3	3035	3301	2473	2724	3161	3318
rna-XM_005272169.2	14	33	31	16	18	19
rna-NM_001316898.1	155	279	253	231	246	173
rna-NM_000368.4	780	478	449	540	1147	583
rna-NM_001122823.1	2923	2520	1945	4061	3255	2704
rna-NM_001807.4	21	19	21	25	19	8
rna-NM_006266.3	1499	1817	1911	1594	2033	1039
rna-NM_021996.5	235	42	55	282	234	65
rna-NM_006753.5	480	741	530	654	591	485
rna-NM_139025.4	35	56	62	42	32	49
rna-NM_001242369.1	271	240	322	439	271	297
rna-NM_017585.3	1528	538	582	1790	2085	1143
rna-XM_005272237.3	4	0	6	2	2	0
rna-NM_000787.3	10	3	0	8	13	3
rna-NM_007101.3	214	52	47	287	211	29
rna-XM_017015108.1	3351	5086	4387	2665	2526	1574
rna-NM_133640.4	352	220	192	410	346	249
rna-NM_000972.2	14370	21758	22651	18215	11111	16459
rna-NM_003172.3	521	697	844	842	558	894
rna-NM_017503.4	303	213	153	481	381	360
rna-NM_033161.3	5956	6251	5230	7374	5898	6084
rna-NM_153710.4	9	17	13	13	15	20
rna-NM_020385.3	1228	1024	936	1508	1382	1403
rna-NM_001355256.1	932	1870	1675	1175	1010	909
rna-NM_007371.3	2495	2709	2721	2346	2413	2176
rna-XM_024447393.1	1995	3371	2575	2171	2288	1950
rna-NM_002957.5	2416	3026	3746	2573	2076	2390
rna-NM_001282611.1	2	2	2	0	0	0
rna-NM_000093.4	4847	7515	5757	3851	2610	1439
rna-XM_017015358.1	1914	1772	1700	1926	1880	2071
rna-NM_001048265.1	103	198	195	149	112	117
rna-XM_006717136.3	2349	2816	2227	3077	2473	2605
rna-XM_011518746.2	18	5	13	40	38	69
rna-XM_011518877.3	6	0	0	0	0	0
rna-XM_005263396.3	2333	2604	1896	2007	2274	2638
novel.591.1	51	50	51	52	109	49
rna-NM_016172.2	1361	1996	1681	1812	1397	2080
rna-NM_144653.4	1387	3546	3650	1761	1604	2250
rna-NM_152833.2	2663	3000	2558	3852	2474	3180
rna-XM_017015414.1	7	2	5	11	18	7
rna-NM_014564.4	14	4	2	6	15	11
rna-NM_181701.3	2096	1580	1310	2082	2637	2433
rna-XM_011518498.2	2192	1496	1250	2157	1782	1377
rna-NM_001080849.2	336	194	193	455	375	304
rna-NM_052813.4	11	5	14	11	24	19
rna-NM_003086.3	617	606	570	734	941	742
rna-XM_017014218.2	1619	1708	1159	2489	2371	2353
rna-XM_005266059.4	1420	2169	1643	1658	1670	1349
rna-NM_019892.5	479	475	462	573	705	551
rna-XM_011519260.2	4001	4409	3322	3327	4214	2763
rna-NM_152571.2	10	9	6	9	20	10
rna-NM_017617.4	2698	4386	4729	1892	1437	1787
rna-XM_011518766.1	1503	1327	1511	2198	846	1121
rna-NM_006412.3	2349	2914	3824	3094	2120	1778
rna-XM_011518238.3	752	673	644	699	252	260
rna-NM_001001712.2	2	0	0	4	0	0
rna-XM_017014272.2	0	0	0	0	0	0
rna-NM_203347.1	6	0	2	2	4	0
rna-NM_032928.3	1199	1716	1698	1562	998	947
rna-NM_001039374.4	78	39	55	112	159	96
rna-NM_001173988.1	5180	6237	5740	6410	5059	4532
rna-NM_001080482.3	165	161	199	179	230	181
rna-NM_001287342.1	1470	2292	2481	2475	1772	1866
rna-NM_206920.2	22	46	36	42	61	46
rna-NM_003792.3	4930	5608	5535	6604	5315	5236
rna-XM_011518976.3	1580	774	735	1800	1787	1281
rna-XM_005266089.2	4074	4349	4590	6371	4898	5920
rna-NM_000606.2	7	5	4	12	12	10
rna-NM_000954.5	14	3	8	12	27	11
rna-NM_001329678.1	382	565	465	608	410	337
rna-NM_004669.2	247	29	50	244	212	45
rna-NM_212533.2	3200	5454	5742	4008	2468	4477
rna-NM_207511.2	5	0	0	3	4	5
rna-NM_004479.3	4	2	0	5	0	0
rna-NM_015392.3	1009	2545	2747	1472	811	1613
rna-NM_203468.2	236	21	81	325	185	276
rna-XM_011519180.3	1643	1675	1224	1585	1060	645
rna-XM_006717317.3	807	347	361	772	727	550
rna-XM_024447403.1	5090	5321	5431	6643	5091	5948
rna-XM_017015419.1	17	10	21	8	50	17
rna-XM_005266075.4	2518	802	1164	3521	3133	2395
rna-XM_005266073.4	10	6	5	25	10	10
rna-NM_001013653.2	53	81	63	39	15	18
rna-NM_013366.3	1183	979	887	1549	1349	1342
rna-NM_003731.2	1654	1516	1428	2659	1937	2263
rna-NM_001128228.2	1430	1017	1250	1756	1437	1587
rna-NM_053045.1	1720	2296	1969	2523	1913	2529
rna-NM_001144026.2	1584	1226	1029	1726	1659	1057
rna-NM_031297.4	353	319	292	706	524	517
rna-NM_199001.3	101	60	76	152	116	105
rna-NM_001190228.1	5	5	6	6	5	13
rna-XM_017014290.1	4	3	3	2	3	13
rna-NM_006088.5	10144	15401	8838	11803	10502	9839
rna-XM_024447546.1	6	0	1	5	2	0
rna-XM_006717113.2	3	0	0	3	4	0
rna-NM_015456.4	3554	4667	4405	4640	4119	4427
rna-NM_001004354.2	407	1160	1235	547	253	847
rna-NM_017723.2	2542	1876	1628	3697	2747	3786
rna-XM_017014861.1	114	200	239	155	72	98
rna-NM_006647.1	124	147	183	118	67	82
rna-XM_011518665.2	13	9	17	24	7	7
rna-NM_001130969.1	6128	6521	6801	7963	5645	8398
rna-NM_000718.3	6	4	3	2	18	0
rna-XM_017030109.1	1	2	0	3	0	3
rna-XM_011546190.3	0	4	0	0	0	0
rna-NM_177987.2	7	0	6	10	8	5
rna-XM_006717102.1	61	39	54	44	26	49
rna-NM_032477.2	1748	2212	2401	2397	1623	1464
rna-NM_138778.4	688	444	441	1007	962	901
rna-XM_005266052.4	1406	1390	1022	1557	1589	1210
rna-XM_006717320.4	1225	1050	1127	1309	1157	1251
rna-XM_011519021.3	1625	2146	1991	1863	2091	2085
rna-NM_006624.5	909	2079	1669	1023	1174	1258
rna-NM_001355389.1	0	0	0	0	0	0
rna-XM_011519428.3	688	1485	1231	417	385	487
rna-XM_017015987.1	1565	2142	1688	1406	2301	1437
rna-XM_011519766.2	9	0	2	8	5	10
rna-NM_012341.2	1873	2281	1559	1972	2237	1733
rna-NM_033261.2	50	116	54	31	50	34
rna-NM_004508.3	2531	2759	1709	1980	3210	1589
rna-NM_014023.3	340	343	393	289	402	432
rna-XM_017017014.1	0	0	0	0	0	2
novel.655.1	161	4	9	227	85	82
rna-XM_011519781.2	12	12	16	14	23	23
rna-XM_005252465.4	10968	23813	19018	10051	8530	9466
rna-NM_001242307.1	1839	2301	1992	2032	2651	1837
rna-NM_001300.5	7886	2634	2472	7283	17814	9405
rna-NM_001353.5	2407	2847	7238	5551	5500	7683
rna-NM_205845.2	356	1230	2606	775	593	996
rna-NM_001253908.1	1176	6269	8949	2447	689	4348
rna-NM_001047160.2	1140	1360	1026	859	658	690
rna-NM_024701.3	766	1309	1189	984	945	971
novel.622.1	36	59	22	59	56	54
novel.622.2	12	3	16	17	5	35
rna-XM_011519515.3	1523	2378	1517	1217	2053	1544
rna-NM_001494.3	5703	10206	8218	6226	6304	6255
rna-NM_019046.2	165	303	255	183	143	162
rna-XM_011519461.2	71	61	33	121	120	108
rna-XM_017016843.1	2096	3135	2649	2533	2224	3305
rna-NM_032905.4	1662	2591	1999	2061	1733	2674
rna-XM_017016325.2	4084	7739	5325	1983	2164	4757
rna-XM_005252496.4	61	208	139	77	45	41
novel.623.2	50	154	103	71	22	37
novel.623.1	24	67	7	14	12	0
novel.624.1	56	635	330	67	0	20
novel.656.1	17	100	83	11	2	10
rna-XM_017017016.1	2	0	0	0	0	0
rna-NM_001029880.2	215	762	665	221	185	528
rna-XM_011519713.3	3	0	0	66	5	276
rna-XM_006717434.4	218	253	192	216	298	150
rna-NM_001001973.2	2595	5168	4149	3309	2466	3556
rna-XM_005252443.5	127	202	150	233	40	253
rna-NM_031923.3	392	388	328	451	450	659
novel.657.1	41	16	14	44	31	19
rna-XM_024447772.1	440	930	822	421	517	890
rna-XM_006717542.3	653	1037	737	564	727	890
rna-XM_017017017.1	6	11	0	6	7	10
rna-XM_011519438.2	417	646	398	506	548	447
rna-NM_080599.2	800	590	458	720	1255	1013
rna-NM_018706.6	881	1329	1079	802	799	565
rna-NM_018144.3	179	419	280	316	288	336
rna-NM_014142.3	1881	2237	2025	2326	1913	2027
rna-NM_006023.2	1429	2407	1794	1906	1920	1855
rna-NM_153498.3	438	783	588	331	205	235
rna-NM_031455.3	9	12	18	25	13	8
rna-NM_182751.2	787	843	260	538	665	217
rna-NM_001008211.1	4645	2984	3262	4863	7897	7061
rna-NM_001323082.1	359	585	639	511	569	521
rna-XM_017015943.2	1278	2402	1876	1626	1423	2168
rna-XM_005252402.5	105	104	95	125	163	154
rna-NM_003675.3	439	453	341	470	493	530
rna-XM_006717457.3	1265	3156	1662	888	639	745
rna-NM_031453.3	693	365	277	804	901	2656
rna-XM_011519488.2	5	16	22	10	0	12
rna-NM_016299.3	506	663	517	481	563	474
rna-XM_024448136.1	0	8	0	0	4	4
rna-NM_001193424.1	523	687	441	430	575	457
rna-NM_001033855.2	251	156	153	160	356	127
rna-NM_153244.1	0	4	2	4	5	7
rna-NM_018324.2	26	0	0	50	34	11
rna-NM_001039844.2	195	251	100	200	203	161
rna-NM_183005.4	387	344	262	437	538	434
rna-XM_017016947.2	346	574	482	312	281	202
rna-NM_001010924.1	720	999	880	676	726	835
rna-NM_024948.3	546	733	522	650	719	690
rna-XM_017016927.2	220	18	50	257	571	441
rna-NM_001010908.1	4	2	0	0	7	0
rna-NM_012425.3	2766	3016	2583	3555	3764	4067
rna-NM_001081.3	34	348	175	20	6	39
rna-NM_004412.6	148	446	374	180	83	142
rna-NM_001004470.2	44	3	2	11	17	12
rna-NM_014241.3	239	244	215	264	330	210
rna-NM_003473.3	884	789	604	962	1070	1087
rna-NM_201596.2	17	35	38	3	8	16
rna-XM_011519383.1	112	140	133	132	178	109
rna-NM_178815.4	796	1218	911	662	1240	1110
rna-XM_011519750.2	16	88	113	37	0	19
rna-NM_001010896.2	0	0	0	0	0	0
rna-NM_006393.2	1352	5038	4523	1575	503	1935
rna-NM_003380.4	54594	192882	166368	42538	24492	30297
rna-NM_001010911.2	217	345	308	510	265	873
rna-XM_011519480.3	78	123	220	82	38	333
rna-XM_024448182.1	569	738	615	623	948	932
rna-NM_022365.3	1069	1261	1059	1167	803	985
rna-NM_012071.3	327	691	568	329	334	297
rna-NM_001204062.1	4	2	13	1	15	12
rna-NM_005180.8	1374	2935	2837	1962	1442	3544
rna-NM_012443.3	0	0	4	1	0	0
rna-NM_005028.4	1104	1588	1388	1249	1028	1348
rna-NM_012228.3	182	577	559	253	70	205
rna-NM_001145373.2	233	177	250	326	305	347
rna-XM_011519552.3	373	1362	878	204	283	826
rna-XM_011519602.2	1877	3284	2408	1284	1932	2272
rna-NM_020200.6	284	138	147	217	324	130
rna-XM_017016665.1	93	204	164	175	281	268
rna-NM_145010.3	11	9	15	0	12	4
rna-NM_019043.3	40	7	6	14	12	3
rna-NM_020752.2	63	50	54	95	243	254
rna-NM_014317.4	93	162	101	81	97	65
rna-NM_005470.3	1286	1645	1512	1191	1840	1424
rna-XM_017015928.1	39	35	42	12	229	27
rna-NM_001256410.1	1625	2068	1790	1654	2167	1803
rna-NM_139312.2	4522	6103	5007	4605	5219	5347
rna-NM_001320757.1	1349	928	436	1077	1525	547
rna-XM_017016884.2	407	679	499	341	545	570
rna-NM_001242702.1	170	17	16	103	114	23
rna-XM_024448052.1	36	16	10	14	15	3
rna-XM_017015741.1	165	69	67	111	196	124
novel.658.3	0	17	33	0	14	11
novel.658.1	507	518	407	539	561	516
novel.658.2	72	276	398	119	151	134
novel.658.4	31	93	29	0	0	37
rna-NM_016628.4	4575	3908	3722	4554	5404	6435
rna-NM_012342.2	409	230	316	777	224	5160
rna-NM_001278522.1	2	0	0	4	0	0
novel.626.1	416	223	232	579	341	671
novel.626.2	52	182	140	121	291	59
rna-XM_024448138.1	1451	886	696	1173	2278	1790
rna-NM_001350022.1	441	161	159	259	232	160
rna-NM_018109.3	358	489	321	337	492	299
rna-NM_005204.3	258	78	95	377	833	1056
novel.627.1	0	0	0	5	10	12
rna-XM_017015863.2	148	219	170	201	180	172
rna-XM_011519798.3	0	0	0	0	0	0
novel.659.1	91	146	127	69	153	87
rna-NM_001174096.1	966	1839	1985	777	553	1519
novel.660.1	0	11	5	0	0	0
rna-NM_018287.6	1348	1698	1524	1069	1339	1563
rna-NM_004521.2	3409	4681	4381	2789	4844	4677
rna-NM_025209.3	670	576	317	505	888	727
rna-NM_001321115.1	11	5	7	10	10	8
novel.628.1	36	10	7	20	25	8
rna-NM_033668.2	17737	15357	13927	16816	19813	25058
rna-XM_006717521.2	3597	1745	1560	2379	3147	1685
novel.629.1	0	7	0	20	34	20
novel.629.2	41	0	10	128	0	456
rna-XM_011519745.1	1253	1267	1084	1376	2505	1961
rna-XM_024447824.1	320	369	416	397	559	1223
rna-NM_019619.3	2400	2838	2766	2345	2909	3951
novel.661.2	0	1	33	6	43	15
novel.661.1	15	28	11	66	26	98
rna-NM_145012.5	2813	7640	6737	3102	2156	6720
rna-NM_031866.2	284	1002	1094	259	153	452
rna-XM_017016444.1	425	269	289	376	504	219
rna-NM_001329649.1	146	247	182	158	201	252
rna-NM_001278177.1	509	396	317	354	970	324
rna-NM_001007094.2	630	331	334	478	1113	406
novel.630.1	50	4	28	44	167	21
novel.631.1	51	44	28	81	107	52
novel.632.1	39	33	30	69	67	36
novel.633.1	4	0	0	0	0	0
novel.663.1	3	5	0	5	4	6
novel.634.1	1	0	0	0	0	0
novel.664.1	1	0	0	0	2	0
novel.635.1	7	0	0	9	9	0
novel.665.2	0	0	0	0	0	0
novel.665.1	72	173	166	66	53	100
novel.636.1	290	553	428	369	294	528
novel.666.1	67	41	47	69	117	51
rna-NM_001305033.1	399	268	268	325	659	249
rna-NM_014753.3	2437	2445	1996	2268	3202	2231
rna-NM_020975.5	33	36	14	27	40	30
rna-NM_018590.4	1547	1247	1057	1231	1530	1433
novel.637.1	35	84	77	80	81	70
rna-XM_024448128.1	50	61	70	46	94	39
rna-XM_011540232.3	79	80	32	133	188	118
rna-NM_001098204.1	15713	14721	10179	15139	15370	11376
rna-NM_001318140.1	104	94	52	71	143	62
rna-NM_001324164.1	450	567	549	757	558	780
rna-NM_001258000.1	2	0	0	2	0	0
rna-NM_001178134.1	7	15	21	12	0	45
rna-XM_017016754.2	2298	10721	7976	2026	747	2269
rna-NM_007021.3	1717	8884	4464	377	272	330
rna-XM_017015895.1	147	78	80	217	185	56
rna-NM_006963.4	1261	2030	1462	1277	1107	1139
rna-XM_017016632.2	5	0	3	2	0	5
rna-NM_000698.4	0	2	0	0	0	0
rna-XM_005271804.3	843	771	785	885	868	1197
rna-XM_017016931.1	211	116	112	181	261	165
rna-NM_001330074.1	2529	1814	1816	2149	3383	2792
rna-NM_001276343.2	75	59	121	33	163	80
rna-XM_017017041.2	2	2	0	10	2	0
rna-NM_006327.3	2400	2913	2137	2287	2644	1486
rna-NM_001145260.1	9308	7410	7435	9075	10146	9207
rna-NM_002900.2	1	0	0	2	0	0
rna-XM_006717617.3	279	105	54	218	188	49
rna-XM_011540096.1	40	29	11	51	21	15
rna-XM_017017029.1	34	20	22	33	66	30
rna-NM_001098845.2	20	13	17	25	21	12
rna-XM_011539936.3	8	0	2	2	3	4
rna-XM_011540395.3	67	8	6	31	16	11
rna-XM_024448228.1	64	24	27	58	45	16
rna-NM_001190810.1	88	61	86	46	130	41
novel.638.1	63	27	22	56	61	36
novel.639.1	24	16	15	32	31	8
rna-XM_011540432.3	200	45	57	182	200	29
rna-NM_001018071.3	20	0	2	6	0	0
rna-NM_139049.3	910	782	578	749	1137	670
rna-XM_011540003.1	346	144	142	291	236	111
rna-XM_006717867.2	0	0	0	0	0	0
rna-XM_011539986.3	4	0	0	1	3	0
rna-XM_017015825.2	6	4	4	4	0	4
rna-XM_011540089.3	6	0	0	11	25	0
rna-NM_001346440.1	884	360	276	603	950	325
rna-NM_170753.3	370	87	72	292	405	134
rna-NM_003055.2	20	0	4	48	19	18
rna-NM_020549.4	12	34	8	0	4	0
rna-NM_018245.2	221	586	499	159	91	117
rna-NM_003631.4	1292	1429	1124	1169	1434	1149
rna-NM_001290117.1	197	255	147	186	275	89
rna-XM_017016269.1	140	116	131	79	323	83
rna-NM_001005751.2	3560	1782	1654	2773	4681	2430
rna-XM_011539970.2	45	40	30	46	101	53
rna-NM_147156.3	1237	779	920	994	1490	1386
rna-NM_001079516.3	155	275	198	188	207	184
rna-NM_001198819.1	1	0	0	0	2	0
novel.667.1	223	696	499	178	11	89
rna-XM_006717861.4	3	0	0	3	0	0
novel.668.1	36	10	12	48	71	21
rna-NM_001142763.1	6	69	36	4	0	13
novel.640.1	0	0	0	0	0	29
novel.640.2	0	0	0	10	0	14
novel.640.3	0	0	0	0	0	1
novel.640.5	0	11	0	8	0	0
novel.640.6	7	0	10	27	0	76
novel.640.4	3	0	0	0	0	29
novel.640.7	9	6	0	79	0	173
rna-NM_006258.3	77	133	73	55	43	28
rna-NM_015235.2	1491	1581	1203	1540	1619	755
rna-NM_012242.3	11440	15564	10190	9434	3904	6694
rna-XM_024447784.1	3350	1742	808	3167	3100	767
rna-XM_011539565.3	1359	1537	1159	752	1089	1150
rna-NM_018464.4	1054	1261	1038	1233	912	1245
rna-XM_024448279.1	0	1	0	0	0	0
rna-NM_003338.4	1448	1118	912	1414	1866	1770
rna-NM_003201.2	3115	2858	2031	2668	3733	3074
rna-XM_011540185.2	2937	750	781	1895	3821	1215
rna-NM_032439.3	0	8	1	0	6	0
rna-NM_198215.3	91	194	161	46	46	26
rna-XM_017015883.1	20	216	105	7	5	2
rna-NM_005436.4	2442	3169	3093	2551	2757	2744
rna-XM_017016110.1	82	174	135	51	64	20
rna-NM_001320918.1	3655	3433	1456	3188	2761	867
rna-XM_017017025.2	0	0	0	4	0	0
rna-XM_024448271.1	310	493	360	189	90	72
rna-NM_178505.7	77	4	3	66	35	33
rna-XM_006717690.4	0	6	4	0	0	2
rna-NM_032199.2	2073	1501	1547	1576	1613	1006
rna-XM_011539456.2	394	211	117	240	366	148
rna-NM_199451.2	31	129	51	53	3	39
rna-NM_032804.5	2084	2101	1642	2315	2100	3031
rna-XM_011539427.1	23	129	66	24	70	59
rna-NM_030759.4	1250	1185	1074	1194	1310	1277
rna-NM_032776.2	1008	591	625	659	2186	780
rna-NM_001001330.2	2761	1135	1345	2261	4501	2433
rna-NM_021800.2	127	233	234	177	48	231
rna-XM_017016152.1	2	14	4	0	6	6
rna-NM_178011.4	3	0	0	2	8	2
rna-NM_012238.4	3249	1045	1120	2424	3639	3303
rna-XM_011539592.3	1578	1321	1105	1214	2266	1067
rna-XM_017016833.1	135	12	6	55	98	19
rna-NM_145178.3	7	7	5	6	13	2
rna-XM_005270028.4	64	142	121	58	128	60
rna-NM_001322434.1	3609	3099	2838	3337	5092	2890
rna-NM_017987.4	356	511	403	239	532	257
rna-XM_006717680.3	397	413	145	313	530	113
rna-NM_152707.3	238	264	272	211	325	269
rna-XM_011540204.2	408	1195	1215	202	244	178
rna-NM_018237.3	991	615	890	840	1976	1775
rna-NM_001130161.2	151	126	71	130	195	80
rna-NM_024045.1	2134	2728	2263	1836	1936	1478
rna-NM_004728.3	6926	6928	4242	5293	8833	5098
rna-NM_015634.3	2315	1628	1300	2498	2802	2334
rna-XM_024448066.1	18114	1514	1742	13719	18484	5754
rna-NM_004896.4	4292	3186	2619	4232	5809	3591
rna-NM_025130.3	325	165	119	325	269	259
rna-NM_003171.4	1479	1624	1103	1600	1658	1326
rna-NM_001057.2	5	25	12	10	7	67
rna-NM_001322365.1	14464	45076	33542	15479	9675	28824
rna-NM_012339.4	1642	748	731	1317	672	332
rna-XM_005269606.2	258	187	111	312	329	249
rna-XM_011539292.3	373	278	221	225	123	128
rna-NM_018649.2	582	988	641	630	378	101
rna-NM_032797.5	717	1115	878	727	881	653
rna-NM_173555.3	725	820	629	952	758	459
rna-NM_020150.4	5974	4081	3594	5338	6904	3968
rna-NM_021129.3	6050	11178	7901	6606	5337	6048
rna-NM_001278212.1	2212	1523	1302	2429	1450	869
rna-NM_004096.4	3153	6198	5859	3579	2854	3182
rna-NM_018055.4	4	7	11	4	6	2
rna-XM_011539638.2	545	1747	1272	411	143	238
rna-NM_005041.5	6	11	4	7	0	11
rna-NM_139155.3	106	80	78	90	72	17
rna-XM_011540316.2	2099	3023	2780	2401	2700	1859
rna-NM_001323004.1	354	383	351	433	426	221
rna-NM_170744.4	351	1373	1337	274	70	415
rna-NM_018344.5	123	89	119	177	111	73
rna-NM_022124.5	7	19	15	14	0	21
rna-NM_001168390.1	2	0	0	2	2	0
rna-NM_022153.1	530	39	75	529	414	222
rna-NM_004273.4	3650	10129	6580	3525	1881	2607
rna-NM_014767.2	23	14	24	33	77	51
rna-NM_001198799.2	1804	2213	1734	2169	2207	1831
rna-NM_001242546.1	2131	4407	3576	3474	2618	3890
rna-NM_001042465.2	76065	103003	133786	91599	56781	108167
rna-NM_019058.3	13009	55359	32073	11854	10403	7912
rna-XM_005269931.2	2544	2472	2086	3295	3046	2704
rna-XM_011539119.1	4026	3894	3430	4020	3367	2773
rna-XM_017016882.2	1684	1393	1226	1772	1809	1453
rna-NM_000917.3	7824	13703	12976	6437	4324	9010
rna-NM_015901.5	55	43	31	68	132	92
rna-NM_001135752.1	1451	1549	1035	1535	1905	1376
rna-NM_173348.1	574	1561	1413	978	594	1037
rna-NM_015190.4	3728	2283	1533	3681	3877	1672
rna-NM_016065.3	3391	5275	3773	4456	3557	2476
rna-XM_017015620.1	36	18	17	21	46	21
rna-NM_004034.3	3740	3644	3252	4277	5651	3047
rna-NM_001024593.1	6	3	7	4	16	12
rna-NM_001142353.2	1223	2292	1865	1528	850	1650
rna-XM_024447842.1	1010	1957	1617	943	963	1064
rna-NM_021245.3	13	0	2	8	0	0
rna-NM_001144000.1	56	26	76	19	94	38
novel.669.1	29	42	38	38	46	26
rna-XM_011540381.3	4297	6952	5745	5044	4994	4222
rna-NM_173540.2	1486	3878	2522	1267	1269	1996
rna-NM_203298.2	911	1259	1224	1134	778	765
rna-XM_005269648.2	3650	2243	2792	3843	5060	4404
rna-NM_003635.3	822	1051	887	908	895	1068
rna-XM_017016716.1	682	660	586	767	597	510
rna-XM_011539866.2	11983	2951	4089	10315	14799	9422
rna-NM_001001791.2	228	62	91	185	395	170
rna-XM_011539747.2	0	0	0	0	0	0
rna-XM_005269664.2	476	506	421	420	553	814
rna-XM_005269883.3	6	4	2	6	3	2
rna-NM_014000.2	11273	18819	20786	7419	8829	6817
rna-XM_024447939.1	1982	2723	1999	1976	2327	1766
rna-NM_006721.3	2520	1702	1466	2682	3572	4216
rna-XM_017015738.2	1415	1438	1512	1037	1799	1758
rna-NM_001184783.2	6981	11660	9100	7574	6267	5963
rna-NM_144589.3	493	354	362	559	333	228
rna-NM_032772.5	1039	1365	1028	1046	716	1108
novel.642.1	125	128	117	205	122	274
novel.642.2	34	46	41	84	0	175
rna-NM_001305581.1	3	5	15	15	4	7
rna-XM_017016207.2	806	264	287	397	505	208
rna-NM_004747.3	2394	4950	4381	1919	1142	2959
rna-NM_007055.3	2008	2704	1724	1854	1945	1489
rna-NM_001142285.1	16643	29315	25670	18938	10216	17247
novel.670.1	11	6	3	3	6	2
rna-XM_005269988.3	2714	5738	4982	1869	1551	1576
rna-NM_005729.3	5055	3553	2297	4535	4107	2185
rna-NM_153367.3	1859	3218	3821	1995	990	3312
rna-NM_001099692.1	394	636	487	509	438	314
novel.671.1	43	70	61	38	27	42
rna-NM_001278495.1	25	24	28	32	45	25
rna-XM_024447950.1	56	35	36	61	94	60
rna-XM_011540087.1	2	0	0	0	0	0
rna-NM_001270367.1	105	270	194	177	238	126
rna-NM_001012973.1	0	5	9	3	3	4
rna-XM_005269741.4	4424	4174	3924	5897	5115	6621
novel.643.1	133	64	84	85	223	104
novel.643.2	179	0	0	307	330	67
novel.672.2	0	0	0	0	0	0
novel.672.1	399	701	530	559	479	391
rna-NM_000429.2	30	29	12	26	15	10
rna-XM_011539334.2	0	0	0	0	0	0
rna-NM_001270042.1	8	6	0	8	4	0
rna-XM_017016775.1	3673	316	520	3301	4001	2473
rna-XM_011540219.3	4787	6119	5397	4504	3907	3507
rna-NM_014394.2	7185	11698	9958	9424	8576	10802
novel.673.1	235	38	77	170	252	34
rna-XM_005269811.3	13	0	0	7	10	0
rna-XM_011540337.1	591	162	186	489	760	123
rna-NM_002921.3	4	47	25	10	0	0
rna-NM_001284240.1	2215	3236	2934	2064	1935	3549
rna-NM_017551.2	6	17	16	8	9	5
rna-XM_011539548.1	2787	3102	2860	2415	3438	3188
rna-XM_017016955.1	4	0	0	0	4	0
rna-XM_011539185.2	34	18	15	27	12	15
rna-NM_024756.2	7	3	11	4	11	4
rna-NM_003087.2	11	4	5	10	5	0
rna-NM_006829.2	0	0	6	0	43	0
rna-NM_133447.1	13	10	0	12	7	2
rna-XM_011540103.2	1859	2273	2295	1914	3067	4163
rna-NM_005271.4	5956	9889	8512	5933	4742	5340
rna-XM_017016349.1	1029	1237	975	964	1672	1014
rna-XM_011540122.2	79	44	70	78	108	62
novel.674.1	516	373	334	570	727	647
novel.674.2	87	76	79	125	90	150
novel.674.3	8	61	23	18	44	31
novel.674.4	34	53	46	51	49	50
rna-NM_001009610.1	60	50	64	42	62	35
novel.644.1	6	9	11	8	11	18
rna-NM_004897.4	1912	1660	1512	1910	2044	2254
rna-NM_001015880.1	1194	300	331	672	1313	466
rna-NM_001321967.1	2103	2888	2170	2094	2210	2418
rna-NM_001126049.1	16	35	25	18	24	27
rna-NM_001304717.2	1138	1358	1470	896	971	888
rna-NM_001031709.2	29	0	16	36	95	59
rna-XM_011539314.3	4	5	3	2	16	13
rna-XM_006717928.2	267	336	194	191	191	104
rna-NM_001320855.1	374	140	127	324	292	48
rna-XM_011539764.2	521	166	203	409	877	314
rna-NM_003956.3	14	2	0	17	8	2
rna-NM_000235.3	7710	5159	4855	7618	8314	11056
novel.645.2	0	0	4	56	31	226
novel.645.4	0	0	3	26	0	30
novel.645.5	0	0	3	23	20	32
novel.645.1	264	0	0	306	399	585
novel.645.3	18	7	8	29	141	92
novel.645.7	63	0	0	6	29	38
novel.645.6	5	0	0	54	33	182
rna-NM_001547.4	5412	840	938	5565	17475	8972
rna-NM_213606.3	45	5	10	24	58	16
rna-NM_148977.2	424	523	421	442	409	412
rna-NM_001284259.1	145	137	102	59	584	25
novel.646.1	8	24	9	71	3	125
rna-NM_019859.3	1397	3236	2278	1662	479	3237
rna-NM_001549.5	11060	3586	2678	10989	18910	11123
rna-NM_001010987.2	6	0	0	0	7	3
rna-NM_001270927.1	19779	8711	7850	21872	39925	38901
novel.675.1	39	28	19	47	52	47
rna-NM_012420.2	3406	2392	1784	3721	5732	3933
rna-NM_001104546.1	1478	1194	834	1299	1260	884
rna-NM_014391.2	3670	2951	1524	2772	2328	634
novel.676.2	0	0	0	0	0	107
novel.676.1	2	0	0	13	0	235
rna-XM_017016776.2	2218	3194	3070	1500	2271	2466
rna-NM_001284274.2	246	178	156	115	364	163
rna-NM_005398.6	3030	12766	10386	3688	1966	6057
rna-NM_152429.4	225	1153	816	237	98	223
rna-XM_005270185.4	3591	4204	3319	3104	3883	5444
rna-NM_003972.2	1033	1772	1214	714	1207	916
rna-XM_006717715.3	122	156	131	115	173	217
rna-NM_017824.4	1976	3076	2410	2604	2195	4656
rna-NM_001322793.1	1344	2708	1910	1453	1592	1946
rna-NM_004523.3	1778	1643	703	964	1460	453
rna-NM_002729.4	388	34	39	233	253	90
rna-NM_001319194.1	432	685	508	406	581	330
rna-NM_001127182.1	1928	1482	570	1924	3150	3392
rna-NM_001323517.1	38	12	2	39	37	5
rna-NM_006204.3	0	0	2	0	3	0
rna-NM_001347714.1	360	776	700	397	183	387
rna-XM_005269693.4	9950	15307	8619	7291	11081	18001
rna-NM_001134658.2	178	159	149	157	220	98
rna-XM_017016310.2	348	993	756	247	161	219
rna-NM_022451.10	1057	1022	732	872	1417	534
rna-NM_015188.1	777	546	567	490	599	526
rna-NM_001289067.1	1261	927	443	966	1753	305
novel.647.1	259	389	278	182	497	35
rna-NM_020992.3	5241	539	898	6172	6150	3662
rna-XM_011539140.2	256	1059	923	193	147	415
rna-XM_024448094.1	3785	10549	7779	3476	2832	2904
rna-XM_011539627.2	1637	3287	2654	1840	1450	1301
rna-XM_011540370.2	741	674	429	762	1090	881
rna-XM_024447995.1	8	6	8	5	11	15
rna-XM_017016354.1	253	519	322	231	258	252
rna-XM_024448266.1	201	204	186	101	475	140
rna-NM_012465.3	473	157	140	358	246	218
rna-XM_011539976.2	7204	8467	7362	7047	8298	9033
rna-NM_003061.2	29	39	23	23	19	47
rna-NM_032900.5	320	638	425	232	297	272
rna-NM_005479.3	280	186	262	422	293	563
rna-NM_012083.2	733	475	638	1076	488	1912
novel.648.3	0	15	10	9	0	19
rna-NM_152309.2	15728	24838	21430	21752	444	46062
novel.648.2	836	2610	2686	1497	104	3178
novel.648.1	2	14	25	18	0	12
rna-NM_001346516.1	302	308	194	217	283	379
rna-NM_001291218.1	62	13	11	61	70	2
rna-NM_138413.3	162	127	96	168	134	20
rna-NM_001009997.2	4	0	3	2	3	0
rna-XM_011539250.2	218	334	248	267	226	210
rna-NM_018425.3	3615	2642	2626	3851	3310	3376
rna-XM_017016494.1	1264	817	758	971	739	348
rna-NM_031484.3	1636	4055	3145	1959	1761	1243
rna-XM_005269503.3	1187	1335	1016	1643	1225	1746
rna-NM_003015.3	2	0	4	7	14	0
rna-NM_001010917.2	54	8	15	51	31	37
rna-XM_024447919.1	2220	2017	1546	2461	2213	1678
rna-XM_011540442.2	4	2	3	6	4	1
rna-NM_002629.3	30569	73760	60719	30746	22078	42362
rna-NM_016046.4	856	830	673	989	700	495
rna-XM_006718021.1	1312	1854	1386	1833	1495	1390
rna-NM_001351356.1	2746	4112	3695	2964	2425	2614
rna-NM_024954.4	2760	2327	2224	3064	2421	2291
rna-XM_017016366.1	3	3	4	8	4	4
rna-XM_011539639.1	639	518	338	652	773	692
rna-XM_005270216.2	318	965	745	356	53	354
rna-XM_011540293.2	33	130	104	36	18	31
rna-NM_001345887.1	231	16	27	209	384	160
rna-XM_024447971.1	1416	1332	1408	1621	1411	1183
rna-NM_002079.2	2291	2005	1490	2790	2144	2083
rna-NM_031212.3	1120	729	546	1293	1577	836
rna-NM_000392.4	22	15	19	31	54	31
rna-NM_001349962.1	856	602	626	758	874	508
rna-NM_078470.5	1290	3108	2318	1600	1468	1454
rna-NM_015960.2	372	711	591	401	395	543
rna-NM_015221.3	2665	2713	1904	3100	3491	6509
rna-NM_018294.5	1073	1389	1096	1144	1233	805
rna-NM_001347857.1	2566	2920	2090	2492	2771	2164
rna-XM_017015611.1	1124	1091	659	903	1142	956
rna-NM_173809.4	1068	1292	1070	1283	1029	1465
novel.649.4	0	111	181	0	33	0
novel.649.2	148	253	184	224	99	192
novel.649.1	116	48	105	153	38	100
novel.649.3	231	375	196	329	220	210
novel.649.5	42	115	43	74	24	64
rna-NM_003393.3	0	20	21	2	3	2
rna-NM_015490.3	73	78	94	30	75	61
rna-NM_005004.3	2587	3748	3363	3126	2587	2565
rna-XM_011539940.2	1942	2320	2078	2613	2553	2852
rna-NM_003990.4	477	61	190	1152	2469	1847
rna-NM_001136123.1	1025	647	354	661	1401	694
rna-NM_005063.4	69654	327287	327597	76835	52636	123148
rna-XM_024448090.1	339	77	133	412	340	344
rna-NM_176794.1	798	1249	1169	960	644	911
rna-NM_021830.4	1527	2255	1539	1793	1559	1574
rna-NM_032429.3	2867	3848	3746	2813	2943	2355
rna-NM_001195263.1	157	374	392	163	87	102
rna-NM_030971.3	2142	5500	4913	2012	1346	1937
rna-XM_011539744.3	2	0	0	3	3	2
rna-NM_006562.4	16	0	4	25	34	17
rna-XM_024448213.1	520	524	618	678	549	544
rna-XM_006718054.2	758	1112	1069	936	1018	1645
rna-XM_011539650.1	793	1368	1318	1042	819	787
rna-NM_001329742.1	733	1852	1670	648	435	648
rna-XM_005270053.3	478	1211	1166	620	359	621
rna-NM_006993.2	970	1264	893	1245	1127	667
rna-NM_012215.3	1208	2163	2084	669	1697	863
rna-NM_014591.4	13	14	12	10	18	6
rna-NM_024747.5	812	1362	1323	1181	713	820
rna-NM_024541.2	1070	1460	1042	1341	1388	1362
rna-NM_001113407.2	2346	3456	3368	2478	2532	1556
rna-NM_015062.4	2233	2013	1104	2185	2553	1490
rna-XM_005270273.2	5495	8250	4400	4859	5470	3756
rna-XM_011540245.2	191	34	54	179	117	33
rna-NM_005029.3	33	0	7	29	30	8
rna-XM_006718047.2	4222	4060	3515	3958	4550	3506
rna-NM_024886.2	7	11	15	8	21	11
rna-XM_017016656.1	257	226	221	453	367	430
rna-XM_017016278.1	4746	2795	2676	4553	4949	3557
rna-NM_001270965.1	142	268	272	258	80	229
rna-XM_005270149.2	474	429	398	788	500	708
rna-NM_024040.2	1997	4116	3990	2638	1646	2349
rna-NM_005736.3	7433	7105	6194	8811	7141	7590
rna-XM_011539858.3	1562	1766	1709	1746	1422	2108
rna-XM_024447792.1	95	470	195	78	125	29
rna-NM_030912.2	3445	2775	2422	3973	2927	4806
rna-NM_004311.3	1273	1928	1718	1228	877	1274
rna-NM_001083913.1	2588	3016	3466	3655	3176	6767
rna-NM_000102.3	44	0	3	110	85	112
rna-XM_017017026.1	4	2	0	0	0	0
rna-XM_017017027.1	0	0	0	0	0	0
rna-NM_001136200.1	441	490	458	521	510	558
rna-NM_020682.3	79	15	28	69	62	18
rna-NM_017649.4	1446	1398	1361	1509	1254	1612
rna-NM_001351170.1	3867	2614	1944	3916	3679	3372
rna-NM_001143909.1	2	3	5	14	2	4
rna-NM_032727.3	1261	105	166	1530	1722	831
rna-NM_001011663.1	544	808	499	528	606	381
rna-NM_006951.4	447	411	251	405	419	603
rna-NM_001206426.1	1281	2098	1714	1677	1121	1559
rna-XM_005269647.3	2223	3373	2181	2192	2103	1584
rna-XM_006717883.2	29	68	53	36	21	23
rna-NM_001001412.3	5	4	0	6	6	0
rna-NM_001129742.1	3	8	8	8	2	2
rna-XM_011540331.3	41	27	37	43	12	28
rna-NM_014631.2	501	1771	1265	263	67	309
rna-NM_024928.4	756	1234	891	1010	621	971
rna-NM_014720.3	1518	1664	1644	944	2631	1542
rna-NM_000494.3	633	1911	1739	611	17	752
rna-XM_005269521.3	238	181	171	231	324	138
rna-XM_011540196.2	11	20	32	23	7	20
rna-NM_004832.2	3179	3388	2835	2995	2588	1431
rna-XM_011539270.3	47	44	31	45	20	41
novel.650.1	0	4	0	0	0	13
rna-XM_005270257.3	3643	2531	1920	4951	4616	13779
rna-NM_001008723.1	15	16	6	14	6	13
rna-NM_001324133.1	1983	5354	4176	1798	1467	1841
rna-NM_001320591.1	1456	2825	2301	1045	1811	1235
rna-XM_011540447.2	0	0	0	0	2	0
rna-NM_130439.3	3264	9556	7660	2276	1875	3803
rna-NM_005871.3	1922	2053	1492	1757	2050	1371
rna-NM_004419.3	4052	1154	836	3132	3541	1208
rna-NM_005445.3	2694	1902	1727	1542	3782	1878
rna-NM_001134363.2	59	317	304	38	2	78
rna-NM_014456.4	781	1122	967	760	999	601
rna-NM_001195304.1	328	822	622	448	286	623
rna-NM_001324336.1	1659	1852	1804	1534	1918	1849
rna-NM_020918.5	302	467	334	301	392	376
rna-NM_016234.3	175	144	136	99	181	31
rna-NM_001351082.1	1420	1236	864	1401	1402	1238
rna-XM_017015745.2	119	138	111	181	197	219
rna-XM_005270071.2	1222	2118	1788	1284	980	1303
rna-NM_001267057.1	1590	1447	1051	1536	1907	1898
rna-XM_011540172.1	204	73	49	83	86	10
novel.677.1	16	4	7	9	6	4
rna-NM_001271816.1	391	699	377	458	414	263
rna-NM_198514.3	626	1152	779	607	765	713
rna-NM_000684.2	33	14	17	24	31	13
rna-NM_018017.3	544	242	391	217	1064	256
rna-XM_017016177.1	5	0	0	0	0	0
rna-XM_017016795.1	423	72	116	372	522	409
rna-XM_006717837.2	1324	6049	5761	1362	228	1252
novel.678.2	0	0	0	9	4	14
novel.678.1	4	0	2	9	17	96
rna-NM_020940.3	944	731	672	653	937	611
rna-NM_139169.4	1574	1638	1258	1632	1696	2106
rna-NM_005264.5	239	1009	732	339	114	401
rna-NM_207303.4	477	274	297	310	354	422
rna-NM_001330164.1	297	404	331	254	200	197
rna-NM_001242699.1	3	15	6	8	2	4
rna-NM_001127211.2	454	1042	902	366	595	440
rna-NM_003054.4	233	277	408	179	245	315
rna-NM_173791.4	1329	2275	1943	1282	1485	2567
rna-NM_004098.3	9	6	13	9	0	7
rna-NM_001330167.1	529	557	501	561	862	784
novel.651.1	5	13	18	8	5	8
rna-XM_005270024.1	714	1136	1025	771	775	772
rna-NM_153810.4	2660	4145	3517	2500	2543	2423
rna-NM_199461.3	258	141	309	186	212	96
rna-NM_003750.3	7457	8610	7210	6088	7407	6398
rna-NM_207009.3	1392	1388	1302	1138	967	969
rna-NM_213649.1	408	1009	570	529	343	273
rna-NM_006793.4	4313	6730	5325	4278	4590	4392
rna-NM_005308.2	653	936	779	693	657	840
rna-NM_001005339.1	626	631	662	596	443	286
rna-NM_001033925.1	2340	3075	2350	2531	2659	2355
rna-NM_004281.3	2193	4643	3324	1936	1954	1736
rna-NM_014937.3	883	1702	1026	453	346	436
rna-NM_024834.3	4631	5256	3541	3781	4179	2941
novel.652.1	23	233	133	15	6	13
rna-NM_001030059.2	94	17	19	80	74	17
rna-NM_007190.3	1991	2287	1578	1438	1933	1169
rna-NM_018117.11	1044	1743	1305	1071	1480	1184
rna-XM_006717708.3	116	582	605	149	0	579
rna-XM_005269458.3	1055	1127	1014	968	1205	1456
novel.653.1	2	0	0	2	9	3
rna-NM_017615.2	566	775	547	777	615	366
rna-XM_024447756.1	785	1061	897	919	772	1046
rna-NM_001318189.1	5	25	13	5	4	0
rna-XM_011540021.1	1036	1243	996	927	1732	1754
rna-NM_002775.4	2201	4957	5527	4090	2224	7753
rna-XM_011539388.3	71	23	10	36	53	13
rna-NM_022034.5	16	2	6	20	72	58
rna-NM_001204364.1	115	0	15	100	215	163
novel.654.1	50	5	10	47	147	66
rna-NM_024942.3	605	340	389	506	854	452
rna-XM_017015640.1	76	97	65	121	109	108
rna-NM_001271840.1	832	842	799	784	1045	839
rna-NM_001609.3	265	945	918	330	357	495
rna-XM_005269743.3	45	3	7	29	18	5
rna-NM_004725.3	4330	3940	2855	4394	4972	2998
rna-NM_001270764.1	624	488	512	816	1551	1142
rna-NM_001322965.1	2608	5299	4414	2872	2691	3610
rna-NM_001146340.2	41	137	44	100	2	600
novel.679.2	0	16	27	215	0	20
novel.679.3	0	12	11	2	0	10
rna-XM_017016509.1	267	621	606	367	128	399
rna-XM_017017009.2	5	2	3	0	6	8
novel.679.1	167	298	294	14	62	247
rna-NM_014661.3	1249	3045	2802	1399	931	1427
rna-NM_212554.3	305	652	495	275	235	272
rna-NM_032182.3	941	952	767	907	1306	981
rna-XM_006717907.2	2885	2080	1716	2353	2445	3099
rna-NM_022802.2	2693	3458	2932	2775	2351	2007
rna-NM_001128202.2	0	4	0	0	0	0
novel.680.1	11	29	29	14	10	17
rna-NM_001202438.1	635	534	317	457	724	336
rna-NM_001324036.1	1112	1815	1464	1536	1286	1265
rna-NM_016567.3	1278	1645	1306	1192	1194	1050
rna-NM_018180.2	1344	3472	2883	1418	1401	2971
rna-XM_024448251.1	58	237	213	47	48	165
rna-NM_003474.5	323	2443	1843	262	50	300
rna-NM_001350921.1	10	21	32	16	6	2
rna-XM_011539422.3	1897	2484	2111	1339	2054	1461
rna-NM_001039762.2	11	4	3	0	13	3
rna-XM_024448092.1	843	937	584	665	627	1128
rna-NM_002417.4	4040	6028	1229	2205	2741	389
rna-NM_002412.4	303	49	90	427	394	254
rna-XM_024448007.1	0	4	5	12	5	24
rna-NM_001199868.1	2280	2428	1832	2404	2249	2005
rna-NM_174937.3	0	0	2	0	5	0
rna-XM_011539676.2	15	27	44	7	4	9
rna-NM_006426.2	1312	4672	4144	885	377	1224
rna-XM_011539688.1	643	494	642	691	668	424
rna-XM_011540208.1	219	537	510	317	202	376
rna-NM_018461.4	2157	2137	1868	2125	1916	1720
rna-NM_004052.3	14018	31907	28352	8852	6317	12870
rna-XM_006717659.3	478	341	327	547	456	386
rna-XM_024448276.1	11	4	12	13	14	8
rna-NM_005539.4	806	1170	1155	739	612	641
rna-XM_017016789.2	3	0	4	0	0	0
rna-NM_001200049.2	9	66	58	20	0	12
rna-NM_152643.7	87	17	27	57	19	19
rna-NM_014468.3	4	0	0	4	0	0
rna-XM_017015465.1	65	12	27	72	53	27
rna-NM_001256617.1	2871	3963	3780	3239	2911	2501
rna-NM_145806.3	993	1066	838	1284	888	826
rna-XM_005252685.4	3	8	7	0	3	4
rna-NM_145202.4	22	6	0	10	10	2
rna-XM_011539670.2	322	82	83	369	377	119
rna-NM_152911.3	208	139	194	215	196	86
rna-NM_004092.3	4267	6232	5360	5002	4206	4813
rna-NM_138384.3	685	816	632	958	1045	582
rna-NM_001012508.3	7	3	4	6	6	0
rna-NM_001080998.1	0	0	0	1	3	0
rna-NM_001143763.1	0	0	0	2	0	0
rna-NM_000773.3	15	19	40	11	23	30
rna-NM_138329.2	0	3	5	3	3	2
rna-XM_011520383.2	595	542	665	570	707	428
rna-NM_001025295.2	0	0	0	3	4	3
rna-NM_001098787.1	2081	1659	1583	2298	2202	1383
rna-NM_021932.5	5585	4373	4150	6680	5947	5169
rna-XM_005252835.1	470	719	707	594	547	457
rna-NM_175932.2	4138	5788	4441	5254	4235	3989
rna-NM_178537.4	2139	2111	2678	2282	1802	1784
rna-NM_001303029.1	645	100	145	688	707	210
rna-XM_005253046.1	504	61	110	684	617	289
rna-NM_001012302.2	46	5	6	45	56	30
rna-NM_001329544.1	1489	1159	1126	1940	1449	1478
novel.705.1	0	27	52	9	25	44
novel.705.3	0	55	24	103	25	1
rna-NM_006435.2	5446	3019	2652	4795	3392	1615
novel.705.2	80	0	14	27	143	12
rna-NM_003641.3	38700	21880	19858	32696	23331	15320
rna-NM_021034.2	42117	19682	19228	41908	36320	18184
rna-NM_203388.2	2192	1730	1659	3072	2676	2113
rna-XM_017017167.1	33	34	48	34	41	48
rna-XM_003959933.4	5	0	0	8	9	11
rna-NM_005343.3	681	412	384	1060	991	814
rna-XM_017017476.1	15	17	25	11	28	20
rna-NM_003475.3	791	720	627	849	727	397
novel.706.1	165	590	731	106	41	113
rna-NM_001286581.1	1240	921	750	1033	1348	937
rna-XM_005252906.3	4060	397	616	4754	4992	1609
rna-NM_021924.4	2	5	7	0	1	1
rna-NM_021920.3	0	1	2	0	2	0
rna-NM_000797.3	2	6	12	7	3	0
rna-NM_021008.3	2449	3110	2745	3091	2478	1630
rna-NM_001276274.1	149	210	212	209	177	275
rna-NM_022772.3	2922	503	723	2853	3193	991
rna-XM_006718265.3	4377	2267	2617	5406	4371	2850
rna-XM_017017587.1	111	13	20	131	73	53
rna-NM_006755.1	5301	6789	5960	5864	4815	3785
rna-XM_024448490.1	729	823	612	818	768	691
novel.681.1	40	48	46	48	85	66
novel.681.2	5	5	3	4	4	15
novel.681.3	111	125	108	85	163	50
rna-NM_016564.3	120	326	312	162	13	338
rna-XM_011520371.2	1172	1186	878	1232	1463	752
rna-NM_001293167.1	48	33	37	62	63	51
rna-XM_005253007.4	900	411	389	884	778	257
rna-NM_001004.3	13431	18916	17146	19173	10025	14919
rna-NM_004357.4	10592	8981	8980	13147	9168	10363
rna-NM_021128.4	2274	1740	1826	3132	2896	2123
rna-XM_011520336.1	2263	1423	1336	2272	1638	1177
rna-XM_011520299.2	2563	2944	3033	3042	2059	2234
rna-XM_017017078.1	2	1	2	4	1	0
rna-NM_002457.4	5	0	0	3	4	0
rna-NM_001304359.1	3	1	0	1	3	0
rna-NM_001242837.1	1259	795	830	1418	1586	1246
rna-NM_002458.2	11	0	0	4	6	0
rna-NM_019009.3	3080	2105	2066	3514	3471	3491
rna-XM_017018533.1	1148	548	534	1499	1382	1044
rna-NM_001172223.2	910	451	552	1240	1011	1109
rna-XM_005253274.4	0	0	0	0	0	0
rna-XM_011519933.2	163	151	178	166	238	261
rna-NM_001005922.1	1	0	1	0	0	2
rna-NM_001004325.1	2	3	2	5	0	3
rna-XM_011520455.1	3	4	5	7	4	0
rna-NM_003282.3	5	0	6	2	9	4
rna-NM_001242932.1	126	136	127	239	141	350
rna-XM_006718288.3	5	0	0	0	4	0
rna-XM_011520273.1	443	657	536	577	443	390
rna-NM_001293171.2	196	57	96	238	250	121
rna-NM_001127598.2	517	81	136	786	645	332
rna-NM_199292.2	2	0	0	3	0	0
rna-NM_005170.2	4	2	0	2	0	0
rna-XM_017017064.1	3	26	12	8	0	15
rna-NM_001170820.3	186	253	327	386	173	481
rna-NM_001909.4	44034	36060	45379	60288	38541	54051
rna-NM_004356.3	8062	13328	14926	10694	6650	9742
rna-XM_011519830.3	1630	1118	1083	2100	1833	1447
rna-NM_000218.2	3	4	3	7	6	2
rna-NM_000076.2	815	170	216	630	390	183
rna-NM_007105.3	28	18	13	37	23	12
rna-NM_001315501.1	564	515	563	708	482	443
rna-NM_003311.3	562	359	221	524	598	240
rna-NM_005969.3	2187	2070	1626	2174	2150	1339
rna-XM_024448701.1	1544	1238	1119	2079	1395	1799
rna-NM_020896.3	941	1096	1193	805	587	498
rna-XM_017018636.2	5	3	0	1	2	0
rna-NM_001130520.2	358	368	322	245	510	264
rna-XM_011520532.3	4	0	0	0	6	4
rna-XM_011519879.3	31	7	5	36	16	0
rna-NM_001665.3	1994	1355	1269	2447	1801	1679
rna-XM_017017763.2	0	0	0	0	0	0
rna-NM_020402.3	21	9	5	6	8	16
rna-NM_016320.4	5983	4480	3023	5158	6547	4647
rna-XM_011519990.2	670	509	472	712	649	402
rna-NM_001277961.1	2898	2247	2015	2713	2141	1448
rna-NM_001033.4	4776	4515	2463	3963	4488	1585
rna-NM_003141.3	2113	893	770	2767	3374	1481
rna-NM_018073.7	443	255	253	479	618	241
rna-NM_030774.3	2	0	0	0	0	0
rna-NM_145053.4	13	5	4	8	11	4
rna-NM_001003819.3	0	215	146	182	342	0
rna-NM_001003818.2	336	53	72	182	303	74
rna-NM_001003827.1	218	0	0	0	0	83
rna-NM_033034.2	2159	1392	1216	2050	3443	1575
rna-NM_006074.4	5075	4921	3576	3230	6015	1976
rna-NM_001005168.1	2	0	0	0	0	0
rna-NM_032127.3	628	496	542	586	710	417
rna-XM_017017217.1	6	0	0	0	0	3
rna-NM_145040.2	209	64	40	139	141	17
rna-NM_000543.4	1375	1811	1735	1366	1036	946
rna-XM_006718209.3	2603	2050	2041	2842	2608	1830
rna-NM_000613.2	3	0	0	0	2	0
rna-NM_001248006.1	835	331	351	728	752	359
rna-NM_001242854.1	2886	1769	1828	3770	3484	3060
rna-NM_012192.3	1322	975	777	1459	1607	919
rna-NM_144666.2	68	63	66	53	177	93
rna-NM_003737.3	1118	227	249	984	693	399
rna-NM_015324.3	586	466	421	587	510	367
rna-XM_024448495.1	6528	4843	4786	7151	7075	5623
rna-NM_006284.3	1748	2107	2224	2390	1735	1595
rna-NM_000391.3	12345	7570	9686	12508	10034	9887
rna-NM_022061.3	2946	2727	1953	2919	2450	1470
rna-NM_001354853.1	245	15	57	228	288	62
rna-NM_001354830.1	69	5	0	57	84	12
rna-NM_176822.3	8	0	0	0	2	2
rna-XM_005252878.4	9	0	0	2	2	0
rna-NM_001351853.1	330	120	165	382	253	435
rna-XM_017017920.1	32	45	19	17	8	22
rna-XM_011520043.3	0	0	0	2	3	0
rna-NM_003754.2	5723	5979	6109	6513	4931	4689
rna-NM_003320.4	635	489	474	491	555	204
rna-XM_017018287.2	13	5	7	8	2	0
rna-XM_006718228.3	4	9	10	8	0	3
rna-NM_001352393.1	75	228	172	70	36	43
rna-XM_011520309.1	1735	3741	3229	1530	975	1205
rna-XM_017018011.1	656	961	862	959	825	750
rna-NM_020643.2	4	0	3	4	3	0
rna-XM_017018629.1	199	247	257	274	280	227
rna-NM_000990.4	23920	35321	32665	25820	15862	21402
rna-NM_020644.2	1466	2429	2260	1872	1483	2276
novel.683.1	52	47	62	87	91	66
novel.683.2	17	14	0	37	0	26
rna-NM_020645.2	499	70	102	356	547	77
rna-XM_005253032.4	25	29	29	25	17	31
rna-NM_001348748.1	4848	5200	4093	4198	5710	4582
rna-NM_015012.3	1220	969	959	1430	1996	961
rna-XM_005253121.1	732	763	702	659	700	706
rna-NM_006391.2	10839	12527	9336	8019	10295	8439
rna-NM_003390.3	3769	2820	1707	2789	2708	1501
rna-NM_006691.3	0	0	0	0	2	0
rna-NM_000480.2	202	60	70	147	243	136
rna-NM_001190702.1	6	3	8	12	9	8
rna-NM_016422.3	1108	1115	1049	932	1046	874
rna-NM_130385.3	13	0	0	4	0	3
rna-NM_014633.4	3055	1492	1353	2041	2983	1770
rna-NM_015055.3	4672	1820	1752	3343	4293	2339
novel.707.1	209	46	24	269	99	35
rna-XM_005253154.5	2377	3126	2546	1518	1515	1715
rna-NM_001124.2	9752	6242	3485	5469	4767	2210
rna-NM_001143667.1	730	813	690	634	902	525
novel.684.1	53	59	41	54	60	35
rna-NM_001418.3	15431	21645	14841	14919	18286	18833
rna-NM_198516.2	271	522	449	149	106	99
rna-NM_001256686.1	8	13	7	12	11	7
novel.685.1	75	4	3	49	48	22
rna-NM_001330208.1	1617	1222	1295	1135	1624	1191
rna-NM_001330220.1	11401	8084	8349	10459	6850	11358
rna-NM_014632.3	1544	389	351	1188	1330	595
rna-NM_032867.3	74	15	12	75	80	55
rna-NM_018222.5	1627	2408	2078	1881	2395	1557
novel.686.1	0	0	1	1	2	0
rna-NM_021961.5	4067	3468	2753	2688	4677	4866
novel.708.2	248	0	81	204	508	0
novel.708.1	299	51	3	188	36	90
novel.708.3	47	34	40	9	125	44
novel.708.4	299	28	63	271	324	88
rna-NM_001080521.2	20	2	8	10	4	0
rna-XM_017017738.2	908	485	520	1078	937	2445
rna-XM_017018405.1	864	701	597	975	951	1154
rna-XM_011520400.2	1482	1673	1364	1022	1993	945
rna-NM_006108.3	39	23	17	23	97	56
rna-NM_012250.5	8828	1961	1875	7712	8895	4592
rna-NM_001144061.1	6008	4078	3986	4787	6916	4700
rna-NM_148976.2	2586	4183	3171	2928	3181	2431
rna-NM_000922.3	44	28	47	59	106	93
rna-NM_024514.4	146	88	95	190	265	222
rna-XM_017018639.2	63	50	39	96	105	91
rna-XM_017018283.1	0	0	0	0	3	0
rna-NM_001031853.4	9	0	0	10	6	0
rna-NM_014267.5	4707	4975	4255	5058	5364	3589
rna-XM_024448356.1	142	557	471	117	54	82
rna-NM_001017.2	10725	14402	15581	13547	9160	11108
rna-NM_002645.3	1265	1395	1420	884	2409	1046
rna-NM_001202439.2	207	97	55	154	442	117
rna-XM_024448527.1	1473	909	965	1147	977	789
rna-NM_000525.3	135	171	133	257	131	197
rna-XM_017017075.1	5	0	0	4	0	2
rna-XM_017018197.2	14	3	9	14	8	0
rna-NM_001112741.1	3	0	0	0	8	5
rna-NM_012139.3	615	1247	1115	757	538	843
rna-NM_138421.2	719	864	543	740	738	506
rna-NM_054031.3	4	4	6	4	11	4
rna-NM_001199744.1	170	5	12	127	102	45
rna-NM_006512.3	12	1	0	8	8	7
rna-NM_030754.4	629	96	116	728	934	449
rna-NM_000331.5	2751	271	302	2791	2523	1511
rna-XM_011519863.1	1921	1128	860	1568	2203	1724
rna-NM_001142307.1	1588	1516	1147	1762	2063	2081
rna-NM_002301.4	40	5	6	32	25	10
rna-XM_011519922.2	0	3	3	2	7	4
rna-NM_006292.3	2945	2457	2145	2835	3081	2442
rna-NM_001355570.1	0	5	3	0	0	0
rna-NM_001040697.3	689	626	707	651	1051	834
rna-NM_001165414.1	58016	8607	15338	57753	90292	34203
rna-NM_194285.2	1822	1259	1032	1317	1692	1641
rna-NM_153347.2	267	125	119	248	125	253
rna-XM_017017607.1	9	7	11	8	8	28
rna-XM_017018435.2	4	0	5	4	0	51
rna-NM_054030.3	0	0	0	0	0	0
rna-NM_019028.2	636	767	522	649	881	420
rna-NM_001256372.1	502	360	145	362	333	90
rna-NM_001244963.1	1580	1893	1304	1008	1167	1925
rna-NM_001098520.1	319	28	128	564	1021	814
rna-NM_005788.3	490	532	361	353	479	295
rna-NM_213599.2	2	0	0	2	0	0
rna-NM_022725.3	331	430	407	454	452	430
rna-XM_011519972.3	11	6	7	4	24	24
rna-NM_001320341.1	70	109	81	77	99	57
novel.709.2	0	0	0	0	0	0
novel.709.1	9	62	73	31	2	29
rna-XM_024448468.1	12	4	12	9	104	24
rna-NM_178498.3	6	0	0	4	6	5
rna-NM_203371.1	9	12	14	19	4	13
rna-XM_005253159.2	6	27	27	6	21	14
novel.710.1	13	22	16	44	85	39
rna-NM_030771.1	286	476	352	289	265	226
rna-NM_018490.3	4101	3258	3579	2657	3850	2209
rna-NM_018362.3	641	615	782	796	1572	887
rna-NM_001143810.1	2316	594	464	2405	2919	2881
rna-NM_031217.3	598	202	162	380	1119	407
rna-NM_001113528.1	496	889	768	587	621	660
novel.687.1	30	7	7	21	14	7
rna-NM_152316.2	692	740	659	665	927	484
rna-NM_001584.2	4	0	0	2	3	4
rna-XM_024448470.1	8	5	11	9	12	12
rna-NM_181706.4	477	681	578	531	675	443
rna-NM_001304274.1	48	129	87	71	63	41
rna-NM_001288726.1	629	771	669	565	651	332
rna-NM_001258462.1	681	526	513	682	717	399
rna-NM_024426.5	50	4	12	44	128	40
rna-NM_002901.2	15150	14608	11592	14854	14233	11415
rna-NM_006360.5	5305	5956	5164	5437	5034	4081
rna-NM_001008391.3	18	20	29	14	24	16
rna-XM_017018275.1	348	115	171	509	507	1696
rna-XM_017018327.1	684	1065	757	521	946	942
rna-NM_001077242.1	411	110	128	256	311	180
rna-XM_017017989.2	1087	1113	951	983	1405	1223
rna-NM_001326.2	1070	1551	1287	714	1268	777
rna-NM_005734.4	1828	2326	2018	1450	2590	3793
rna-XM_005252847.3	150	181	122	129	229	339
rna-XM_011519980.2	464	743	761	476	444	645
rna-NM_005574.3	57	241	159	58	47	96
rna-NM_001166692.1	21	4	6	27	34	39
rna-NM_000611.5	15552	12547	13748	18348	20736	20106
rna-NM_024662.2	2167	4156	2765	2281	2654	1578
rna-NM_005898.4	12943	20808	16032	12881	14324	13288
rna-NM_145804.2	2519	1309	1289	2389	4327	2664
rna-NM_198381.1	4	0	0	4	4	0
rna-NM_001206616.1	248	845	956	590	5	1268
rna-NM_001752.3	1807	2054	2244	1711	1559	1377
rna-XM_011520154.3	690	404	453	783	673	629
rna-NM_003477.2	1817	2505	2452	1761	1741	2387
novel.711.1	46	12	7	44	30	9
novel.712.1	26	394	341	13	0	21
rna-XM_017018136.1	22	80	77	19	5	22
rna-NM_015430.3	12	22	15	0	4	7
rna-NM_014344.3	1208	1628	1185	1033	1328	753
rna-XM_005253231.3	39054	71468	67214	42409	33154	48291
rna-NM_017583.5	4713	5470	4394	4673	5182	4487
novel.713.1	16	33	27	8	0	3
rna-NM_174902.3	1934	4318	4148	2537	2334	3292
rna-NM_014186.3	1714	1131	1275	2190	2067	1763
rna-NM_001160167.1	684	1457	775	457	437	316
rna-NM_004620.3	896	992	661	835	984	1129
rna-XM_011520250.2	58	28	19	56	54	47
rna-NM_000536.3	0	0	0	3	0	0
rna-XM_011519885.3	243	238	207	337	384	251
rna-XM_017018075.2	99	155	218	98	88	122
rna-NM_001142930.1	4562	6677	5386	5388	6381	6269
rna-XM_005253016.1	4202	6147	5187	4360	4402	6435
rna-NM_016142.2	3159	7661	5902	3929	3959	5663
rna-NM_139178.3	695	962	759	1079	709	765
rna-NM_001145033.1	410	53	115	685	1029	1530
rna-XM_005253170.3	97	38	58	110	167	15
rna-XM_011519950.1	6412	6846	5983	6371	5755	7529
rna-NM_021926.3	17	107	91	15	3	15
rna-NM_002231.3	6406	2409	2370	4520	3835	2540
rna-XM_011520223.2	333	178	204	338	442	256
rna-XM_003959932.5	457	232	291	624	552	376
rna-NM_020826.2	4	2	2	6	6	6
rna-XM_017018459.2	173	433	524	382	65	1263
rna-XM_005253217.3	882	215	329	1026	861	621
rna-NM_001258324.1	2575	772	710	2594	2099	628
rna-NM_018389.4	1394	1253	1132	1936	1831	1898
rna-NM_021117.3	454	421	485	484	808	384
rna-NM_005456.3	1867	2116	2944	2477	2131	2361
rna-NM_001080446.2	6	2	4	16	10	16
rna-NM_057174.2	1149	769	960	1195	1102	660
rna-XM_017017173.1	812	132	192	665	587	155
rna-XM_011520158.2	1986	3424	3094	2156	2404	3182
rna-NM_052854.3	1323	181	234	1149	929	251
rna-NM_001267782.1	2051	2166	2046	2138	2181	1941
rna-XM_024448729.1	2341	2638	2582	3193	2527	2001
rna-NM_001270550.1	5082	2716	2846	5994	6335	3982
rna-NM_000741.3	156	62	63	148	123	94
rna-NM_000506.4	0	0	0	2	0	0
rna-XM_011520028.3	174	135	122	174	214	162
rna-NM_001346315.1	4658	5105	4535	5849	5250	5724
rna-NM_004308.3	2191	3167	2490	3075	2982	2469
rna-NM_024741.2	1014	909	735	1460	1104	1801
rna-NM_001003677.2	1348	2513	2506	1957	1409	1824
rna-NM_001008938.3	5317	8780	5387	4054	5796	4540
novel.688.1	26	40	71	25	48	37
rna-NM_002334.3	1926	3144	3141	1662	1886	2371
rna-XM_005253166.2	2296	3106	2866	2841	2647	1552
rna-NM_001184974.1	2144	2515	2307	2125	1549	1365
rna-NM_000107.2	1502	1006	759	1510	1363	509
rna-NM_001357016.1	1712	2513	2407	2520	2043	2009
rna-XM_024448288.1	343	422	334	493	491	510
rna-NM_000256.3	2	2	0	3	0	0
rna-XM_024448745.1	3469	1563	1167	2861	4493	3162
rna-XM_017017165.1	9	6	24	9	6	11
rna-XM_011520252.1	0	3	0	0	8	4
rna-NM_001080547.1	2	4	4	3	4	14
novel.715.1	29	11	0	13	67	10
rna-XM_024448762.1	4330	2186	2177	4683	4558	3037
rna-XM_017018026.1	8555	7627	6144	10255	8140	5771
rna-NM_001330272.1	4226	4732	3921	4240	5329	4650
rna-NM_175732.2	1094	1765	1673	1568	1199	1156
rna-NM_001318716.1	341	359	291	413	445	517
rna-NM_004551.2	1183	1533	1321	1748	1362	1470
rna-NM_001317231.1	1741	3072	2380	2229	2105	1843
rna-NM_024783.3	5	3	7	3	19	0
rna-NM_001318339.2	372	248	217	283	812	300
rna-NM_015231.2	1642	1703	1091	1492	1916	1513
rna-XM_017018083.1	3715	4392	2626	2907	4725	3814
rna-NM_001206626.1	1	0	0	0	0	0
rna-NM_005161.4	39	390	442	94	0	178
rna-NM_033396.2	7447	9386	10525	8550	8317	11274
rna-XM_011545070.2	2	0	6	0	0	6
rna-NM_001302926.1	6	0	0	0	4	7
rna-XM_024448664.1	10940	14929	11438	13709	11185	11799
rna-NM_000062.2	707	187	201	624	323	177
rna-NM_145008.2	63	76	70	42	24	47
rna-NM_006831.2	1199	830	705	1427	1373	1273
rna-NM_001278206.1	5009	501	760	4275	3196	724
rna-NM_178570.2	579	632	684	669	344	810
rna-XM_005274358.5	527	454	529	768	332	331
rna-NM_012456.2	836	1246	877	1065	675	755
rna-XM_005273819.4	12	3	6	3	11	1
rna-NM_004223.4	13176	8791	6792	12907	14209	7960
rna-NM_001005212.3	0	0	0	0	0	0
rna-NM_001005186.2	0	0	0	0	0	2
rna-NM_001005211.1	2	0	0	0	0	0
rna-NM_001005283.2	3	0	0	0	0	0
rna-NM_001143995.2	103	126	101	138	133	221
rna-NM_015457.2	4894	5666	3929	5784	5973	6508
rna-NM_001317078.1	803	607	566	995	907	814
rna-NM_001347890.1	4996	6863	5940	7250	5141	7536
rna-NM_170746.3	1507	2188	1636	1905	1552	1438
rna-XM_011545212.2	2	0	2	0	7	6
rna-NM_001085458.1	7117	13557	12697	6947	7455	6852
rna-NM_053023.4	7118	6038	4588	7081	8301	7481
rna-NM_000614.3	52	28	24	56	64	135
rna-XM_024448395.1	30	71	58	30	6	26
rna-NM_080661.4	2	3	3	6	0	2
rna-NM_198947.3	1146	617	347	583	1884	188
rna-NM_001312910.1	1468	747	475	1187	2130	474
rna-NM_001039396.1	0	0	0	0	0	0
rna-NM_015177.1	75	87	104	93	75	96
rna-NM_002556.2	5116	4622	4108	5213	5966	5173
rna-NM_152716.2	4535	3934	2943	4790	5548	4891
rna-NM_001261828.1	0	0	2	0	0	0
rna-NM_001062.3	0	0	5	5	0	3
rna-NM_004177.4	3159	977	1013	2636	3501	2357
rna-NM_017840.3	1071	2023	1416	1370	1467	1102
rna-NM_005142.2	3	0	0	0	0	0
rna-NM_024098.3	3866	6961	4293	4814	4153	5343
rna-NM_004778.2	3	6	4	2	2	12
rna-NM_207341.3	15	171	147	38	0	14
rna-NM_014502.4	5441	6135	4708	6203	5256	3834
rna-NM_006725.4	3	0	2	0	0	4
rna-NM_017966.4	805	855	636	870	680	499
rna-NM_001079807.3	0	10	4	5	1	3
rna-NM_001079808.3	0	11	4	4	2	5
rna-NM_014224.4	0	7	7	5	0	11
rna-NM_152718.2	30	18	26	25	17	10
rna-NM_024092.2	5578	4928	3881	7354	7545	6384
rna-XM_017017951.2	11445	10477	11230	16382	14817	21054
rna-NM_016582.2	2149	2401	1844	1654	1092	1601
rna-NM_001923.4	12242	14381	12175	12405	11860	10979
rna-XM_011544912.3	1105	1754	1691	1925	1539	1703
rna-XM_011544821.2	844	811	646	1327	1120	1105
rna-XM_006718585.3	483	414	296	632	579	450
rna-NM_001173991.2	173	20	36	255	283	116
rna-NM_024811.3	4216	3970	2961	4817	5303	4366
rna-NM_017841.2	1318	1109	850	1598	1548	1214
rna-NM_145017.2	10	41	31	32	11	23
rna-NM_001145077.1	8	6	0	4	8	0
rna-XM_011545335.2	312	199	178	378	296	337
rna-XM_017018238.1	409	503	403	488	383	329
rna-XM_017017723.1	1795	1861	1746	2078	1609	896
rna-XM_011545196.2	855	197	202	1036	741	521
rna-XM_005274222.1	2933	1371	1204	2472	1948	1589
rna-NM_014206.3	1182	1657	1589	1509	1054	1108
rna-NM_004111.5	8119	4771	2653	7103	5990	2273
rna-NM_013402.4	14317	29387	23997	15896	13097	7419
rna-NM_004265.3	20961	38600	33482	20817	15726	6544
rna-XM_011544995.3	1548	1783	1194	1182	1467	681
rna-NM_001083926.1	782	729	492	884	719	564
rna-NM_003357.4	0	0	0	2	1	0
rna-XM_011545229.3	67	26	26	96	59	15
rna-NM_002032.2	162672	170560	267816	172080	182774	124714
rna-NM_001620.2	14417	19427	16028	8113	12608	8093
rna-NM_001404.4	56206	88334	84296	64700	38340	57915
rna-NM_022830.2	756	1022	966	955	753	745
rna-NM_004739.3	6112	6070	4974	6911	7160	5282
rna-XM_006718489.4	1635	3222	3466	1800	1327	1566
rna-NM_000327.3	184	266	362	268	128	230
rna-NM_012200.3	2138	3231	2370	2716	1624	1836
rna-NM_198335.3	30120	45898	39591	29871	21666	27895
rna-NM_030628.1	1678	1999	1624	2276	1668	1834
rna-NM_001286086.1	1056	2061	1294	1492	1156	955
rna-NM_024099.3	211	147	190	216	418	152
rna-XM_005274232.5	184	126	166	164	155	153
rna-NM_001085372.2	457	833	603	746	408	480
rna-NM_015853.4	5103	4878	4923	6292	4308	4931
rna-NM_203422.3	77	14	18	88	70	7
rna-NM_024784.3	74	65	49	64	118	49
rna-NM_001122955.3	1860	2995	3014	2662	1744	2440
rna-XM_006718500.2	23	13	18	40	31	36
rna-NM_001079559.2	8189	12791	9891	7974	7644	7552
rna-XM_024448452.1	998	916	797	1142	1000	710
rna-NM_002696.2	1622	1477	1169	1715	1424	1208
rna-NM_006473.3	1091	834	836	1587	1101	1315
rna-NM_199337.2	1977	2472	2352	2712	1768	2620
rna-NM_001080501.2	565	934	800	774	591	600
rna-NM_006362.4	2392	1591	1686	2542	3419	3083
rna-NM_003164.4	2929	1681	1772	3363	2774	1594
rna-XM_024448585.1	2157	2144	1629	2805	2504	2029
rna-XM_011544742.2	0	0	3	2	5	2
novel.716.4	0	0	0	0	1065	266
novel.716.5	0	0	0	0	710	333
novel.716.2	855	636	635	821	318	323
novel.716.1	652	97	112	597	182	102
novel.716.3	213	47	16	172	437	253
rna-NM_001012662.2	14991	5790	6233	28459	16171	17948
rna-NM_001142535.1	4	4	4	0	0	0
rna-NM_004585.4	654	376	451	542	406	114
rna-XM_011545120.2	0	3	6	0	10	6
rna-XM_011544741.1	1552	1774	1792	1409	1096	911
rna-NM_015459.4	2085	2483	2457	2191	3267	2479
rna-XM_011544770.1	1827	1893	1279	1978	2058	1324
rna-XM_011544730.2	11967	17997	16947	17390	11572	19278
rna-NM_001144936.1	1750	1448	1424	1545	1218	1854
rna-XM_011544789.1	2339	2406	2173	3011	2670	3155
rna-NM_173587.3	752	2750	1998	495	148	281
rna-XM_011545254.2	1425	1430	1256	1488	1874	1423
rna-NM_004074.2	5063	7136	6274	6730	4251	5237
rna-NM_017670.2	2950	4596	4650	4533	3835	4046
rna-XM_005273939.4	1263	2307	2112	1436	871	1380
rna-XM_005273861.2	151	488	634	146	19	417
rna-NM_032989.2	2120	2432	2467	3141	1864	2337
rna-NM_001170726.1	1572	2182	2105	2664	1854	2506
novel.717.1	0	10	0	0	16	18
novel.717.2	16	0	12	19	0	0
rna-NM_001282652.1	11001	14777	11313	12221	11315	11695
rna-XM_011545294.3	5	8	9	4	10	15
rna-NM_001160389.1	877	1645	1391	1059	726	819
rna-NM_001128612.2	1113	1613	1254	1457	869	1036
rna-NM_001307980.1	928	1447	1455	1283	524	999
rna-NM_003377.4	2715	3877	4046	3783	2692	3218
rna-NM_004470.3	1204	1428	1458	1972	1159	1670
rna-NM_138689.2	4587	9627	8439	6457	3922	5227
rna-NM_000932.2	2662	3449	3358	2611	2571	1833
rna-NM_003942.2	2044	2438	2293	2331	2204	1509
rna-NM_018484.3	2	2	1	3	0	0
rna-XM_011545370.1	44	26	18	106	52	29
rna-NM_033310.2	1	0	0	7	9	3
rna-NM_001039496.1	39	10	21	86	108	113
rna-XM_017017313.1	2528	2970	2914	3285	1805	3079
rna-NM_016404.2	3067	4443	4111	4326	2751	3496
rna-NM_012094.4	9807	10151	10097	13918	8641	11400
rna-XM_011544957.2	156	205	203	253	120	158
rna-XM_017017082.2	273	44	92	259	128	150
rna-NM_005609.3	6	9	0	10	18	11
rna-NM_001178030.1	6738	5819	4573	8559	8488	7855
rna-XM_024448629.1	1718	1992	2116	1674	1251	998
rna-XM_017017765.1	2843	3541	3596	3724	3104	3188
rna-XM_011545155.3	286	175	200	382	279	326
rna-NM_001282445.1	6118	3463	3746	6782	7256	5171
rna-XM_011544863.2	3112	2091	2643	2944	2764	2328
rna-XM_011544774.2	0	0	0	0	2	0
rna-NM_006244.3	1790	2105	1893	2125	2328	2176
rna-XM_024448447.1	0	0	0	0	0	0
rna-NM_138456.3	754	160	125	649	707	175
rna-NM_001667.3	3042	4441	4055	4544	2905	3894
rna-NM_013306.4	1424	953	1062	2190	1834	1866
rna-NM_013299.3	1161	958	743	1499	1026	524
rna-NM_005468.2	5	0	4	0	2	0
rna-NM_001282448.1	0	0	0	0	0	0
rna-XM_005273733.4	972	569	254	815	803	218
rna-NM_006782.3	834	1431	1117	1079	708	581
rna-NM_013265.3	3578	4212	4585	4525	2764	3354
rna-NM_003273.3	829	2018	2037	1124	692	626
rna-NM_014205.3	483	422	485	883	596	670
rna-NM_001997.4	9912	13141	12964	12864	8615	9996
rna-NM_004927.3	4754	3928	3079	5886	5733	3945
rna-NM_172230.2	2018	1708	1749	2812	2369	2113
rna-NM_001198868.1	6216	7676	8508	8711	8445	7647
rna-NM_002689.3	1346	1202	645	1803	1911	806
rna-NM_006779.3	815	479	388	969	1033	849
rna-XM_024448637.1	2982	2806	2712	3612	3587	2969
rna-NM_145719.2	149	32	34	200	168	100
rna-NM_182556.3	96	160	131	116	118	73
rna-NM_031904.4	2897	1922	2138	3470	4624	3208
rna-XM_011545424.2	67	7	14	102	177	102
novel.718.1	22	3	6	21	35	24
novel.689.1	1712	156	927	0	181	203
novel.689.3	1662	2095	1953	1773	9126	1316
novel.689.2	98	316	818	281	448	132
novel.690.2	0	0	117	181	0	0
novel.690.1	889	652	1058	235	3469	863
rna-NM_006396.2	919	928	915	981	837	742
rna-NM_001098785.1	2141	1681	2361	3212	2938	3703
rna-XM_024448619.1	6515	5270	5425	6739	5933	4844
rna-XM_011545032.2	4533	8697	10638	5505	2515	6455
rna-XM_006718486.3	2233	213	607	2767	3978	2579
rna-NM_033347.1	7	5	2	4	13	9
rna-NM_002419.3	3786	3098	3016	4882	4745	4240
rna-XM_011545024.2	2769	3376	3287	3371	3567	2987
rna-NM_006747.3	2930	1362	1595	3229	2881	1939
rna-NM_021975.3	4704	5431	4672	5295	6040	4580
rna-NM_182710.2	973	1678	1405	1235	1004	1118
rna-NM_032193.3	3182	2734	2491	4030	3389	3949
rna-NM_004561.3	18	0	2	2	8	2
novel.719.1	8	32	38	19	22	42
rna-NM_138368.4	2303	2151	1840	2721	2353	2514
rna-XM_024448417.1	37	29	16	45	34	17
rna-NM_005507.2	36044	47517	39216	47717	39442	43565
rna-XM_011545269.1	1638	1456	1289	1674	1517	1055
rna-NM_016938.4	1714	357	408	1187	1359	294
rna-NM_001335.3	11	7	4	9	12	3
rna-NM_198897.1	2496	4584	3705	2815	1802	2526
rna-NM_006848.2	3780	4499	3899	4500	2943	1904
rna-NM_005438.4	3131	2757	930	2037	2361	845
rna-NM_001135635.1	1644	1822	1587	1696	1398	1238
rna-NM_006442.3	3889	2984	2786	4399	3698	2405
rna-NM_005146.4	4124	3928	3545	4053	3912	2712
rna-NM_001242486.1	832	593	551	1027	1183	632
rna-NM_003860.3	4286	7637	5160	5810	4070	4041
rna-NM_053054.3	66	62	36	60	57	16
rna-XM_017018519.1	7	0	0	0	0	0
rna-NM_006842.2	11433	15141	11638	10987	11464	8999
rna-NM_018026.3	3107	4012	3813	3673	3226	2811
novel.720.1	101	111	104	98	86	71
rna-NM_001134775.1	2690	2899	2360	3629	2698	3001
rna-NM_020404.2	20	4	4	15	6	0
rna-XM_017018378.1	9183	12616	11823	14073	11708	13866
rna-NM_182553.2	263	451	330	372	185	308
rna-NM_020470.2	2785	2446	2245	3297	2608	2026
rna-NM_153266.3	363	33	100	515	413	463
rna-NM_004292.2	1445	725	661	1112	900	445
rna-XM_024448425.1	2378	1705	1383	2943	2321	2153
rna-XM_017017537.1	67	17	9	68	36	8
rna-NM_006876.2	3316	4684	4886	3870	2365	2912
novel.691.1	16	4	6	15	26	10
rna-XM_011544974.1	389	270	240	680	771	538
rna-NM_016050.4	2009	2374	1820	2308	2082	1444
rna-NM_145065.2	879	1206	1142	941	577	424
rna-NM_130443.3	1570	2848	2225	2215	2288	2168
rna-NM_024649.4	539	957	1055	635	473	569
rna-NM_207340.2	763	1362	1209	866	699	696
rna-NM_001258371.2	11	0	7	10	5	8
rna-NM_003793.3	2119	1712	1926	2553	1239	1627
rna-NM_018219.2	14	28	23	36	48	51
rna-NM_005125.1	679	686	848	722	695	577
rna-NM_024650.3	629	602	706	909	685	732
rna-NM_005133.2	793	604	515	985	849	864
rna-NM_006328.3	1545	1412	1175	1945	1629	2374
rna-NM_001198845.1	68	19	42	72	62	28
rna-NM_002896.3	3022	3064	3089	3529	2877	3452
rna-NM_031492.3	333	338	233	392	298	169
rna-XM_006718669.3	654	3379	2639	784	481	810
rna-XM_017017871.1	2889	3321	4418	5024	3160	5748
rna-XM_005274239.3	1395	1793	1507	2775	2063	2775
rna-NM_001353554.1	42	14	21	67	46	50
rna-NM_014578.3	257	23	69	426	429	343
rna-XM_024448766.1	1736	1804	2125	3403	1998	4843
rna-NM_012308.2	5650	5982	4791	4739	6019	6894
rna-NM_001619.4	3571	5780	4390	4099	3394	3329
rna-XM_011544985.1	955	1091	877	1091	1133	822
rna-NM_017857.3	822	1133	1278	1054	966	950
novel.692.1	35	55	57	66	32	77
rna-NM_021173.4	949	1212	1280	1116	921	757
rna-NM_013246.2	425	139	148	434	801	493
rna-XM_006718652.3	490	279	289	481	550	238
rna-NM_001008709.1	6910	7320	6286	9599	7930	6279
rna-XM_006718540.3	5	5	9	4	6	3
rna-XM_017018054.1	37	29	49	41	31	14
rna-NM_003952.2	1804	2218	2022	2133	1661	1767
rna-NM_005608.2	21	10	21	27	11	17
rna-NM_001018070.2	5691	4676	5184	7523	6342	6009
rna-XM_024448697.1	437	1115	1118	681	364	553
rna-XM_024448761.1	2258	2174	1842	3143	2564	2496
rna-XM_017018586.1	5534	6127	7048	6701	4548	6777
rna-NM_005851.4	3391	3903	3753	6116	3004	4423
rna-NM_001318496.1	1	0	0	0	0	0
rna-NM_000852.3	5286	10527	9287	7305	4109	5212
rna-NM_007103.3	5066	8121	7727	6269	4143	4912
rna-NM_001243750.1	193	307	173	171	87	79
rna-XM_011544992.2	3	0	3	0	4	0
rna-XM_017018549.1	6	0	0	0	5	0
novel.721.1	13	329	127	37	88	18
novel.721.2	26	0	155	0	0	0
novel.721.3	76	66	0	86	0	60
rna-XM_024448784.1	0	3	3	4	0	0
rna-NM_030930.3	1781	1860	2047	2126	1538	1076
rna-NM_001161473.2	431	1123	926	400	352	121
rna-NM_002496.3	3138	4729	4279	4548	2599	3441
rna-XM_024448320.1	1797	1219	1747	2112	2158	1550
rna-NM_001277.2	1246	1131	1098	879	1060	626
rna-XM_005274035.4	741	883	538	597	845	937
rna-NM_022338.3	1284	1902	1279	1510	1218	1005
rna-XM_011545029.1	3127	6694	5502	2973	1816	2570
rna-NM_001352354.1	2942	2471	2572	2314	4032	2715
rna-NM_015973.4	11	0	4	46	33	40
rna-XM_011545402.1	62	10	17	57	67	28
rna-XM_005273762.3	1962	2597	2451	2559	1379	2169
rna-XM_005273823.4	1211	1394	1143	1413	970	985
rna-NM_002180.2	972	881	738	910	1013	597
rna-XM_024448339.1	1591	177	222	1435	1536	419
novel.722.1	109	26	38	86	44	35
rna-NM_139075.3	499	538	500	532	461	401
rna-NM_001293291.1	482	59	135	414	551	95
novel.693.1	24	77	16	35	21	12
rna-NM_005117.2	9	9	10	12	0	5
rna-NM_002007.3	4	0	0	0	0	0
rna-XM_011545121.2	9	35	20	22	0	10
rna-NM_053056.2	4908	7275	2959	4114	3819	1733
rna-NM_153451.2	308	179	153	269	505	301
rna-NM_003824.3	1900	1839	1703	3059	2261	2618
novel.723.1	25	28	21	69	14	78
rna-NM_012309.4	217	25	43	189	211	172
rna-XM_006718716.3	3738	2823	2380	3144	4772	4248
rna-NM_001184740.1	2999	2913	2482	3140	4271	2444
rna-NM_018161.4	819	1272	1488	574	679	235
rna-NM_018172.2	145	296	167	198	194	69
rna-NM_001163817.1	12725	22063	16472	15333	12296	12680
novel.695.1	148	284	267	197	153	156
rna-NM_001278713.1	9	2	5	10	11	3
rna-NM_001242853.1	0	0	1	0	0	0
rna-NM_000804.3	44	2	2	36	15	15
rna-NM_016724.2	34	165	106	59	11	40
rna-NM_018320.4	1804	1649	1385	1731	1593	1412
rna-NM_005699.3	99	69	58	72	244	60
rna-XM_011545055.1	8919	11732	9670	7270	6774	6274
rna-NM_017907.2	3111	3813	3372	4394	2992	3027
rna-XM_024448401.1	4	3	4	6	10	3
rna-NM_001330321.1	240	785	528	346	210	271
rna-NM_005169.3	0	0	3	6	0	0
rna-XM_024448501.1	5336	7475	6536	5970	5317	5804
rna-NM_030813.5	1251	1671	1253	1898	1594	1905
novel.696.1	296	24	29	256	160	58
novel.724.1	4	0	0	17	0	0
rna-NM_002599.4	259	45	82	229	320	133
rna-NM_001040118.2	3585	3575	3784	3779	3520	2135
rna-NM_006645.2	2336	1370	1864	3595	2578	3515
rna-NM_033388.1	189	107	122	204	237	141
rna-NM_014824.2	1411	1856	1428	1250	1597	1520
rna-XM_017017839.1	136	17	28	180	166	115
rna-NM_001277208.1	73	16	24	76	64	33
rna-NM_014786.3	1626	1730	1587	1345	1304	1542
rna-XM_024448726.1	1337	1483	846	1274	1357	1102
rna-NM_021200.2	1143	4023	3383	2175	574	3992
rna-NM_001286050.1	4838	9133	8311	4881	4291	6086
rna-NM_198896.1	5682	8235	7138	5684	6035	6744
rna-NM_001318499.1	675	799	680	1021	693	1026
rna-XM_017017883.1	1021	2515	1867	1384	1068	949
rna-XM_005274308.2	544	972	766	554	439	287
rna-XM_011545004.3	7	2	5	14	8	0
rna-NM_003356.3	23	16	11	20	35	33
rna-XM_024448674.1	1936	1653	1344	2377	2814	857
rna-NM_001288748.1	46	6	11	39	28	15
rna-XM_011544904.1	2430	1500	1246	1736	2392	1092
rna-NM_001271593.1	7826	6246	4710	8272	8807	4934
rna-XM_011544953.3	2817	2592	3219	2801	1951	8317
rna-XM_011544713.2	2	2	0	0	0	0
rna-NM_001144869.2	21	38	11	47	36	26
rna-NM_001319240.1	77	104	86	85	161	125
rna-NM_006591.2	1362	1328	726	1064	1427	619
rna-NM_015424.5	0	0	2	0	3	0
rna-NM_006656.5	173	282	158	169	174	106
rna-XM_017017658.1	4	0	3	0	18	4
rna-XM_017017157.1	187	41	108	171	430	120
rna-NM_001195528.1	4	2	0	5	12	13
rna-XM_011544889.3	1163	973	887	997	1441	1182
rna-XM_005273765.2	289	507	486	451	480	483
rna-NM_014752.2	4572	6814	6073	6500	4713	6393
rna-XM_017017750.1	3791	2706	3082	5052	4132	6353
rna-XM_011545276.2	725	378	420	717	515	406
rna-NM_001260506.1	40466	46106	42534	44419	29567	33293
rna-NM_001039548.2	5	4	4	7	21	8
rna-NM_001207014.1	5484	3079	2579	5562	6282	2151
rna-XM_017017755.2	8	40	43	6	0	6
rna-NM_032564.4	519	353	287	494	378	265
rna-XM_011545226.3	2089	1414	1225	1908	1793	3094
rna-XM_011545240.2	59	114	136	66	47	48
rna-NM_004705.3	2387	6096	4167	1942	2535	2602
rna-NM_001282456.3	46	171	142	42	69	37
novel.725.1	46	228	168	80	23	90
rna-XM_005273902.3	51	9	4	77	25	11
rna-XM_011545173.3	1123	1519	1076	948	1392	1029
novel.726.1	22	37	54	28	16	15
novel.726.2	1	22	6	5	0	11
rna-NM_001318477.1	2531	8874	6988	3220	1605	2992
rna-NM_018367.6	1472	2332	1752	1261	1442	1240
rna-XM_011545225.1	2235	1364	1545	2602	2598	3780
rna-NM_006189.1	1	0	0	3	3	7
rna-XM_011545046.2	44	7	22	87	99	95
rna-NM_001128620.1	1513	1665	1540	1622	1491	1074
rna-NM_173039.2	117	69	67	125	147	84
rna-NM_001293.2	2597	4544	4070	2988	2215	2474
rna-NM_016578.3	1194	1143	916	695	1677	1190
rna-XM_017017620.1	183	201	215	165	195	118
rna-NM_033547.3	947	1148	996	940	870	752
rna-NM_023930.3	535	87	93	662	698	262
rna-NM_001203260.1	69	10	98	15	7	109
rna-NM_003251.3	3	0	0	6	7	0
rna-NM_004549.5	2703	4087	4528	4055	2710	3572
novel.697.1	84	32	19	76	50	81
novel.697.2	35	12	1	12	0	0
rna-NM_024079.4	1094	1837	1327	1327	1046	1097
rna-NM_024678.5	768	1033	730	947	939	785
rna-XM_005273925.3	828	737	782	916	804	961
rna-NM_020798.3	314	272	380	345	393	291
rna-NM_080491.2	862	1920	1675	822	389	678
rna-NM_175885.3	12	35	27	33	5	21
rna-XM_017017525.1	1213	3518	2660	750	151	950
rna-NM_199418.3	4457	5270	4827	4401	3168	5158
rna-NM_145018.3	448	361	126	276	423	137
rna-NM_001286060.1	517	763	865	453	616	837
novel.698.1	99	261	260	118	141	166
novel.698.2	21	74	29	18	11	20
rna-NM_001346413.1	539	492	433	406	1325	584
rna-NM_001300975.1	274	246	298	214	256	297
rna-NM_021825.4	861	904	771	1060	1089	988
rna-NM_032273.3	467	638	479	540	455	345
rna-XM_017018087.1	946	689	629	812	1586	817
rna-NM_152723.2	6	62	59	17	3	21
rna-XM_011545105.1	177	454	228	129	96	109
rna-XM_017017254.2	33	30	25	45	48	76
rna-NM_018480.5	1480	1284	1038	1577	1577	1250
rna-XM_005274322.3	8168	8784	6758	7178	7941	7589
rna-NM_001308007.1	1062	933	594	1010	1122	674
rna-NM_016401.3	1173	1533	1368	1534	1039	1194
rna-NM_001156474.1	8	9	10	13	6	9
rna-XM_017017136.1	94	52	58	126	139	112
rna-NM_007173.5	4082	6245	4367	3702	2096	3146
rna-NM_012193.3	896	757	685	676	780	536
rna-NM_022918.3	1003	1987	1946	966	930	1069
rna-NM_022337.2	259	37	60	261	282	134
rna-NM_001814.5	3735	2474	2111	4242	5103	2853
rna-NM_001291927.1	37	0	4	21	18	5
rna-NM_020358.2	2	0	0	0	0	0
rna-XM_006718828.4	0	0	0	0	2	0
rna-NM_001195234.1	0	2	0	0	0	0
rna-XM_017017043.2	48	9	12	36	42	20
rna-NM_012124.2	923	518	444	909	1339	874
rna-XM_017017179.2	18	71	40	24	12	13
rna-NM_152313.3	1238	845	822	1199	2228	1656
rna-XM_011542907.1	285	174	178	273	331	151
rna-XM_011543047.1	233	187	168	125	517	78
rna-NM_024116.3	602	432	347	446	731	243
rna-NM_001351986.1	818	1345	1157	858	965	1164
rna-NM_004268.4	1009	1184	847	962	1211	859
rna-NM_001098672.1	13	8	3	6	11	2
rna-NM_015368.3	1359	1296	900	1152	1734	2000
rna-NM_016540.3	3	3	0	0	2	0
rna-NM_005591.3	896	635	391	656	1109	524
rna-NM_017704.2	183	229	156	133	270	113
rna-NM_002033.3	138	45	56	103	251	62
rna-NM_152431.2	0	4	3	0	20	10
rna-XM_005273798.4	1958	2300	1644	1497	1211	1009
rna-NM_016403.3	1237	1876	1454	1445	1283	1437
rna-NM_018039.2	101	98	84	150	155	102
rna-NM_032102.3	678	1423	1385	1051	796	1475
rna-NM_015036.2	590	2545	1993	941	391	2012
rna-NM_144665.3	2086	7113	11387	3804	29	13402
rna-NM_144664.4	666	329	430	552	753	663
rna-NM_014679.4	1437	1712	1685	1214	1485	1337
rna-NM_016156.5	2414	5686	4062	2807	2775	6278
rna-NM_032427.3	1522	4427	3214	1000	811	1915
rna-XM_005274292.3	1067	594	742	713	1685	1062
rna-NM_003772.3	253	486	490	257	416	253
rna-NM_152432.3	296	141	156	305	401	1935
rna-NM_004621.5	4	2	0	0	0	0
rna-XM_017017926.1	3	0	0	0	3	0
rna-NM_178127.4	0	0	0	0	0	0
rna-NM_020802.3	62	30	37	34	40	22
rna-XM_005271713.4	46	4	7	33	32	6
rna-XM_005271378.3	8899	8376	7267	8330	11698	12042
rna-NM_001165.4	3247	2637	2262	1427	5866	1858
rna-NM_001166.4	2892	3683	3217	2411	4644	3862
rna-NM_002423.4	15	65	85	25	4	17
rna-NM_002425.2	4	0	2	6	29	14
rna-NM_002421.3	893	51	105	687	772	517
rna-NM_002422.4	20	6	16	28	77	35
rna-NM_002426.5	2	2	0	2	4	3
rna-NM_002427.3	16	0	3	16	25	6
rna-NM_052932.2	23673	27894	26996	14765	18817	16096
novel.699.1	19	57	34	27	0	10
novel.699.2	5	85	47	0	0	0
rna-NM_032299.3	1308	1913	1319	1409	1449	1329
rna-NM_001080463.1	148	202	216	84	416	66
rna-NM_001001711.2	0	0	0	6	0	0
rna-NM_025208.4	230	313	365	151	112	126
rna-NM_001225.3	818	270	310	777	1032	364
rna-XM_024448524.1	0	0	0	0	0	0
rna-NM_033292.3	684	134	135	436	399	75
rna-XM_011542583.2	81	35	27	53	40	6
rna-XM_006718823.2	0	0	0	0	5	0
rna-NM_001318750.1	1177	1037	807	1053	1204	908
rna-XM_006718767.3	111	177	146	73	119	105
rna-NM_015423.2	1713	1917	1543	1604	2039	1549
rna-NM_001256424.1	101	28	15	76	172	175
rna-NM_152434.2	489	323	337	458	835	625
rna-NM_001301010.1	342	458	396	348	451	257
rna-NM_018712.3	160	523	682	176	118	644
rna-XM_024448787.1	10	22	31	5	13	7
rna-NM_003063.2	0	0	0	3	3	3
rna-NM_017515.4	2209	2787	2521	2799	2923	2978
rna-NM_017516.2	74	11	11	46	59	10
rna-NM_001351834.1	820	1647	1464	466	1655	657
rna-NM_152587.4	6	9	5	0	0	4
rna-NM_003478.4	1134	1053	1246	793	1670	864
rna-NM_000019.3	2088	3424	3041	2297	1971	2129
rna-XM_011542854.2	1361	978	857	783	1724	678
rna-NM_153705.4	1622	1616	1116	1238	1903	933
rna-NM_015065.2	65	38	64	37	40	46
rna-NM_004398.3	1141	1146	767	932	1233	949
rna-XM_011542817.2	4	4	4	0	0	2
rna-XM_005271715.4	2627	770	695	1116	2085	937
rna-NM_001260493.1	1471	2504	2012	1168	1642	1996
novel.700.1	0	29	0	0	0	0
novel.700.2	4	5	16	4	0	0
rna-NM_004109.4	907	1189	1013	979	792	777
rna-NM_207430.2	0	0	2	5	3	0
rna-XM_024448589.1	4	3	0	0	0	0
rna-NM_001258390.1	2825	2512	2298	2445	1467	1404
rna-NM_015191.2	2649	4898	3334	1967	1321	3607
rna-NM_181699.2	557	939	648	439	521	533
rna-XM_005277723.5	563	1107	844	608	578	524
rna-NM_138378.2	100	104	84	124	132	93
rna-XM_011542957.3	228	398	390	374	309	354
rna-NM_001541.3	0	4	6	12	0	13
rna-NM_001289807.1	361	941	876	462	385	698
rna-NM_001037954.3	557	1098	962	597	536	997
rna-NM_031938.5	8	11	9	17	25	18
rna-NM_001931.4	1977	3039	2299	2030	2597	1986
rna-XM_017017201.2	46	47	36	36	52	25
rna-NM_018195.3	1530	1970	1699	1714	1440	1772
rna-NM_012459.2	769	1822	1407	1110	744	954
rna-NM_003002.3	3610	5429	4311	3532	3292	3110
rna-NM_001562.3	538	1210	1105	511	157	278
rna-NM_031275.4	3	5	0	4	3	0
rna-NM_001145024.1	0	0	0	0	10	0
rna-NM_000317.2	604	862	662	878	624	739
novel.701.1	23	28	39	33	16	28
novel.701.2	75	65	91	71	26	27
rna-XM_017017943.2	140	443	272	156	151	139
rna-XM_011542736.2	4	0	6	0	0	5
rna-NM_000795.3	5	51	26	19	2	25
rna-NM_030770.3	10	133	93	35	10	51
rna-NM_001242607.1	750	4631	4408	1052	4	1796
rna-NM_004724.3	1089	1142	887	1048	1123	973
rna-NM_006006.5	5	25	26	11	10	3
rna-NM_001346252.1	2380	4796	3753	1682	1894	1971
rna-NM_006169.2	9511	13116	11197	11060	10558	6189
rna-NM_019021.3	82	294	359	152	109	160
rna-NM_001286045.1	2333	4205	4446	2070	2015	2431
rna-NM_015523.3	1743	1481	1340	1875	2124	1642
rna-XM_017017457.2	1655	9175	7538	1777	183	3953
rna-NM_032725.3	562	769	568	580	542	425
rna-NM_003904.4	2118	2320	1547	2449	2250	2073
rna-NM_000040.2	5	0	0	11	0	0
rna-XM_005271481.2	1536	1926	1399	1279	1264	1720
rna-XM_017017840.1	4915	7999	6824	6177	5025	7623
rna-NM_020693.3	43	107	99	24	0	85
rna-NM_001040455.1	1142	2199	2345	1286	809	971
rna-NM_001001522.2	1023	650	662	1434	1285	433
rna-NM_004716.3	988	2311	1778	1360	1381	1904
rna-NM_207343.3	800	1007	850	876	1051	901
rna-NM_012104.4	1632	5109	4421	1848	664	2693
rna-XM_017017364.1	982	900	808	944	1244	805
rna-NM_001680.4	164	75	117	554	445	975
rna-NM_001204268.1	116	479	458	402	59	968
rna-NM_001164831.2	1715	7372	7181	4246	769	12197
rna-XM_024448283.1	0	3	0	3	3	0
rna-NM_001558.3	12	15	28	14	0	43
rna-XM_005271613.4	2	2	7	0	0	0
rna-NM_174934.3	220	1573	1558	534	14	2153
rna-NM_198275.2	10	34	20	20	14	32
rna-NM_005797.3	2	6	0	0	6	2
rna-NM_004788.3	1184	2137	1956	1177	1621	1093
rna-NM_006476.4	3855	4940	4172	4464	3220	3540
rna-XM_011542703.2	2551	3958	4143	2127	1883	1575
rna-NM_007180.2	0	0	0	0	3	0
rna-XM_011542829.2	2751	2919	2040	1716	3139	2953
rna-NM_001080441.2	8	4	5	11	17	15
rna-XM_006718926.3	507	277	271	518	418	361
rna-NM_020153.3	754	1052	782	1051	654	701
rna-NM_001655.4	9368	9661	7741	8465	8734	9141
rna-NM_004397.5	3722	5753	4913	3726	4330	4448
rna-NM_001716.4	30	10	28	20	19	15
rna-XM_017017572.1	5222	5933	6258	4467	5216	3655
rna-NM_006760.3	4	2	2	9	0	7
rna-NM_001164278.1	735	1232	857	892	761	677
novel.728.2	0	78	0	0	99	117
novel.728.1	78	19	80	135	29	17
rna-NM_198489.2	74	57	66	71	74	68
rna-NM_001028.2	4188	6774	6864	4887	2760	4349
rna-NM_016146.5	720	756	623	778	746	511
rna-NM_021729.5	863	1134	1128	1172	992	966
rna-XM_005271392.4	7982	9361	7451	10436	5129	8857
rna-NM_000190.3	1055	1882	1479	1460	882	1013
rna-NM_002105.2	3666	4820	2019	3977	3110	1511
rna-XM_005271422.3	1895	3334	2515	2712	1695	2159
rna-NM_014807.4	1376	1013	906	1486	1117	1423
rna-NM_001351957.1	1263	897	756	1356	1529	1456
rna-NM_022169.4	189	76	82	185	137	129
rna-XM_011543001.2	0	1	0	0	7	0
rna-NM_001282358.1	393	817	734	579	454	226
rna-NM_001145018.1	156	19	36	140	142	51
rna-NM_032015.4	3193	3955	2940	3946	3075	2271
rna-NM_015645.4	0	0	0	0	0	0
rna-NM_031433.3	209	33	51	286	179	45
rna-NM_005188.3	3781	5782	5097	3486	3681	6747
rna-NM_006500.2	13589	15501	12763	13746	8587	10268
rna-NM_002855.4	899	2626	2729	925	600	1463
rna-NM_012101.3	12	139	106	28	6	31
rna-NM_178507.3	1151	2683	1871	1084	512	1225
rna-NM_004205.4	185	324	361	176	73	106
rna-NM_001311162.1	25013	49243	46765	25406	12960	28037
rna-NM_001244682.1	0	2	3	4	3	21
rna-NM_001198670.1	466	724	615	571	526	948
rna-NM_015313.2	6758	8506	7838	6484	9817	17866
rna-NM_014619.4	129	279	289	92	41	77
rna-NM_152715.4	1036	1468	1368	1105	898	2974
rna-NM_005422.2	28	65	26	24	14	52
rna-NM_006918.4	1857	2381	1940	2153	2785	3427
rna-XM_017018646.1	0	0	0	0	0	0
rna-NM_003105.5	375	1561	1326	346	180	522
novel.729.2	0	8	0	5	8	48
novel.729.1	35	81	86	21	45	84
novel.729.3	20	0	27	47	28	84
novel.729.5	1028	1320	1768	1441	2332	1916
novel.729.4	172	381	205	277	103	141
novel.729.7	42	62	59	0	0	153
novel.729.6	10	81	35	3	11	29
rna-NM_001001786.2	9	4	4	12	25	25
rna-XM_005271712.3	3006	1312	923	2346	3535	2805
rna-XM_017018341.1	55	27	42	85	163	85
rna-NM_024769.3	151	120	64	105	87	37
rna-XM_006718892.3	109	273	174	101	62	141
rna-NM_001354837.1	53	42	15	60	24	29
rna-NM_001040151.1	10	2	0	16	13	6
rna-NM_001301780.1	394	387	279	398	503	244
rna-XM_011542828.2	106	417	430	136	87	136
rna-NM_052959.2	0	0	0	0	0	0
rna-NM_032811.2	1085	1263	982	1372	1451	1515
rna-NM_170601.4	463	707	712	605	521	1142
rna-NM_017425.3	160	269	192	227	178	214
rna-XM_011542798.1	43618	48658	37067	46980	54586	40794
rna-NM_001126181.1	873	556	300	1113	758	728
rna-NM_014312.4	13	6	3	16	11	11
rna-NM_138961.2	834	105	279	1454	1362	1530
rna-NM_001308027.1	289	299	294	255	262	336
rna-NM_022370.3	486	220	217	432	371	153
rna-NM_019055.5	276	68	43	250	108	30
rna-NM_001037558.2	0	0	0	0	0	0
rna-XM_017017361.1	4	0	0	3	2	0
rna-NM_025004.2	186	124	63	201	239	75
rna-NM_198277.2	871	151	156	525	463	84
rna-XM_024448388.1	243	544	412	366	241	225
rna-XM_024448643.1	12	42	51	8	10	12
rna-NM_001301851.1	0	5	2	0	0	0
rna-NM_005103.4	273	1221	1136	336	54	347
rna-NM_004879.4	3779	7960	6003	4950	3976	4526
rna-NM_001278503.1	9394	11994	9429	10968	8399	9761
rna-XM_011542560.2	1180	976	551	1060	1608	517
rna-NM_001612.5	4	0	3	2	9	0
rna-NM_138294.2	0	0	0	0	0	0
rna-NM_212555.2	0	0	0	0	0	0
rna-NM_001129883.3	0	0	0	0	0	0
rna-NM_001144874.1	0	0	0	0	0	0
rna-NM_145014.2	182	66	63	301	397	236
rna-NM_031307.3	522	590	453	513	455	425
rna-XM_017017873.1	912	4605	5533	882	308	1344
rna-NM_032795.2	1072	1059	961	1123	1007	612
rna-NM_024556.3	1066	913	823	1187	1159	991
rna-NM_003139.3	5104	7092	5064	5793	5061	4814
rna-NM_017547.3	838	1652	1138	1199	1139	690
novel.703.8	0	0	105	0	0	220
novel.703.4	351	951	957	345	0	541
novel.703.3	168	659	632	240	0	447
novel.703.1	97	653	525	40	0	325
novel.703.2	43	647	409	81	0	113
novel.703.5	38	501	206	135	20	191
novel.703.6	27	0	0	31	0	210
novel.703.7	53	445	292	142	0	261
rna-NM_148910.2	64	97	91	67	79	69
novel.730.1	95	181	214	143	122	72
rna-NM_001350236.1	730	2174	1525	827	622	704
rna-NM_001348396.1	2283	2385	1774	2614	1512	1874
rna-XM_011543026.2	282	264	320	147	98	50
rna-NM_001143820.1	9962	6822	5683	8821	12000	13431
rna-NM_002017.4	578	324	320	365	504	325
rna-NM_000220.4	5	0	0	3	4	2
rna-NM_001354169.1	0	8	7	0	3	4
rna-XM_011542654.2	90	111	121	133	126	128
rna-XM_005271736.4	867	1160	1093	904	1106	1840
rna-XM_017017793.2	1130	1024	808	1228	1698	1485
rna-NM_020228.2	617	456	337	576	789	1000
rna-NM_021978.3	5	6	0	0	13	6
rna-XM_005271521.5	1867	1905	1820	1720	2156	2086
rna-NM_007037.5	6	9	3	2	0	0
rna-NM_139055.3	316	1709	1719	269	63	283
rna-NM_001642.2	26970	37349	33956	25937	23037	37634
rna-NM_001271983.1	2	0	3	0	0	0
rna-XM_024448521.1	3388	5000	4250	3602	3131	3530
rna-NM_001319103.1	3	7	0	0	3	0
rna-XM_011542691.3	105	136	71	87	42	60
rna-XM_017017852.2	1216	2435	1610	1698	934	3761
rna-XM_005271527.4	730	837	679	988	889	625
rna-XM_024448437.1	707	787	787	885	1059	1080
rna-XM_011542566.2	0	0	0	1	0	0
rna-NM_032801.4	1869	9188	7795	2059	234	4352
rna-XM_024448406.1	3993	3201	1926	2951	3493	1502
rna-NM_052875.4	2233	4347	4166	3246	2125	4875
rna-NM_138342.3	2	0	0	4	2	0
rna-XM_005271506.3	2	0	0	0	0	0
rna-XM_017030111.1	276	255	282	468	474	398
rna-XM_024452499.1	85	21	49	110	95	47
novel.749.2	0	0	9	0	0	61
novel.749.3	0	0	0	0	19	0
novel.749.1	431	209	206	487	608	257
rna-NM_001170738.1	4	4	0	3	0	0
rna-NM_001206931.1	112	28	79	1476	1221	9073
rna-NM_001042603.2	2191	2208	1764	1778	2609	3005
rna-NM_032358.3	512	328	221	439	679	272
rna-NM_173593.3	171	520	480	158	123	148
rna-NM_016533.5	0	3	0	2	5	2
rna-XM_017020292.2	193	28	40	214	158	47
rna-NM_152441.2	279	417	399	374	364	568
rna-XM_024449203.1	1930	212	419	1666	1400	439
rna-XM_011520997.3	6693	5891	4933	6369	9886	9800
rna-XM_017019769.1	118	139	120	124	269	138
rna-XM_017019055.2	673	755	491	524	883	906
rna-NM_172364.4	0	2	0	2	0	0
rna-XM_017019848.1	0	1	2	5	6	1
rna-XM_005253789.2	3411	2690	2207	4027	4240	4814
rna-XM_017019926.2	0	5	2	0	1	2
rna-NM_152640.4	138	168	154	123	125	101
rna-NM_002014.3	4937	6086	4019	6979	6691	5658
rna-NM_018463.3	252	270	241	357	389	228
rna-XM_017020000.2	21	15	14	10	22	15
rna-NM_001160408.1	830	692	630	911	1053	762
rna-XM_005253817.4	8	0	3	3	5	4
rna-NM_202002.2	5326	4408	1703	5062	4461	1672
rna-NM_001257097.1	939	969	647	1053	982	521
rna-NM_003213.3	1032	485	402	1151	1216	747
rna-NM_006675.4	3089	6302	3748	2280	1054	3028
rna-XM_011521034.3	61	10	11	73	138	84
rna-NM_020367.5	155	153	133	138	118	67
rna-NM_001759.3	47	11	32	85	127	116
rna-NM_020375.2	905	600	520	996	1300	856
rna-NM_001304811.1	569	734	437	506	689	326
rna-NM_001130862.1	974	492	283	710	1223	192
rna-NM_003845.2	138	367	316	185	169	118
rna-NM_006422.3	29	17	24	39	51	44
rna-NM_005002.4	2710	2562	2254	3124	3863	2313
rna-NM_017417.1	4	0	0	0	0	0
rna-XM_017019271.1	2	0	0	4	5	0
rna-NM_001102654.1	41	6	7	31	33	4
rna-NM_001278596.1	7	4	0	10	12	5
rna-NM_000552.4	27	68	73	26	13	17
rna-NM_018173.3	7	12	4	8	6	6
rna-XM_005253814.4	5405	6539	6676	6315	5415	8315
rna-NM_001065.3	4561	7260	6787	5021	4570	3843
rna-NM_001159576.1	1590	3476	3761	2080	653	1693
rna-NM_002342.2	786	464	547	1410	1494	1544
rna-XM_017020232.1	2	10	11	0	7	4
rna-NM_018009.4	135	158	242	148	205	127
rna-NM_014231.4	173	79	101	100	266	85
rna-NM_016497.3	2253	2501	2393	2808	2459	1980
rna-NM_014865.3	5505	5842	3167	4361	4224	2422
rna-XM_011520947.3	644	553	690	530	400	288
rna-NM_001258309.1	2749	1790	1520	3156	3960	3303
rna-XM_024448802.1	9798	12656	10562	9243	9547	10007
rna-NM_020400.5	5	4	3	12	2	0
rna-NM_001127582.1	640	799	744	937	776	667
rna-NM_001289745.2	157026	362124	299518	178459	156530	171147
rna-XM_011520918.1	1743	1308	1146	1955	2392	2229
rna-XM_011520926.3	195	302	332	327	215	218
rna-NM_001164095.2	1050	1986	1461	1394	1383	1321
rna-XM_024449201.1	6473	9487	8341	9553	8245	10188
rna-NM_001330333.1	5240	11512	12301	8395	5357	8805
rna-NM_002286.5	17	5	10	21	31	29
rna-NM_000616.4	11	15	16	7	20	8
rna-NM_019858.1	331	534	552	472	158	385
rna-NM_014262.4	2383	2874	2936	2577	1495	1239
rna-XM_011520953.3	9	8	5	12	21	11
rna-NM_031299.6	522	401	164	497	392	223
rna-NM_001098536.1	3199	5131	4544	4395	4163	3334
rna-NM_001135217.1	276	450	406	427	360	397
rna-NM_001975.2	6506	16688	11761	5038	4327	5789
novel.732.1	0	0	0	0	5	0
rna-NM_001159287.1	44153	76163	68035	52971	50492	54858
rna-NM_032641.3	240	154	212	417	401	335
novel.732.2	229	176	226	208	171	161
novel.732.3	154	127	136	178	118	150
novel.732.4	73	99	51	115	199	59
rna-NM_001007026.1	4178	5017	4538	5869	5916	4666
rna-NM_001301834.1	2126	1899	2071	3122	2106	2687
rna-NM_080549.3	0	13	9	7	9	12
rna-NM_031491.3	17	9	11	12	28	15
rna-XM_006719163.4	3968	2458	3384	4605	4829	4772
rna-XM_017019745.1	748	950	929	818	850	887
rna-NM_001080454.1	4	2	0	6	11	3
rna-NM_001297650.1	60	64	46	73	66	68
rna-NM_001144831.1	6216	9097	8218	7708	5370	6174
rna-NM_006331.7	861	946	587	1079	1245	558
rna-XM_024448793.1	2556	1909	1974	2818	3372	2156
rna-NM_201442.3	3121	369	512	2221	2824	1131
rna-NM_001354346.1	12193	1619	1977	8777	8368	3039
rna-NM_016546.3	1086	1158	1158	1244	1567	984
novel.750.2	0	92	0	0	0	0
rna-NM_001286237.1	54	267	148	27	18	24
rna-NM_006931.2	12618	43411	22130	3520	2165	6053
novel.750.1	37	23	105	32	28	20
rna-XM_011520760.2	1200	1137	1028	1338	1546	1064
rna-NM_001326475.1	207	19	26	335	347	202
rna-NM_015509.3	1008	780	599	1256	1499	1097
rna-NM_016184.3	12	2	6	7	3	8
novel.733.1	7	18	17	18	14	21
novel.751.1	2	2	2	0	6	2
rna-NM_001007033.1	0	0	0	0	0	0
rna-NM_014358.3	62	6	25	44	52	27
rna-NM_003480.3	13	249	82	44	0	93
rna-XM_017019684.1	426	324	317	350	1022	458
rna-XM_011520603.2	1860	1360	1149	1869	2417	2388
rna-NM_002355.3	5992	3674	2961	6711	7507	5849
rna-XM_017019763.1	0	0	0	0	0	0
rna-XM_017018685.1	8	4	3	8	13	22
rna-XM_006719056.3	23	136	105	18	2	120
novel.734.1	164	260	190	201	138	152
novel.752.1	9	0	0	0	6	3
novel.754.1	92	27	38	71	223	25
novel.754.2	11	0	0	1	23	7
rna-XM_011520903.3	5	0	0	1	7	3
rna-XM_011520905.1	0	0	4	3	2	1
rna-NM_001004419.4	49	45	28	51	104	32
rna-NM_001781.2	14	4	0	0	4	2
rna-NM_016523.2	0	13	12	0	0	0
rna-NM_005127.2	282	1149	718	173	32	221
rna-NM_001130711.1	2	0	0	0	0	0
rna-NM_001129998.2	4	0	0	0	2	0
rna-XM_011520687.2	3	0	0	4	0	4
rna-NM_197947.2	130	21	24	96	134	30
rna-NM_001079815.1	0	0	0	6	0	0
rna-NM_002543.3	12	3	0	13	6	0
rna-XM_005253344.5	589	312	357	637	745	772
rna-NM_007360.3	0	0	0	0	74	18
rna-NM_001199805.1	45	0	3	26	13	0
rna-NM_013431.2	4	0	0	0	55	14
rna-NM_007333.2	86	0	13	154	326	170
rna-NM_002260.3	325	13	76	607	1207	712
novel.755.1	1	0	0	0	4	1
rna-NM_213658.2	41	4	6	83	88	84
rna-NM_018048.4	312	473	265	277	357	148
rna-XM_005253417.2	141	18	21	101	122	58
rna-NM_003651.4	8082	12695	11098	8543	7458	8439
rna-NM_023920.2	0	0	0	0	1	0
rna-NM_001110213.1	0	2	0	1	2	2
rna-NM_176890.2	0	0	0	0	0	0
rna-NM_176887.2	0	0	0	0	0	0
rna-NM_176884.2	0	1	0	0	0	0
rna-NM_001097643.1	0	1	0	0	0	0
rna-NM_007244.2	7	11	7	16	20	21
rna-NM_001291315.1	7	6	7	15	13	18
rna-NM_001316893.1	9	4	16	9	13	10
rna-NM_023922.1	1	1	2	1	2	1
rna-NM_176889.3	3	3	5	6	10	8
rna-NM_176888.2	1	1	0	2	1	2
rna-NM_176885.2	2	1	2	2	0	2
rna-NM_001271592.1	149	175	150	232	248	176
rna-NM_001987.4	1386	1116	1235	1607	1844	2028
rna-XM_011520895.3	5	5	8	6	3	5
rna-NM_018050.2	141	241	245	192	281	231
rna-NM_058169.5	108	118	116	150	110	191
rna-NM_002336.2	445	758	711	305	401	690
rna-NM_030640.2	571	613	536	635	891	1303
rna-NM_001310.3	1820	2807	2786	2143	1774	2885
rna-XM_011520623.3	81	36	27	66	78	26
rna-NM_004064.4	2804	3243	3185	2714	2780	2495
rna-NM_001130415.1	226	553	514	168	146	330
rna-NM_016355.3	1769	2377	1848	2027	2375	1740
novel.735.1	181	22	30	186	88	18
rna-NM_003979.3	1228	414	351	1169	1237	490
rna-XM_005253421.3	2	0	0	3	7	10
rna-NM_015987.4	1342	1137	924	1104	1102	522
rna-XM_011520858.1	0	0	0	3	0	2
rna-NM_020853.1	677	509	414	602	740	490
rna-XM_024448877.1	5283	2035	1372	4301	4312	2501
rna-NM_181352.1	2176	2631	2204	1961	2466	2222
rna-NM_024829.5	49	4	16	44	103	64
rna-NM_004963.3	0	0	0	0	0	0
rna-XM_024448858.1	56	40	30	46	45	26
rna-XM_011520896.2	6	2	0	0	21	0
rna-NM_175054.2	4	0	2	3	24	7
rna-NM_177925.3	597	63	181	814	1193	687
rna-NM_016312.2	3017	3204	2448	3003	3480	2845
rna-NM_001013698.2	3	3	4	4	0	0
rna-NM_021071.3	3	0	0	2	0	0
rna-NM_001190839.2	6	10	19	19	15	20
rna-NM_001175.6	65	32	27	102	54	24
rna-NM_032918.2	65	2	0	71	55	45
rna-NM_030667.2	124	13	28	181	263	242
rna-XM_011520605.3	2172	1170	949	1458	2032	1039
rna-NM_007178.3	4224	5932	4753	4938	5067	5646
rna-NM_015954.3	535	916	684	595	711	262
rna-NM_145792.2	1256	3338	3895	2023	1806	1834
rna-NM_001256470.1	610	48	147	469	1141	437
rna-XM_024449287.1	3	0	3	3	3	0
rna-NM_001114176.1	1027	1089	1037	971	1531	1082
rna-NM_000921.4	51	76	66	23	33	12
rna-NM_001145946.1	2	0	0	2	0	3
rna-NM_019844.3	153	505	458	260	0	546
rna-NM_006446.4	0	0	0	0	0	0
rna-XM_024449139.1	0	0	0	3	5	3
rna-NM_001329201.1	0	0	0	0	0	3
rna-NM_024854.4	212	241	204	168	420	98
rna-NM_032941.2	1205	835	758	810	2622	1219
rna-XM_024448999.1	1805	1288	1051	1652	2405	1364
rna-XM_024448960.1	0	3	2	3	3	0
rna-NM_030572.3	36	3	13	36	49	7
rna-XM_006719074.2	11600	15755	12843	12208	12147	10943
rna-NM_004982.3	133	21	37	192	80	126
rna-XM_005253287.5	0	0	0	1	2	0
rna-NM_018686.5	965	827	661	1098	1520	800
rna-NM_018638.4	871	378	556	621	1597	1095
rna-XM_017019888.1	352	814	1097	406	21	2306
rna-NM_003034.3	56	22	16	60	49	78
rna-XM_017020264.1	935	672	567	933	1518	940
rna-XM_017019768.2	2037	5487	4251	1965	1363	1461
rna-XM_017018966.1	0	0	0	0	0	0
rna-NM_001321724.2	0	0	0	1	0	0
rna-XM_017019302.1	2	0	0	0	2	0
rna-XM_011520723.1	10	13	6	8	4	7
rna-NM_001001660.2	182	423	383	236	173	235
rna-NM_033360.3	1561	2187	2090	1423	1837	1684
rna-NM_001145728.2	0	0	0	0	0	0
novel.756.1	54	73	2	58	96	77
novel.756.2	8	0	55	5	0	17
novel.756.3	20	25	23	38	56	67
rna-XM_024448819.1	2393	1863	1230	2821	5723	8341
rna-NM_030762.2	440	1546	972	401	333	329
rna-NM_005086.4	56	57	50	28	41	84
rna-XM_017019266.1	488	458	327	276	641	348
rna-XM_011520750.2	972	1463	1044	901	1407	811
rna-NM_015633.2	1248	578	633	1180	2004	1365
rna-XM_017019463.2	2299	2336	1768	2455	2340	2255
rna-NM_004264.4	923	1001	765	1010	1034	840
rna-XM_024448889.1	981	1585	1545	1000	905	1513
rna-XM_011520766.2	790	687	566	613	1059	580
rna-XM_011520634.2	19	14	9	24	14	12
rna-XM_017020056.2	2772	5430	4151	2543	2994	5344
rna-NM_001029874.2	22	28	23	30	32	75
rna-NM_021821.3	1396	1671	1342	1477	1829	1421
rna-NM_020782.1	853	891	721	1008	1465	1089
rna-NM_198965.1	205	347	151	267	24	485
novel.757.1	4	9	12	2	14	6
rna-NM_001352079.1	418	288	261	443	803	563
rna-XM_011520747.2	42	50	37	27	69	52
rna-XM_024449009.1	844	986	853	901	1402	805
rna-XM_024448968.1	2	0	0	0	0	4
rna-XM_005253499.4	244	874	851	407	33	880
rna-NM_006390.3	1438	2279	1678	1322	2085	1449
rna-NM_001002259.2	365	312	302	294	852	277
novel.736.1	0	3	0	7	5	5
novel.736.2	97	60	21	67	152	77
novel.736.3	63	94	45	174	188	75
rna-XM_011520679.2	0	0	0	0	2	2
novel.758.1	0	36	0	0	0	0
novel.758.2	65	4	23	141	103	45
novel.758.3	26	0	0	0	0	0
rna-XM_017018919.2	780	770	399	719	1008	357
rna-XM_011520803.2	1611	2958	2108	1854	2330	3305
rna-XM_005253326.2	997	1214	992	728	1013	986
novel.737.1	0	0	0	1	0	5
novel.759.2	0	0	0	0	0	0
novel.759.1	143	294	218	122	183	255
rna-NM_001135864.1	24	38	35	46	55	46
rna-NM_001113402.1	660	275	273	616	865	620
novel.760.1	11	0	4	27	180	31
rna-NM_001013699.2	1	3	3	2	3	2
rna-NM_018169.3	738	259	347	385	2572	463
rna-XM_005253304.4	697	149	131	337	748	204
rna-XM_011520812.3	1683	5994	4091	995	669	1483
rna-NM_001278464.1	1668	1999	1659	1659	2916	2222
rna-NM_001040436.2	583	498	361	762	852	540
rna-NM_032834.3	189	141	103	222	206	212
rna-NM_004572.3	995	1596	1289	848	571	1011
rna-NM_001013620.3	191	470	344	230	327	212
rna-NM_153634.2	232	16	52	337	1092	652
rna-XM_005269007.3	287	290	378	164	568	255
rna-NM_001031748.3	0	0	0	0	0	0
rna-XM_011538027.3	49	2	0	40	51	22
rna-NM_052885.3	386	210	199	265	671	385
rna-NM_198578.3	17	9	22	11	26	24
rna-NM_173600.2	1	0	2	1	0	2
rna-XM_011537926.3	20	111	96	20	0	22
rna-NM_173601.1	599	465	448	374	887	371
rna-XM_011537728.3	445	461	384	509	583	615
rna-NM_033114.3	833	1293	1152	1081	989	1344
rna-XM_017019434.1	900	1048	844	779	1148	882
rna-NM_153026.2	1254	4310	2654	691	350	861
rna-XM_011538754.2	12	1	5	0	12	6
rna-XM_024449217.1	443	524	374	213	687	182
rna-XM_017019390.2	378	447	410	419	662	554
rna-XM_017019341.2	7	13	16	8	2	8
rna-NM_001242397.1	3560	5695	5063	4056	5476	5570
rna-XM_011538831.3	158	418	418	118	46	281
rna-NM_001204803.1	4092	5647	5511	4507	9233	11342
rna-NM_152641.3	449	703	684	432	977	915
rna-XM_011538984.2	1665	1945	1604	1282	3543	1686
rna-NM_001278390.1	1334	1395	801	1689	2103	2736
novel.738.5	0	0	30	0	143	165
novel.738.1	41	26	18	96	17	19
novel.738.2	42	11	3	0	30	0
novel.738.3	195	47	45	156	17	26
novel.738.4	17	4	0	53	12	53
novel.761.1	13	2	4	32	20	6
rna-XM_005268997.2	97	8	4	67	143	29
rna-NM_181847.4	2239	909	629	2057	1658	4452
rna-NM_138371.2	81	131	96	49	26	74
rna-NM_024604.2	1169	1022	926	984	2035	1409
rna-NM_001172439.1	4	10	0	0	2	0
rna-NM_018976.4	47187	13109	16652	50796	92695	79886
rna-XM_011537752.2	276	42	96	262	246	111
rna-XM_017019614.2	1286	1908	1977	1989	1648	1607
rna-XM_011538478.1	2718	3705	3383	3186	2564	3459
rna-NM_001017536.1	1546	534	518	2016	2082	3530
rna-NM_001143842.1	4220	4594	3140	4787	3505	3856
rna-XM_017018828.1	18	0	0	16	31	5
rna-XM_017019229.2	1132	834	626	1165	1366	1093
rna-XM_005268976.3	2864	4993	4606	3004	1952	2891
rna-NM_001319297.1	542	871	778	713	745	970
rna-NM_001013635.3	161	301	298	201	220	257
rna-XM_011537897.2	315	273	242	414	546	527
rna-NM_017822.3	1092	697	719	1190	1683	914
rna-NM_001240.3	1472	1540	1247	1367	2053	1801
rna-NM_001351123.1	0	0	0	0	0	0
rna-NM_015270.4	1742	1617	1551	2210	2351	2812
rna-NM_000725.3	2516	2546	2776	3164	2907	3016
rna-NM_014470.3	103	39	28	117	180	130
rna-NM_004818.2	4171	4579	3825	4643	5573	4816
rna-NM_033124.4	17	9	8	6	23	18
rna-NM_016594.2	1005	376	447	902	878	274
rna-XM_005268856.1	9751	13624	11443	12545	11215	10020
rna-NM_003394.3	126	138	80	97	58	45
rna-NM_005430.3	1	0	4	10	0	4
rna-NM_015086.1	176	21	30	211	103	128
rna-NM_144593.2	454	111	127	447	483	178
rna-NM_021044.3	38	15	6	22	14	13
rna-XM_005269019.4	2196	2439	2111	2850	2449	2238
rna-XM_011538770.2	1918	2179	1868	1568	2837	2191
rna-XM_024449047.1	419	217	284	325	416	195
rna-XM_005269025.2	31	101	94	41	7	3
rna-XM_006719181.2	1230	518	250	1017	743	215
rna-NM_001008223.1	841	289	339	880	466	317
rna-NM_001304944.1	341	699	477	371	191	170
rna-NM_001293285.1	1590	1614	1238	1239	1705	920
rna-XM_011538085.2	434	310	419	543	213	491
rna-XM_011537760.3	1143	1760	1308	1870	1925	1423
rna-XM_006719625.2	5	9	0	27	16	11
rna-NM_006082.2	30156	85958	51120	30571	24235	14552
rna-NM_006009.3	8557	78714	61858	9365	4531	10885
rna-NM_001303114.1	9941	25417	14461	10628	9865	5853
rna-XM_011538135.3	243	347	327	275	279	199
rna-XM_011538968.2	1730	1279	1288	1823	2014	1358
rna-XM_006719525.2	2436	1656	1674	2543	2656	2539
rna-NM_181708.2	264	304	337	324	219	374
rna-NM_012306.3	77	420	474	224	13	253
novel.739.1	3	39	38	25	0	5
rna-NM_000486.5	12	19	36	15	2	17
rna-NM_001651.3	21	34	39	18	0	25
rna-XM_005269126.4	25513	31834	28560	34300	30875	43794
rna-XM_024448958.1	2810	2504	1476	2204	2752	1850
rna-NM_020039.3	1370	5214	6747	1961	740	2214
rna-NM_003076.4	2753	3461	2816	3628	3569	3564
rna-NM_005276.3	10	9	5	10	8	0
rna-NM_001257134.1	819	842	770	1212	945	949
rna-XM_005269220.2	1219	2032	1459	1295	1055	1053
rna-NM_001113546.1	2203	1644	1411	1544	1764	1393
rna-XM_011537829.3	1408	932	600	1059	2110	1696
rna-NM_173602.2	1728	2475	2795	1506	1992	2689
rna-XM_017019331.1	1334	908	696	1476	1824	1809
rna-NM_014033.3	346	1840	2284	876	138	1251
rna-XM_017019783.2	0	4	10	5	6	5
rna-XM_005268911.3	1877	1588	1463	1697	2048	1977
rna-XM_017019151.1	421	449	454	452	410	420
rna-NM_030809.2	1915	1123	1049	2137	2737	3337
rna-NM_005653.4	772	984	701	886	1037	650
rna-XM_005268607.1	727	120	109	590	521	249
rna-XM_011539010.1	266	794	729	299	86	1113
rna-XM_017019510.2	286	457	432	394	299	442
rna-NM_001136266.1	4717	7269	6850	6667	6256	7672
rna-NM_001031628.1	442	356	321	626	573	644
rna-XM_005269235.2	45	7	10	49	25	6
rna-XM_006719556.4	321	47	68	202	340	89
rna-XM_017019298.1	21	20	54	25	6	22
rna-NM_020328.3	1143	1078	998	1137	1282	909
rna-NM_181711.3	119	41	33	119	101	19
rna-XM_005268822.3	629	594	561	750	791	844
rna-XM_024449120.1	2138	1448	1451	3079	2501	2481
rna-NM_001242696.1	0	0	2	0	0	0
rna-XM_005268676.3	4334	12180	6712	3851	1521	766
rna-NM_002283.3	2	0	0	2	5	0
rna-NM_004693.2	6	10	2	0	0	0
rna-NM_005555.3	3	7	4	0	6	0
rna-NM_173086.4	0	3	1	0	0	0
rna-NM_005554.3	10	23	16	12	0	2
rna-NM_000424.3	6	13	9	8	0	0
rna-NM_175834.2	9	0	0	4	0	0
rna-NM_173352.3	6	7	0	3	0	2
rna-NM_005556.3	4928	960	1338	5850	5553	1513
novel.762.1	36	11	9	50	36	14
rna-XM_005268866.4	264	77	94	360	262	58
rna-NM_002281.3	917	140	166	1330	779	143
rna-NM_002282.3	9	3	4	5	3	0
rna-NM_001256282.1	5430	1349	2614	9200	8946	8414
rna-NM_199187.1	14126	7041	6656	14817	11954	7806
rna-NM_001300821.2	15499	19911	19671	15817	13857	16301
novel.763.1	15	21	31	21	12	7
rna-XM_006719302.3	481	992	1000	482	320	326
rna-NM_032840.2	785	1222	1102	886	714	471
rna-NM_002178.2	1254	429	630	2439	2351	1893
rna-NM_003578.3	2	0	1	0	0	0
rna-XM_024449011.1	68	78	60	70	121	62
rna-XM_011538194.2	1593	1133	1110	1616	2180	2049
rna-NM_000889.2	9	0	0	0	7	4
rna-XM_024449112.1	2302	540	724	2588	2383	1445
rna-XM_005269197.1	1404	830	851	1929	1748	1694
rna-XM_006719705.3	1278	778	354	1059	1087	303
rna-NM_002624.3	3832	3747	4066	4621	3715	4044
rna-NM_021640.3	1323	1511	1426	1888	1509	1545
rna-XM_011538778.2	838	1489	1101	1201	967	824
rna-NM_001173467.2	2	0	4	4	0	0
rna-NM_138473.2	3564	3408	3074	3158	3728	3203
rna-XM_011538173.1	6	0	0	0	4	0
rna-NM_018457.3	2100	1764	1534	2233	2690	1467
rna-NM_005016.5	14880	15322	13270	18694	17830	18249
rna-XM_011538725.3	807	542	594	890	1124	749
rna-NM_134323.1	615	461	429	843	835	719
rna-NM_001320296.1	11	9	13	5	30	4
rna-XM_005268587.3	1535	1710	1485	1703	2219	1764
rna-XM_017019460.1	2950	5332	4471	3327	2084	2123
rna-XM_011538602.1	1285	1336	1569	1478	1760	1737
novel.764.1	5	12	21	10	6	30
rna-NM_017410.2	266	434	464	359	219	916
rna-NM_173860.2	3	0	0	0	0	0
rna-NM_014212.3	8	0	0	5	4	0
rna-NM_017409.3	610	2176	2165	985	310	2558
rna-XM_017020293.1	0	0	4	0	4	0
rna-NM_006897.2	98	90	122	169	192	220
rna-NM_022658.3	44	18	25	73	92	57
rna-NM_014620.5	96	252	211	100	58	138
rna-NM_004503.3	98	144	141	189	99	142
rna-NM_018953.3	24	68	60	30	15	41
novel.765.1	1	7	0	0	0	0
novel.740.1	149	313	321	109	25	203
rna-NM_001243788.1	620	876	861	955	918	1016
rna-NM_012117.2	2134	4916	4278	2428	3251	2849
rna-NM_001136023.2	63	16	20	31	23	7
rna-NM_001271736.1	3517	5675	4764	4692	3776	3192
rna-NM_031157.3	24032	33695	24063	19879	19051	11097
rna-XM_011538168.2	1747	1732	2130	2546	1846	2115
rna-NM_144594.2	0	0	0	0	2	0
rna-NM_005337.4	0	0	0	5	0	0
rna-XM_011538456.1	2	0	3	7	3	2
novel.767.2	925	352	466	1027	807	650
novel.767.1	416	485	354	488	888	771
rna-NM_002205.4	12669	12057	9181	13804	10916	14480
rna-NM_152637.2	167	958	512	276	10	478
rna-XM_005268839.2	3078	6555	6033	3207	606	3874
rna-NM_001487.3	586	1020	930	858	534	662
rna-NM_001199771.1	63	133	105	76	41	80
rna-NM_001257389.1	14797	21247	19144	19605	13829	18373
rna-XM_006719194.3	354	787	799	552	293	499
rna-NM_033082.3	1554	1608	1463	1818	1753	1391
rna-NM_014182.4	1133	847	905	1221	1329	766
rna-NM_032364.5	2421	2636	2236	3037	2830	3083
novel.768.1	32	48	52	43	34	50
rna-NM_002429.5	186	210	251	260	199	187
rna-NM_032345.2	323	449	387	517	460	444
rna-XM_017018900.1	938	531	521	766	660	448
rna-NM_001200054.1	276	63	42	318	246	111
rna-XM_011537732.2	4053	2821	1833	3618	3747	1592
rna-NM_001252036.1	3202	3542	3206	4779	5467	4340
rna-XM_017019905.2	1720	1402	1364	1390	1536	1319
rna-XM_017019806.1	211	217	194	285	204	199
rna-NM_001029.4	3611	4602	3477	4849	3889	3490
rna-NM_001982.3	844	204	301	730	710	375
rna-NM_006191.2	5530	8737	4896	6051	5871	3358
rna-NM_001303124.1	196	384	306	226	165	218
rna-NM_001035267.1	15751	23440	23247	21899	13972	19063
rna-NM_194359.2	1774	2660	1981	2517	1708	2098
rna-XM_005269146.3	1406	1639	1306	2169	1602	1731
rna-XM_011538200.2	2	6	0	0	4	0
rna-NM_173595.3	2104	2771	1895	2127	2893	1819
rna-NM_144576.3	434	235	227	591	564	452
rna-XM_017020294.2	0	0	0	0	0	0
rna-NM_001184796.1	5549	4056	3937	6101	8362	5340
rna-NM_001199629.1	2418	3019	3018	3313	2071	3698
rna-NM_021019.4	22579	21514	20735	28862	27044	23015
rna-NM_001330288.1	3762	3883	3597	3740	4305	3011
rna-NM_004077.2	5974	9870	7361	7073	6924	4970
rna-NM_014255.6	2646	2379	2522	3327	3229	3232
rna-NM_001127460.2	120	418	287	203	231	150
rna-XM_011538477.2	32	21	15	35	31	12
rna-XM_011538697.2	4383	2935	2819	4261	6556	2286
rna-NM_207344.3	405	334	285	526	696	333
rna-NM_013267.3	85	27	40	123	149	56
rna-NM_003920.4	1869	1865	1005	1965	2549	1360
rna-XM_006719541.4	1794	2017	2018	1659	1890	1479
rna-XM_011537801.2	4586	3609	3200	4449	6251	7404
rna-NM_001686.3	21386	30273	24044	26161	22011	24354
rna-XM_017018716.1	2874	4486	2904	3033	3034	2680
rna-NM_000946.2	806	657	397	983	964	356
rna-XM_011538926.1	89	58	48	153	157	231
rna-NM_003708.4	6	12	7	6	5	29
rna-XM_006719412.1	10414	12898	12245	13038	10394	11651
rna-NM_014830.2	278	299	228	350	359	292
rna-NM_013251.3	11	4	0	15	10	4
rna-XM_011538056.2	1988	1395	931	1363	2100	719
rna-NM_005967.3	1726	1285	1065	1613	1656	1169
rna-XM_011538703.3	1213	199	393	1447	2440	985
rna-NM_007224.3	635	1107	980	940	515	558
rna-XM_017019303.1	8984	6905	7251	7508	5401	6774
rna-NM_005412.5	7641	8393	6870	11257	6336	6306
rna-NM_020142.3	96	245	166	112	51	130
rna-NM_145064.2	18	10	28	26	24	28
rna-XM_011538042.2	847	1452	1318	1033	1037	1162
rna-NM_005538.3	3	0	5	0	8	3
rna-NM_004984.3	115	136	111	116	76	56
rna-NM_031479.4	494	90	90	1001	353	157
rna-NM_005269.2	150	60	103	98	115	46
rna-NM_001319850.1	43	0	5	37	63	20
rna-NM_004990.3	4577	3806	2871	6774	7431	4357
rna-NM_001195055.1	1295	813	765	1800	1835	841
rna-XM_006719217.1	973	975	992	1511	1213	1427
rna-NM_001348065.1	4337	3916	3839	6046	5986	5384
rna-NM_024779.4	2872	1763	1613	3498	3993	4173
rna-XM_005268697.1	638	725	681	755	610	424
rna-NM_001111270.2	591	721	794	822	678	649
rna-NM_133489.2	1	1	3	3	6	3
rna-XM_017019140.2	2130	1211	1223	2711	2246	2146
rna-XM_005268581.2	11707	11467	12527	12764	10263	12055
rna-XM_017018772.2	1039	1123	1464	1325	931	1176
rna-NM_005981.4	758	1351	1356	1290	865	1430
rna-NM_000075.3	7075	7164	6058	8386	6646	5470
rna-NM_138396.5	1135	1107	1266	1677	1267	2370
rna-NM_000785.3	81	28	32	85	180	118
rna-NM_005371.5	455	392	211	609	623	241
rna-NM_015433.2	342	601	466	366	437	398
rna-NM_001172696.1	1151	1054	795	1396	1380	865
rna-XM_017018710.2	20	22	26	13	24	28
rna-XM_005268556.2	8434	14904	15835	8382	5523	7169
novel.769.1	110	271	190	193	86	114
rna-NM_033276.3	75	114	82	79	36	47
rna-NM_153377.4	1027	1801	1448	852	661	513
rna-XM_011538989.2	267	96	130	285	1003	782
rna-XM_024448962.1	3	8	4	5	8	9
rna-NM_001252078.1	1288	913	871	1040	2042	1430
rna-XM_017019041.1	906	857	654	673	1303	756
rna-NM_000706.4	15	0	2	2	6	6
rna-NM_020700.1	459	171	247	305	319	265
rna-NM_173812.4	83	87	58	44	131	67
rna-NM_014254.2	506	360	258	433	550	324
rna-NM_020762.3	416	115	154	366	567	151
rna-NM_001300940.1	88	94	57	110	170	141
rna-NM_007235.5	3924	5135	4028	5242	5294	5001
rna-NM_013254.3	1378	1041	1040	1291	2568	1927
rna-NM_178169.3	1463	1036	1013	1089	1443	1238
rna-NM_014319.4	1068	1015	955	1039	1478	1239
rna-NM_002076.3	11382	10027	9760	12954	11358	14534
rna-XM_024448901.1	9	46	48	8	4	21
rna-NM_198080.3	719	475	487	733	1001	710
rna-NM_001300919.1	226	32	81	280	426	163
rna-NM_001292023.1	24	4	5	30	33	24
rna-NM_007199.2	47	0	10	26	103	36
rna-NM_032338.3	851	863	611	849	969	758
novel.741.1	91	58	63	186	138	121
rna-NM_001282606.1	627	808	816	864	1039	718
rna-NM_033647.4	54	47	33	43	86	58
rna-XM_017019098.1	57	63	66	55	146	88
rna-NM_018448.4	4807	4594	3746	4472	6398	6236
rna-NM_006482.2	1043	789	661	807	992	767
rna-NM_001354969.1	340	263	267	298	351	194
rna-NM_015646.5	3581	3256	2742	3508	4669	3454
rna-NM_020401.3	1302	1397	994	1229	1755	671
rna-NM_018656.3	591	397	283	634	767	543
rna-NM_002392.5	2906	1839	1728	1490	4418	1104
rna-NM_001874.4	198	12	18	106	53	2
rna-XM_005268588.3	2646	2889	2430	2809	3180	3075
rna-NM_000239.2	4	12	8	5	6	40
rna-NM_006530.3	753	579	421	747	1101	505
rna-NM_001042555.2	1369	974	876	990	1895	1713
rna-XM_024448853.1	18	0	13	21	28	4
rna-XM_006719226.3	606	571	543	693	913	994
rna-NM_182530.2	6	4	0	3	12	21
novel.742.1	19	19	26	26	24	18
rna-NM_006431.2	7089	7748	5380	7975	8217	6925
rna-NM_014515.5	1539	1819	1592	1541	2389	1911
rna-NM_014505.5	155	262	251	171	112	205
rna-XM_006719528.1	1025	3197	2226	239	39	522
rna-NM_003667.3	179	115	106	80	165	78
rna-NM_002849.3	379	1161	613	181	9	293
rna-NM_144982.4	384	379	422	257	909	366
rna-NM_031435.3	226	283	321	226	374	394
rna-NM_018279.3	813	773	721	889	1017	1083
rna-NM_014999.3	1626	1941	1856	1888	2201	2039
rna-XM_006719564.2	2091	1172	1229	1777	2368	1941
rna-NM_013381.2	2	0	0	3	2	0
rna-NM_001136262.1	2270	3078	2630	2906	2816	2321
rna-NM_139137.3	0	0	0	0	3	0
rna-XM_006719648.2	21	20	34	21	46	30
rna-XM_011538134.3	5	15	11	6	11	10
rna-NM_001270396.1	0	5	5	4	3	14
novel.744.2	93	518	275	70	0	96
novel.744.1	26	178	88	39	0	20
rna-NM_006851.2	1804	2409	2321	2057	1114	4310
rna-NM_007043.6	737	1014	767	580	1055	820
rna-NM_007350.3	8845	23757	18638	9486	7536	12873
rna-NM_024685.3	405	784	783	578	411	609
rna-NM_001330231.1	9096	15894	14208	10504	8098	11300
rna-XM_017018768.2	2109	2548	2620	1595	2973	2591
rna-NM_015336.3	435	586	602	394	741	679
rna-NM_001300965.1	1266	3544	2418	1232	810	784
rna-NM_203394.2	1670	712	503	1397	2325	1212
rna-NM_001024383.1	109	30	19	28	133	32
rna-NM_001135805.1	184	98	131	187	100	247
novel.770.1	1	2	4	5	0	19
rna-NM_002583.3	1915	1470	1210	1797	2655	2136
rna-XM_011538374.2	1179	989	962	866	2076	1475
rna-XM_005268802.3	0	3	7	0	0	0
rna-XM_017019273.1	3	0	0	0	11	0
rna-NM_004664.3	75	84	80	56	91	33
rna-XM_011539062.3	1	0	0	0	0	0
rna-NM_024560.3	100	274	269	89	23	105
rna-XM_017020079.1	39	128	124	17	4	96
rna-NM_014167.4	535	793	515	572	597	543
rna-NM_032230.2	107	39	54	108	165	168
rna-NM_152588.2	181	381	290	237	392	508
rna-NM_182767.5	896	66	73	744	844	351
rna-NM_001100917.1	0	2	0	3	4	6
rna-XM_011538817.2	7	0	7	4	17	0
rna-NM_006982.2	35	11	8	37	52	5
rna-NM_005447.3	5	11	18	3	0	28
rna-NM_006183.4	16	0	0	10	6	8
rna-NM_001009894.2	689	562	418	699	1049	673
rna-XM_011538756.3	37	46	43	34	330	11
rna-NM_181783.3	714	701	806	448	1331	795
novel.771.1	6	97	101	8	2	9
rna-NM_000899.4	640	1200	1629	548	689	827
rna-NM_001946.3	2233	1932	713	2423	3233	2994
rna-NM_172240.2	813	886	681	752	1037	1201
rna-NM_003774.4	222	209	133	190	123	176
rna-NM_001199781.1	51	35	88	163	368	147
rna-XM_024448989.1	3518	1599	1627	2360	4515	3034
novel.745.1	10	0	0	0	2	4
novel.745.2	2	0	0	0	10	1
rna-NM_004950.4	4	0	0	0	0	0
rna-NM_002345.3	15	0	6	11	16	23
rna-NM_001920.4	73	7	12	125	62	69
rna-NM_001731.2	5364	8209	8038	6036	4048	7847
rna-XM_011538814.2	360	186	365	177	744	136
rna-NM_199040.3	1979	1598	1417	1813	2060	1693
rna-NM_003348.3	2651	3989	2628	2670	3212	2347
rna-NM_172177.3	1989	2401	1899	1974	2154	2025
rna-XM_017020147.1	375	336	437	739	1027	1097
rna-NM_003805.4	183	313	296	200	143	198
rna-NM_005761.2	284	99	70	96	134	42
rna-XM_024449002.1	90	97	87	105	247	67
rna-NM_020698.3	360	344	244	296	286	236
rna-XM_011539068.3	4	0	0	6	10	6
rna-NM_018838.4	1226	1120	919	1447	1115	927
rna-NM_003297.3	422	303	290	369	719	319
rna-NM_018351.3	597	109	209	620	1995	1815
rna-NM_001352088.1	1427	1352	1162	1297	2251	1878
rna-NM_006838.3	2561	2759	2327	2628	3124	2575
rna-XM_011538803.1	81	9	7	35	53	19
rna-NM_021229.3	1528	805	850	1292	1018	1765
rna-NM_003095.2	866	1138	759	979	881	550
rna-NM_182496.2	0	0	0	0	0	0
rna-NM_152435.2	28	28	22	34	15	24
rna-NM_002108.3	4	0	2	0	6	2
rna-NM_000895.2	2507	3106	2963	2667	2435	2652
rna-NM_005230.3	5415	3325	3129	5073	6882	7387
rna-NM_002595.4	1319	1024	892	1219	1709	1540
rna-XM_011539069.3	14	23	19	16	7	9
rna-XM_005268644.2	1043	1095	786	867	1403	804
rna-NM_003276.2	2662	2055	1170	2694	3235	1539
rna-NM_005888.3	8931	12472	10975	10710	9569	9429
rna-NM_153687.3	1670	1133	1013	1279	1890	1358
rna-NM_181861.1	793	820	583	569	1366	623
rna-NM_015054.1	628	782	645	471	967	684
rna-NM_022496.4	713	991	779	540	725	329
rna-NM_153364.3	0	0	0	0	0	0
rna-NM_001352186.1	14	4	0	15	14	6
rna-XM_017018779.2	24	26	15	23	32	11
rna-NM_001330254.1	1429	1351	1396	1247	1788	2016
rna-NM_174942.2	451	268	190	307	643	397
rna-NM_145913.4	2	1	0	0	0	0
rna-NM_014503.2	736	800	390	525	1444	478
rna-NM_001177.5	1683	2287	2028	2187	2254	2593
rna-XM_006719405.4	0	12	16	0	0	0
rna-NM_020244.2	1316	3039	2776	1718	1548	1428
rna-XM_005268922.5	12	25	23	10	11	16
rna-NM_024312.4	1610	1182	1045	1282	1967	2588
rna-NM_018370.2	4763	1267	1314	4462	6121	4961
rna-NM_016053.3	422	460	453	515	575	543
rna-NM_002674.3	0	0	2	0	3	2
rna-NM_024057.3	523	768	496	680	662	286
rna-NM_001319988.1	539	338	206	465	636	281
rna-XM_017019259.1	4	8	15	0	2	6
rna-NM_001031701.2	216	1283	882	168	177	71
rna-NM_017564.9	0	5	4	4	0	0
rna-NM_013320.2	482	559	501	427	585	758
rna-XM_005268908.4	560	754	704	429	474	290
rna-NM_003299.2	30541	23424	21772	22248	15675	25238
rna-XM_011538718.3	153	222	157	152	128	123
rna-NM_003211.4	452	734	484	435	689	502
rna-NM_001316967.1	83	65	47	83	34	21
rna-NM_001093771.2	10596	8190	8683	6503	7676	3731
rna-NM_001008394.2	3	0	3	5	7	7
rna-XM_017020013.1	261	133	128	252	453	256
rna-XM_017019369.1	768	1265	911	708	542	958
rna-NM_152318.2	122	145	138	148	154	88
rna-NM_001034173.3	117	43	74	143	317	72
rna-NM_001293640.1	1583	1211	1176	1164	3453	1291
rna-NM_001251904.1	741	937	879	638	715	859
rna-NM_001145199.1	2236	1056	901	1930	1667	1031
rna-NM_014840.2	1525	5977	4556	1553	373	2554
rna-NM_006825.3	5621	5631	4776	7224	5627	7099
rna-XM_017019131.1	158	105	132	196	237	312
rna-NM_018082.5	402	313	140	457	523	438
rna-NM_001206691.1	1	3	6	5	0	3
rna-NM_001330145.1	631	493	488	652	935	771
rna-NM_001319664.1	2609	2050	1997	2100	2933	1927
rna-XM_017019985.2	276	221	217	275	282	189
rna-XM_024448844.1	747	329	275	692	1312	974
rna-NM_001018072.1	34	61	47	23	10	16
rna-NM_007062.2	1566	1522	1176	1661	1880	1258
rna-XM_005268593.1	1321	1061	859	1371	1923	1703
rna-NM_001142344.1	9	6	3	7	9	3
rna-NM_007076.2	105	113	82	150	76	99
rna-XM_005269241.5	2298	2602	1936	2489	2961	2726
rna-NM_213595.3	1220	1228	1243	1619	1539	1697
rna-NM_181724.2	7	0	0	7	10	11
rna-NM_001206609.1	70	40	49	64	33	205
rna-NM_018711.4	3	0	0	0	0	0
rna-XM_017020048.1	531	577	546	526	458	520
rna-NM_001145375.1	489	485	349	627	468	339
rna-XM_017019121.2	8242	9115	7581	8420	7689	13604
rna-XM_011538497.1	5519	2462	2138	4257	5732	4315
rna-NM_080911.2	2604	1826	1287	2733	2892	1399
rna-XM_011538259.2	206	222	174	187	168	151
rna-XM_011537922.2	5	0	4	2	0	3
rna-XM_011538223.2	0	0	0	0	0	0
rna-NM_001317395.1	1838	1517	1082	1896	2226	1716
rna-XM_005253987.2	1034	1315	1161	1256	1576	1465
rna-XM_024448961.1	394	543	336	486	415	222
rna-NM_032829.2	424	193	238	590	436	668
rna-NM_000431.3	1173	643	533	1395	1500	600
rna-XM_011538630.2	6	0	0	13	7	4
rna-NM_016433.3	988	1724	1662	1245	1261	1345
rna-XM_011538837.2	237	469	330	297	367	176
rna-NM_057169.4	1310	1218	1079	1293	1691	1400
rna-XM_005253980.3	2023	2351	2005	2134	2423	2924
rna-XM_017019297.1	137	299	231	160	184	140
rna-NM_014055.3	328	417	402	223	456	265
rna-NM_016238.2	1839	1593	1228	2029	2667	1606
rna-NM_170665.3	9589	8543	6369	10741	10777	10576
rna-NM_139283.1	1006	1343	1023	980	1071	1775
rna-NM_001278556.1	4687	5560	5075	5340	5728	5299
rna-NM_001164372.1	795	994	718	716	818	571
rna-NM_013300.2	325	628	306	268	321	211
rna-NM_001282150.1	1275	2260	1785	1435	1390	1092
rna-NM_152442.3	13	13	5	11	32	49
rna-NM_001082538.2	246	444	453	294	142	263
rna-XM_017020026.2	49	4	6	42	22	8
rna-XM_011538504.3	2660	3413	2732	2294	2637	2407
rna-NM_000432.3	4	6	0	0	0	0
novel.746.1	13	16	11	9	0	11
rna-NM_001177996.1	636	404	393	712	709	729
rna-XM_011538061.3	13	32	30	10	0	22
rna-XM_011537720.3	5588	2093	1789	4700	4705	2344
rna-NM_002973.3	1204	1317	930	1184	1493	1063
rna-XM_005253944.4	1067	970	800	1105	1291	1088
rna-NM_001136538.1	406	805	871	538	491	563
rna-NM_000690.3	448	49	89	455	539	463
novel.772.5	93	182	125	146	87	103
novel.772.4	69	109	119	74	127	66
novel.772.3	10	5	5	19	22	7
novel.772.1	16	22	16	32	38	14
novel.772.2	9	0	18	30	0	22
rna-NM_139078.2	645	716	549	614	803	557
rna-XM_024449257.1	112	124	73	241	176	198
rna-NM_006817.3	6116	5048	4634	7411	5825	5123
rna-NM_024953.3	849	1265	852	756	1228	824
rna-NM_001143906.1	1554	1114	1027	1340	1713	1009
rna-NM_001109662.3	1528	1845	1258	1393	2007	2454
rna-NM_001347952.1	6	4	0	11	2	2
rna-NM_001320141.1	17403	26866	25224	22640	15272	21797
rna-NM_001330437.1	3583	5065	5210	3509	5407	5357
rna-NM_001032409.2	14495	4826	3641	13780	14295	5345
rna-XM_005253889.4	23987	13484	9877	25351	31012	20551
rna-NM_016817.2	8353	2341	1970	7488	10367	2480
rna-XM_011538009.2	49	82	72	75	0	109
rna-XM_005253950.4	137	34	27	114	53	10
rna-XM_011538327.2	7	0	7	0	0	0
rna-NM_001111322.1	2600	3120	2893	2917	2614	2189
rna-NM_001286215.1	2273	1376	1153	2719	1964	1637
rna-XM_005253833.4	421	82	92	245	205	58
rna-XM_011538490.2	1078	792	842	1340	1374	762
rna-NM_024959.3	1343	447	575	1316	1288	851
rna-NM_173542.3	2089	1434	1556	2243	2201	2313
rna-NM_006843.2	6	3	0	0	4	0
rna-XM_017018763.1	118	157	144	144	127	85
rna-NM_001146699.1	961	678	602	1216	1655	1157
rna-NM_016569.3	788	442	525	601	540	550
rna-XM_011538080.2	2138	2125	1981	1697	2493	2574
rna-NM_001085481.2	10	9	6	20	33	30
rna-XM_024449189.1	1548	1740	1766	1916	1909	2827
rna-NM_001109903.1	112	135	132	142	126	106
rna-NM_003806.3	27	31	35	18	33	12
rna-XM_017019176.1	575	921	797	737	626	523
rna-XM_017019532.1	72	6	24	158	236	302
rna-NM_033624.2	1792	2919	2626	1677	2006	1950
rna-XM_011538224.3	21	18	18	39	34	25
rna-NM_007370.6	1512	1459	750	1413	1482	611
rna-NM_001278557.1	1701	2550	2162	2296	3006	5257
rna-NM_019086.5	406	196	237	586	1181	1648
rna-XM_011538671.2	1398	1448	1323	1432	2005	1896
rna-NM_014365.2	250	978	1086	613	23	1671
rna-XM_005253880.3	4	0	0	0	0	0
rna-NM_002567.3	4773	7982	7402	7269	7714	13796
rna-NM_001346487.1	692	477	515	634	781	801
rna-XM_005253909.1	931	667	586	1280	1438	1112
rna-XM_011537783.1	666	578	215	498	562	127
rna-XM_006719694.3	116	23	25	173	235	136
rna-XM_024448801.1	2135	1862	1242	2517	2438	2170
rna-NM_006836.1	5370	7377	5654	5840	7073	5369
rna-XM_006719308.3	113	62	86	164	123	150
rna-NM_000928.2	7	0	2	3	5	8
rna-XM_011538361.3	86	360	335	137	16	107
rna-NM_004373.3	5921	6108	6435	7377	4930	6595
rna-NM_001002.3	41018	71369	68561	52483	31587	45723
rna-XM_017019726.2	5720	7686	6788	6922	5378	5499
rna-NM_016399.2	848	849	588	911	765	582
rna-NM_176818.2	2125	2639	2301	2968	3309	3094
rna-NM_003769.2	4226	6950	5637	4974	4334	4424
rna-NM_001037494.1	3413	5711	4629	4005	3833	3260
rna-NM_032314.3	408	1151	836	691	510	612
rna-NM_001330474.1	3804	6101	5136	5008	4478	6033
rna-XM_011538441.1	404	491	379	464	299	273
rna-XM_017020235.1	4	0	3	3	9	0
rna-NM_014730.3	6306	13344	10139	8047	5675	8594
rna-NM_001080533.2	936	2064	2069	1482	1216	2928
rna-NM_000017.3	453	648	614	475	410	260
rna-NM_139015.4	3082	1926	2022	3508	3591	4186
rna-XM_024449168.1	66	67	51	75	68	49
rna-NM_001286191.1	703	777	609	867	840	616
rna-NM_003733.3	1045	282	276	822	1172	506
rna-NM_002562.5	16	14	17	23	4	8
rna-NM_001256796.1	1095	533	609	1444	1126	497
rna-XM_017018695.1	1228	1322	1021	1130	1787	870
rna-NM_016237.4	2977	3670	2786	3208	3518	2719
rna-XM_024449190.1	1129	725	591	1055	1264	885
rna-XM_011538867.3	854	1498	860	654	864	646
rna-NM_032790.3	686	513	486	931	913	669
rna-XM_011538213.2	8	15	40	10	11	4
novel.774.1	0	29	25	24	22	33
novel.774.2	61	31	83	20	61	46
rna-NM_001080825.2	1830	1215	1265	2159	2468	1476
rna-NM_019034.2	556	30	91	744	1135	748
rna-XM_006719296.3	934	703	737	936	1242	639
rna-NM_002150.2	26	158	177	55	8	28
rna-NM_002813.6	1558	1319	1076	1717	1382	1034
rna-NM_144668.5	1831	156	181	1130	800	221
rna-NM_020993.4	500	450	313	448	425	196
rna-XM_006719290.4	1375	1196	1196	1144	1507	708
rna-NM_001014336.1	2	0	0	0	0	0
rna-XM_017019124.1	2	0	1	4	2	3
rna-NM_030765.3	160	26	47	305	175	197
rna-NM_019887.5	1503	1739	1507	1783	1364	1514
rna-NM_022916.5	1173	931	833	1513	1832	1608
rna-XM_005253593.3	1222	1261	1107	908	1896	1074
rna-NM_017612.4	745	583	542	670	1149	482
rna-XM_005253601.2	1464	1882	1685	1623	2290	2163
rna-NM_177551.3	27	4	1	14	2	1
rna-NM_006018.2	31	4	5	13	13	5
novel.747.1	15	5	17	35	73	11
rna-NM_032554.3	58	9	28	62	134	46
rna-NM_014708.5	635	890	381	369	839	218
rna-NM_003677.4	2345	3189	2397	2723	3084	2447
rna-NM_201435.4	2	5	0	2	9	8
rna-NM_003959.2	1387	1456	1593	1163	934	641
rna-XM_011538743.2	1789	3361	3344	2079	1525	3294
rna-XM_024449098.1	326	250	271	466	774	665
rna-XM_011538095.2	520	639	656	559	508	353
rna-NM_001304833.1	437	401	426	566	477	438
rna-NM_018694.3	3637	4486	3996	4195	3201	2981
rna-XM_017018673.1	269	417	305	249	616	214
rna-NM_152269.4	751	653	590	894	1023	637
rna-NM_004642.3	5441	12724	12670	8013	5432	16648
rna-NM_001167856.2	1027	1222	1249	815	1796	1683
rna-XM_024449293.1	6	7	7	4	3	4
rna-NM_020382.4	897	1015	755	939	1060	848
rna-NM_145058.2	838	611	652	1077	1067	1261
rna-XM_017018724.2	273	506	364	338	279	348
rna-XM_006719372.2	498	570	442	431	361	251
rna-NM_001321445.1	6994	9112	7613	8927	7831	8839
rna-XM_017019710.1	895	590	431	769	1072	643
rna-NM_001414.3	967	1533	1168	1112	1051	877
rna-NM_001516.4	941	2078	1534	1008	1138	1048
rna-NM_024809.4	342	322	335	370	498	329
rna-NM_012463.3	669	867	617	783	860	780
rna-XM_005253555.3	6	12	18	7	5	10
rna-NM_001304957.1	337	497	587	461	303	670
rna-NM_001204299.2	77	17	27	74	17	18
rna-NM_152437.2	3462	5720	5298	3737	3595	5896
rna-NM_181709.4	7	0	0	0	0	0
rna-XM_011539088.1	3	2	0	0	0	0
rna-NM_006312.5	7180	15170	13538	6155	4458	5536
rna-NM_005505.4	2211	6012	4828	2298	1318	1630
rna-XM_005253590.3	1470	1354	1044	1648	2060	1459
rna-NM_080626.5	195	335	164	194	212	106
rna-NM_023928.4	1699	2418	2074	1896	1640	1340
rna-XM_011537852.2	0	2	0	0	3	8
novel.775.1	23	0	10	17	105	22
novel.776.1	13	0	4	7	4	2
novel.777.1	152	11	11	80	36	4
novel.777.2	39	5	15	32	20	8
rna-XM_017018791.1	1055	917	627	1022	1058	732
rna-NM_133448.2	111	18	19	76	70	10
rna-NM_007197.3	2	0	3	0	2	0
rna-XM_011538103.3	4	25	23	10	2	3
rna-XM_017018979.2	957	820	717	742	1367	801
rna-NM_021009.6	48183	59357	46592	49808	55067	45691
rna-XM_017019772.1	10597	14179	8638	12103	13457	7922
rna-NM_001261411.1	1077	1208	997	992	1371	906
rna-NM_016155.6	542	107	161	734	646	607
rna-XM_011538798.3	1234	1069	1751	1353	1186	1049
rna-NM_025215.5	521	572	424	580	660	418
rna-NM_015409.4	1054	1641	1128	931	1536	942
novel.748.1	45	9	9	33	39	0
novel.748.2	63	33	50	52	152	54
rna-NM_175066.3	727	1287	1118	1092	1100	1546
rna-NM_024078.2	1281	940	768	1608	1592	1161
novel.778.1	79	63	82	147	182	150
rna-NM_001122636.1	38	7	8	66	76	52
rna-XM_011534803.3	1050	998	930	1130	1036	837
rna-XM_017018659.1	2	0	0	9	4	0
rna-XM_005266154.4	12	4	0	4	10	10
rna-XM_011534795.3	1390	1453	801	1436	1857	1042
rna-NM_018663.2	337	566	519	493	355	364
rna-NM_001170543.1	1662	2431	1611	2358	2270	1701
rna-NM_015114.2	3272	2639	2253	2867	4767	2972
rna-NM_005895.3	1365	1272	1538	1255	1914	1042
rna-NM_001161344.1	467	493	418	642	795	541
rna-NM_001164715.1	141	155	163	127	277	142
rna-XM_017019920.1	224	191	156	199	267	180
rna-NM_001127372.2	556	653	598	399	660	349
rna-XM_011534834.3	349	298	302	378	569	293
rna-NM_001277291.1	60	57	37	46	59	24
rna-NM_015394.4	134	118	144	125	229	144
rna-NM_003415.2	315	416	327	217	475	179
novel.779.1	90	3	23	91	292	175
novel.793.1	48	31	31	69	75	38
rna-XM_011535124.3	478	414	423	409	727	451
rna-NM_001042414.3	1463	1293	1095	1602	1876	1912
rna-XM_011535309.2	297	271	214	240	308	229
rna-XM_011535048.2	135	84	90	209	391	296
rna-NM_004004.5	132	372	202	148	80	137
rna-NM_015974.2	319	871	897	301	177	315
rna-XM_024449406.1	1179	1458	1246	933	1593	1534
rna-NM_001318493.1	153	231	246	160	152	167
rna-XM_005266421.4	76	210	178	93	61	65
rna-NM_001318939.1	39	48	38	64	62	46
rna-NM_022459.4	834	1452	961	805	1348	1047
rna-NM_014572.2	1681	1035	872	1235	1393	1188
rna-NM_005870.4	3035	3980	3779	3685	3204	3813
rna-NM_145061.5	535	496	159	465	404	149
rna-NM_024026.4	998	1338	1102	1314	1038	1160
novel.780.1	9	6	13	19	10	25
novel.780.2	65	25	31	65	79	43
rna-NM_001330059.1	2027	2796	2162	1663	1982	2422
rna-NM_152726.2	922	1142	931	893	1088	1010
rna-NM_002010.2	3	87	111	5	4	2
novel.781.1	76	12	13	47	148	13
rna-XM_006719861.3	12	2	9	4	2	4
rna-XM_005266338.2	650	1162	1032	350	814	350
rna-XM_017020651.1	35	318	196	30	5	42
rna-NM_001007537.2	0	0	0	14	27	0
rna-NM_005932.3	631	1160	1020	611	653	744
rna-NM_001348112.1	8	18	0	0	3	12
rna-NM_001303138.1	0	0	0	0	0	2
rna-NM_001286792.1	548	1797	1525	446	524	1431
rna-XM_011534931.1	1587	3248	2404	1669	2360	1581
rna-XM_017020885.1	0	0	0	4	0	0
rna-XM_017020894.1	0	0	0	0	0	0
rna-NM_001185085.1	7	17	11	8	4	7
rna-XM_011535156.2	7	4	3	10	12	4
rna-NM_018451.4	119	220	125	99	198	62
rna-NM_030979.2	7	8	7	8	2	4
rna-XM_011535306.1	942	1473	1171	972	1145	1188
rna-NM_014089.3	1895	2956	1677	1609	2109	1862
rna-NM_016529.5	145	12	18	99	89	22
rna-NM_001007538.1	3244	159	398	2403	2650	976
rna-XM_024449390.1	684	613	638	762	1043	933
rna-NM_001260.2	502	699	602	458	584	508
rna-XM_024449315.1	259	693	570	305	473	426
rna-NM_182488.3	1195	1375	1123	949	1370	1868
rna-NM_206827.1	41	16	19	39	43	27
rna-NM_000982.3	8249	16544	13458	10929	5735	9690
rna-NM_002097.2	2139	4750	3499	2735	2085	3444
rna-XM_006719772.4	291	657	532	388	292	385
rna-XM_017020434.1	647	705	575	558	696	572
rna-XM_005266412.2	999	1352	1132	1058	717	670
rna-NM_004119.2	0	0	0	0	4	0
rna-NM_175854.7	425	531	451	348	779	428
rna-NM_002019.4	16	31	17	11	8	30
rna-NM_015932.5	1990	2314	1981	2327	2310	1985
rna-NM_001135919.1	184	112	124	149	107	46
rna-XM_011535019.3	8	9	13	14	3	33
rna-XM_017020713.2	4395	7137	4162	5424	3827	5706
rna-NM_007106.3	1243	2206	2396	1472	1087	3404
rna-NM_032116.4	714	762	744	635	837	951
rna-NM_005800.4	353	417	396	352	487	473
rna-NM_001204406.1	9	2	4	21	17	6
rna-NM_001313893.1	6263	10837	6764	6528	5957	5868
rna-NM_001286504.1	7951	2648	2425	10457	15449	21319
rna-NM_194318.3	419	323	393	568	889	987
rna-XM_006719749.3	83	174	124	98	51	228
rna-NM_001353627.1	75	48	49	82	98	58
rna-NM_000059.3	209	73	64	98	542	71
rna-XM_017020326.1	508	605	562	487	759	375
rna-XM_005266298.4	970	906	983	844	1489	1486
rna-NM_178006.3	1296	946	956	1140	1278	1517
rna-NM_002915.3	1097	1098	436	994	1011	432
rna-NM_001330072.1	33	69	91	24	4	12
rna-NM_017826.2	0	0	0	0	0	0
rna-NM_001198910.1	10	35	26	10	13	35
rna-NM_001198908.1	5	13	6	4	5	17
rna-XM_005266347.4	97	154	136	90	147	178
rna-NM_005584.4	8	35	29	10	0	5
rna-NM_001142294.1	1907	1978	1576	1814	2417	2072
rna-NM_003914.3	56	81	35	82	69	49
rna-NM_203451.2	39	6	2	29	29	8
rna-NM_000538.3	191	261	209	188	156	111
rna-XM_006719827.3	12	24	20	12	28	14
rna-NM_013338.4	675	994	788	1116	832	934
rna-XM_006719763.1	530	799	570	674	650	527
rna-XM_005266447.2	936	958	772	741	1006	631
rna-NM_145203.5	1	0	0	1	0	2
rna-NM_006475.2	173	339	387	116	0	341
rna-NM_003306.2	241	20	28	128	221	70
rna-NM_001286704.1	1278	1531	1272	1263	1579	1332
rna-NM_207361.5	96	609	278	51	13	114
rna-NM_025138.4	788	1026	745	910	873	879
rna-NM_001012754.3	272	352	272	225	473	232
rna-XM_011535168.1	545	608	609	548	845	720
rna-NM_005780.2	1449	3635	3868	1725	557	1908
rna-XM_024449456.1	1	5	6	0	3	3
rna-NM_002015.3	766	3099	2849	650	381	829
rna-NM_005830.3	257	523	393	383	371	287
rna-NM_014252.3	289	1100	535	281	266	294
rna-NM_172373.3	2592	1005	959	2416	4055	3675
rna-XM_005266245.2	283	295	297	276	372	249
rna-NM_152903.4	421	707	553	486	485	427
rna-NM_032138.6	332	529	498	427	297	383
rna-XM_017020856.1	113	94	89	87	170	102
rna-NM_024561.4	271	360	322	168	374	267
rna-NM_014059.2	29	19	16	18	11	16
rna-NM_015058.1	354	739	659	243	297	197
rna-NM_178009.4	258	274	247	116	625	202
rna-XM_011534906.2	825	1852	1439	878	962	1297
rna-NM_001002264.3	578	80	121	525	620	54
rna-NM_013238.2	136	27	55	162	173	80
rna-NM_001347963.1	42	20	23	40	38	26
rna-XM_017020397.2	21	0	12	15	45	12
rna-NM_001350641.1	96	10	13	62	206	25
rna-NM_183422.3	2862	8214	6973	2796	1483	2350
rna-NM_012345.2	394	587	346	468	430	374
rna-NM_001316951.1	320	685	499	380	314	318
rna-XM_005266321.2	313	525	378	390	370	293
rna-NM_031431.3	561	674	578	534	682	593
rna-NM_198849.2	15	4	0	4	8	0
rna-NM_001872.4	0	0	0	2	3	0
rna-XM_005266302.3	850	1366	1004	773	1262	1194
rna-NM_002298.4	70	51	42	101	39	19
rna-NM_001286761.2	8	80	60	11	0	2
novel.782.1	0	18	0	256	0	0
novel.782.5	0	0	0	0	0	0
rna-XM_011535052.3	1123	1253	1096	1036	970	853
rna-NM_198404.2	72	54	32	75	48	20
rna-NM_001286272.1	36430	56416	59043	46626	27652	54142
novel.782.2	57	5	18	8	31	0
novel.782.3	239	330	80	0	99	0
novel.782.4	20	133	72	41	33	40
novel.782.6	4	44	10	20	0	50
novel.782.7	12	18	287	38	80	242
rna-NM_001164211.1	298	299	210	265	388	299
rna-XM_011534954.2	1201	2083	1534	1545	1202	1037
rna-NM_000621.4	2	0	0	2	0	0
rna-NM_003850.2	1392	1798	1606	1676	1467	3222
rna-NM_018283.3	518	932	440	783	636	986
rna-NM_014166.3	1142	1451	1150	1010	1293	956
rna-NM_021999.4	12606	24518	27682	14000	8301	25868
rna-NM_000321.2	3145	4858	3689	3100	3752	4316
rna-NM_005767.5	37	290	236	36	31	48
rna-XM_017020369.1	77	97	110	72	130	85
rna-XM_017020440.2	1366	1733	1611	1178	2042	1530
rna-NM_001507.1	5	3	2	4	6	3
novel.794.1	6	27	12	15	0	3
rna-XM_011535250.2	212	227	202	238	226	298
rna-NM_001320727.1	0	0	56	0	241	0
rna-XM_011535256.3	307	478	457	601	540	2195
rna-NM_031915.2	205	141	117	294	418	378
rna-NM_001040443.2	193	362	248	285	159	360
rna-XM_011535134.1	771	702	579	869	1072	1368
rna-NM_032565.4	519	1099	1034	725	599	770
rna-NM_002267.3	2010	3091	2516	2143	2512	2794
rna-NM_020456.3	387	730	504	444	371	414
novel.784.1	18	3	6	27	21	35
rna-NM_001007278.2	469	598	587	598	794	589
rna-NM_173605.1	4	1	3	0	10	4
novel.795.1	18	31	24	26	15	14
novel.783.2	113	188	244	126	159	191
novel.783.1	95	165	56	130	49	71
rna-NM_024570.3	282	419	266	298	293	188
novel.785.1	0	14	280	523	0	1548
novel.785.2	0	0	0	3	0	6
novel.797.1	3	13	7	63	0	102
novel.797.2	112	372	337	474	1	2618
rna-NM_145019.3	206	443	593	404	126	968
rna-NM_001101320.1	7	8	6	0	8	0
rna-XM_011535040.3	1025	826	590	787	1273	915
rna-NM_052950.3	518	771	516	599	678	771
rna-NM_001270424.1	63	161	142	125	88	158
rna-XM_005266430.4	293	229	255	233	377	382
rna-NM_001004127.2	294	298	187	257	245	201
rna-NM_021645.5	787	1075	1062	610	832	851
rna-XM_017020557.1	6	3	4	0	7	2
rna-NM_002498.2	70	17	42	51	164	63
novel.798.1	85	80	65	94	99	94
rna-NM_018676.3	271	55	86	192	175	77
rna-NM_016075.3	281	599	441	286	520	205
rna-NM_001098525.2	1546	1616	1159	1269	1754	1307
rna-NM_001011724.1	518	718	520	500	540	451
rna-NM_001130912.2	845	887	782	1156	1197	1096
rna-XM_005266357.2	248	1578	1246	247	48	590
rna-NM_001042517.1	742	531	215	420	821	223
rna-XM_005266556.4	175	330	269	208	159	156
rna-NM_022843.3	64	49	51	20	18	58
novel.786.1	75	364	340	356	0	153
rna-NM_203487.2	185	104	67	137	129	162
rna-XM_011534939.2	195	495	552	226	185	225
rna-NM_001071775.2	837	1643	1033	931	921	1288
rna-NM_001286746.1	181	140	82	154	177	84
rna-NM_014953.4	1214	1374	1100	934	1707	1239
rna-NM_001349655.1	184	228	265	84	296	156
rna-NM_001730.4	2660	6712	6237	2797	797	6821
rna-XM_011534907.2	436	477	508	418	533	509
rna-NM_014832.4	902	927	745	791	1588	1435
rna-NM_203497.3	535	963	940	795	309	735
rna-XM_011535212.1	494	576	366	575	569	441
rna-XM_024449354.1	754	242	201	760	996	1962
rna-NM_138444.3	420	731	817	553	640	817
rna-NM_001258406.1	0	0	0	0	0	0
rna-NM_006493.2	672	921	1060	888	823	1223
rna-NM_012158.2	1439	1288	1138	1375	1867	2000
rna-XM_006719779.3	985	1378	890	589	1228	1016
rna-NM_144777.2	14	10	0	2	0	7
rna-NM_001201397.1	184	1102	1302	351	72	1575
rna-NM_001242868.1	449	2138	1552	617	100	1021
rna-XM_017020899.2	0	0	0	0	5	0
rna-NM_006237.3	6	0	0	7	5	0
rna-NM_024546.3	465	507	382	396	486	442
rna-XM_011535179.2	511	849	641	454	853	979
rna-NM_019080.2	1398	1344	1246	1713	1891	2120
rna-NM_005842.3	3872	4831	2218	3718	4508	4107
novel.787.2	0	0	0	0	0	0
novel.787.1	50	74	74	64	45	44
rna-NM_001281503.1	2	0	0	2	0	0
rna-NM_032229.2	480	816	859	271	130	122
rna-XM_005254038.5	337	220	281	251	257	223
novel.788.1	228	255	236	489	4	509
novel.788.2	21	15	30	75	0	63
novel.788.3	13	15	11	10	0	16
rna-NM_004466.5	9	4	4	26	18	7
rna-NM_014305.3	230	349	288	229	244	173
rna-NM_180989.5	757	759	623	685	1488	779
novel.799.1	7	21	11	12	0	25
novel.799.2	24	111	123	28	0	53
rna-NM_005708.4	360	1501	1141	355	13	659
rna-NM_007084.3	626	4130	4749	658	0	608
rna-XM_024449447.1	98	489	589	61	0	76
rna-NM_005845.4	2231	3075	2821	1673	2224	2250
novel.789.1	6	7	12	16	27	15
rna-XM_006719916.1	1028	939	802	752	1137	831
rna-XM_011521104.3	827	1130	1231	1085	1239	1283
rna-XM_011521094.1	477	568	498	393	574	536
rna-NM_001346197.1	4	0	0	4	14	0
rna-NM_153456.3	4	2	0	3	2	4
rna-XM_006719912.3	2607	1624	2004	2296	5393	5348
rna-NM_021033.6	1361	2594	2273	1351	1525	1903
rna-XM_011521089.2	4079	8017	4919	3582	4262	3286
rna-NM_178861.4	0	0	0	0	0	0
rna-NM_001286839.1	1362	2627	1910	1426	1060	1001
rna-XM_017020794.2	3787	5454	4453	4694	3916	6368
rna-NM_005073.3	1	0	0	4	0	0
rna-XM_006719922.1	1095	788	661	744	1431	1000
rna-XM_006719946.3	0	0	4	3	0	0
rna-NM_001144072.1	1874	3226	2617	2733	2193	2978
rna-XM_017020405.2	6	0	0	6	7	0
rna-NM_206808.3	61	201	165	93	86	84
rna-NM_033132.4	21	78	45	37	54	26
rna-NM_007129.4	112	318	277	123	110	129
rna-NM_004800.2	5806	7775	8092	6400	6024	8395
rna-NM_001350571.1	301	771	557	243	303	338
novel.800.1	65	76	40	66	66	35
rna-XM_017020605.1	342	464	316	311	326	250
rna-NM_001195087.1	121	362	350	85	63	75
rna-XM_024449336.1	68	19	18	33	105	15
rna-NM_004791.2	30	45	36	38	56	65
rna-NM_175929.2	6	4	3	0	4	3
rna-XM_017020408.2	0	2	4	2	4	3
rna-XM_005254070.2	796	914	719	630	968	702
rna-NM_001146197.2	10	0	3	2	9	0
rna-NM_001204425.1	0	0	0	101	0	0
rna-NM_138779.4	521	547	283	537	588	398
rna-NM_024089.2	617	688	476	663	451	577
rna-NM_017693.3	413	837	712	360	505	661
rna-NM_000123.3	532	764	767	465	606	630
rna-NM_000452.2	0	0	0	0	0	0
novel.790.1	118	601	356	150	8	54
novel.790.2	10	56	10	15	0	8
rna-XM_017020406.2	3117	10014	6526	2801	1681	4003
rna-NM_018011.3	345	628	617	491	790	441
rna-NM_001080396.2	19	10	11	6	8	0
rna-XM_017020566.1	357	385	426	377	709	706
rna-NM_032859.2	446	598	558	597	730	759
rna-NM_006573.4	41	6	0	33	89	8
novel.801.2	0	0	733	0	0	137
rna-NM_001198950.2	11	3	10	4	16	3
novel.791.2	4539	13407	10515	4634	6078	4101
novel.791.1	1816	10268	7891	3625	475	2015
novel.801.1	88	664	760	444	9	247
rna-NM_003749.2	5884	7465	5438	5100	6267	4743
rna-NM_018210.3	963	1787	1456	1443	1021	1663
rna-NM_024537.3	688	1010	855	831	641	779
rna-XM_011521137.3	85	142	110	50	48	84
rna-NM_005537.5	858	1743	1145	508	571	735
rna-XM_011521139.2	6	10	4	8	10	4
rna-NM_017664.3	1076	1045	1304	1001	1240	1277
rna-NM_001354046.1	964	1192	935	992	1350	1164
rna-NM_006322.5	433	628	332	309	434	262
rna-NM_207440.2	2	0	0	0	0	0
rna-NM_001267044.1	0	0	0	1	0	1
rna-NM_001845.5	6907	11733	7060	4780	3898	4830
rna-NM_001846.3	17617	30784	20290	13057	7836	11590
rna-NM_017817.2	951	3387	2199	318	216	303
rna-XM_005268299.4	1128	1768	1500	1020	1122	1378
rna-XM_011537486.2	68	88	72	61	21	61
rna-XM_017020903.1	6	5	2	50	0	110
rna-NM_000504.3	41	18	18	40	50	16
rna-XM_011537532.3	23	14	17	31	34	18
rna-XM_017020812.1	0	0	0	4	7	0
rna-NM_001320656.1	1049	1794	1439	1294	1101	1316
rna-NM_001008895.3	2143	3006	2572	2296	2880	2530
rna-XM_024449445.1	0	0	0	0	0	0
rna-NM_005561.3	11469	11902	12623	13956	11505	16534
rna-NM_001286732.1	106	48	54	139	126	75
rna-XM_011537461.2	59	32	30	49	75	24
rna-NM_138430.4	18	18	22	22	16	50
rna-XM_017020643.1	401	411	429	610	506	1083
rna-NM_017905.5	1364	2035	2474	1415	1250	1784
rna-XM_017020717.1	3662	5342	3609	4461	4038	4157
rna-NM_000705.3	0	0	0	0	0	0
rna-XM_017020558.1	250	121	163	331	271	406
rna-NM_000820.3	2679	3443	4528	3484	1628	6000
novel.792.1	132	78	91	165	113	199
rna-NM_001278674.1	0	0	1	0	2	16
rna-XM_017020909.1	2	1	0	2	4	0
rna-NM_007368.3	927	1089	898	845	904	1088
rna-NM_001078645.2	849	984	707	926	1202	1086
rna-NM_023011.3	578	750	755	618	729	581
rna-NM_032436.3	976	1074	720	1204	1111	1111
rna-NM_001145442.1	0	0	0	0	2	0
rna-NM_001005356.2	0	0	0	0	0	0
rna-NM_001348273.1	2	0	0	0	0	0
novel.803.6	0	11	0	0	11	0
novel.803.7	0	0	0	0	16	0
novel.803.12	0	194	8	0	0	0
novel.803.13	0	130	0	0	0	0
novel.803.14	0	343	9	0	11	0
novel.803.15	0	166	0	36	0	0
novel.803.19	0	83	0	0	0	0
novel.803.21	0	398	0	0	18	1
novel.803.25	0	194	5	0	125	0
novel.817.1	0	0	861	66	131	453
novel.817.3	0	22	0	0	122	12
novel.817.5	0	10	0	15	10	57
novel.817.7	0	2	0	0	8	47
novel.817.10	0	214	0	0	107	248
novel.817.11	0	0	0	0	56	0
novel.817.14	0	0	0	140	9	0
novel.817.17	0	25	0	18	0	0
novel.817.19	0	19	43	17	0	0
novel.817.21	0	446	0	0	443	0
novel.803.5	108	0	195	343	79	0
novel.803.1	56	39	31	60	117	98
novel.803.3	244	0	85	0	0	218
novel.803.2	67	0	32	0	142	171
novel.803.4	66	0	217	0	167	207
novel.803.9	459	158	35	188	0	376
novel.803.10	166	50	0	0	36	19
novel.803.11	85	75	92	206	130	1
novel.803.8	249	0	191	419	0	1
novel.803.16	41	80	0	24	114	0
novel.803.18	65	2	146	0	45	122
novel.803.17	48	0	0	0	38	197
novel.803.23	140	536	190	119	662	0
novel.803.20	338	25	337	418	435	210
novel.803.22	102	0	170	161	364	1
novel.803.28	243	0	287	254	0	223
novel.803.26	111	0	196	163	387	0
novel.803.24	74	5	6	113	119	204
novel.803.27	52	0	202	98	270	181
novel.817.2	6	20	128	8	195	10
novel.817.4	125	30	44	106	15	35
novel.817.6	224	122	0	110	174	261
novel.817.8	14	15	20	17	5	6
novel.817.9	774	335	0	375	321	136
novel.817.12	32	193	0	156	205	46
novel.817.13	12	15	707	140	467	104
novel.817.15	312	0	202	376	178	86
novel.817.16	402	72	0	95	112	0
novel.817.18	21	26	0	28	40	259
novel.817.20	23	100	0	26	53	286
novel.817.22	358	255	0	319	270	215
novel.817.23	3	0	0	6	11	0
novel.817.24	98	67	53	122	182	120
rna-NM_001004479.1	0	0	0	0	2	0
rna-NM_138376.2	440	543	331	638	619	467
rna-NM_182849.2	1801	1521	1373	2157	1568	1765
rna-NM_005484.3	1331	1033	672	1301	1359	478
rna-XM_005268027.5	356	240	340	317	801	201
rna-NM_017807.3	456	514	381	422	491	146
rna-NM_001641.3	4880	4694	3858	5596	5622	2997
rna-NM_001100814.2	1984	925	834	2054	2338	1476
rna-NM_000270.3	2821	1364	876	2791	3243	1850
rna-NM_001024822.2	0	0	0	0	0	0
rna-NM_145250.3	2	0	0	0	0	0
rna-NM_001145.4	160	233	210	213	150	144
rna-NM_001282192.1	537	649	859	556	428	641
rna-NM_002933.4	2	0	2	0	0	2
rna-NM_001029991.1	969	868	751	1228	1156	841
rna-NM_014579.3	12	0	0	8	4	3
rna-XM_017020966.1	0	0	0	0	1	0
rna-NM_001354558.1	377	450	428	412	241	207
rna-NM_032572.3	2	0	0	0	10	0
rna-XM_011536937.3	2342	1268	1603	2142	1982	1422
rna-XM_005267739.1	2266	1411	1772	2740	1830	2520
rna-NM_001146683.1	40	29	16	54	37	27
rna-NM_001077442.1	14539	18966	14442	17898	16259	17970
rna-NM_020366.3	4	4	6	4	5	1
rna-NM_007192.3	5875	5862	4003	5177	7155	4008
rna-NM_001170629.1	3934	2898	2452	3331	5270	3257
rna-NM_032846.3	870	550	547	934	1511	885
rna-NM_014828.3	2762	2043	1930	2740	3541	1936
rna-NM_019852.4	618	459	365	578	667	373
rna-XM_011537064.1	953	908	919	935	724	470
novel.806.1	17	21	5	13	6	6
novel.805.1	17	175	50	13	3	0
rna-NM_001344.3	2986	3314	3241	3926	3167	3199
rna-NM_022060.2	3328	2704	2915	4015	3082	3398
rna-NM_005015.3	3840	4094	3444	4150	3224	2427
rna-NM_001126106.2	41	14	10	51	67	22
rna-NM_178336.2	1094	913	764	1493	1313	925
rna-NM_004995.3	10319	2868	3208	8733	7619	4920
rna-XM_005267510.1	12615	7138	9008	14704	14202	12774
rna-XM_017021058.1	22	6	5	28	19	28
rna-NM_001130708.2	264	247	225	241	244	168
rna-XM_024449640.1	3210	1941	1745	3653	3695	3134
rna-NM_006109.4	4827	4364	3227	5338	5659	4213
rna-NM_017815.2	648	742	617	840	866	364
rna-NM_032876.5	5591	4017	3505	5053	5038	2271
rna-NM_002797.4	4257	3794	3489	5447	4739	4013
rna-NM_012244.3	140	180	147	188	68	172
rna-XM_011536313.2	6	9	12	0	2	7
rna-NM_020834.2	302	570	475	290	309	178
rna-NM_001276318.1	186	249	241	272	335	141
rna-NM_001354640.1	0	0	0	0	0	1
rna-NM_022478.3	1630	674	561	1816	1367	609
rna-XM_011537450.1	6	7	3	8	7	0
rna-NM_014977.3	4284	3338	2440	3846	5783	4762
rna-NM_017924.3	3012	1673	1455	3452	3408	2214
rna-NM_004050.4	968	1141	1097	791	1124	712
rna-NM_001199864.1	178	95	0	494	205	450
rna-NM_004643.3	2948	2824	2473	3132	4004	2420
rna-XM_017021361.1	876	1102	1245	1288	498	1051
rna-NM_005864.3	21	0	2	9	8	0
rna-NM_001288746.1	2	0	0	4	0	0
rna-NM_002471.3	90	35	44	116	73	63
rna-NM_000257.3	63	16	30	101	52	47
rna-NM_001042635.1	1055	613	632	1202	1257	660
rna-XM_017021716.2	160	183	117	186	259	209
novel.818.1	10	16	15	20	12	34
rna-NM_024328.5	266	529	463	501	485	442
rna-XM_005268170.3	1229	554	609	1291	1869	709
rna-NM_001146028.1	33	42	20	34	19	22
rna-NM_182908.4	170	1069	408	205	44	68
rna-NM_021004.3	129	178	168	159	186	94
rna-NM_198083.3	97	116	111	92	126	64
rna-XM_006720246.3	0	3	1	1	2	0
rna-NM_138360.3	12	7	7	6	8	9
rna-XM_011536801.2	21	11	13	28	22	16
rna-NM_004563.3	748	625	572	1061	745	327
rna-NM_001163484.1	1225	1397	1314	1498	1344	1227
rna-NM_203402.2	1	2	4	3	4	3
rna-NM_176783.2	4553	3188	3496	4866	4876	2814
rna-XM_005267721.5	285	268	260	374	234	227
rna-NM_002818.2	3199	1698	1645	2984	3647	1669
rna-NM_017999.4	1365	1243	1297	1387	1365	963
rna-NM_006084.4	1340	945	709	1789	1814	1210
rna-XM_024449793.1	25	10	21	11	63	17
rna-NM_024658.3	766	1229	939	951	968	852
rna-NM_006405.6	1926	1886	1771	2390	2483	2109
rna-NM_001184739.1	8	4	3	6	12	8
rna-NM_014169.3	387	491	378	572	477	406
rna-NM_138476.3	108	147	128	130	137	74
rna-NM_001199823.2	10	4	2	7	6	10
rna-NM_006156.2	1673	1454	1460	1994	1702	1508
rna-NM_001283022.1	911	580	593	883	854	613
rna-NM_001099274.1	675	623	558	717	733	484
rna-NM_000359.2	5	2	3	6	8	0
rna-NM_182836.2	205	263	226	311	344	288
rna-NM_001136050.2	281	336	379	258	234	140
rna-XM_005267385.1	1134	1308	1078	1216	1273	742
rna-NM_014430.2	39	41	47	48	29	36
rna-NM_001164692.2	11	4	9	11	25	10
rna-NM_001143919.2	28	12	41	16	65	31
rna-NM_139247.3	0	0	2	2	5	3
rna-NM_001320043.1	636	251	254	543	447	309
rna-NM_025081.2	514	86	86	355	310	106
rna-NM_001836.4	0	0	0	0	0	0
rna-XM_011536590.2	2220	1898	1711	2525	3120	2415
rna-NM_001039771.2	42	43	29	47	25	44
rna-XM_011536975.2	446	535	586	741	613	755
novel.807.1	56	68	0	85	112	33
novel.807.2	3	7	28	5	6	5
rna-NM_001351940.1	92	270	172	86	16	115
rna-NM_002515.2	106	95	67	120	59	18
novel.808.1	3	0	0	0	2	3
novel.809.2	0	7	2	2	0	2
rna-NM_005249.4	640	1903	1818	793	156	1623
novel.809.1	28	212	167	35	0	87
rna-NM_001330069.1	660	646	659	940	1320	1503
rna-NM_017769.4	437	533	362	307	660	241
rna-NM_016106.3	1392	1214	1077	1313	1884	1339
rna-XM_017021071.1	1021	83	136	738	1002	311
rna-NM_001083893.1	838	442	550	725	1539	578
rna-NM_007077.4	55	62	63	114	130	71
rna-NM_015382.3	1969	2602	2181	1451	2844	2467
rna-NM_015473.3	633	651	603	499	853	622
rna-NM_080664.2	256	526	446	351	258	278
rna-NM_025152.2	243	434	327	268	291	175
rna-XM_005267636.4	2764	2362	2402	2220	5080	4344
rna-XM_024449755.1	20	33	16	23	25	28
rna-XM_017021582.1	12	80	59	21	0	58
rna-NM_022073.3	3650	19669	11070	756	37	1472
rna-NM_138288.3	1847	3414	3152	1657	1722	1839
rna-NM_018453.3	1156	985	1001	1182	1223	917
rna-NM_152233.3	3963	2834	2844	3662	4793	3434
rna-NM_138638.4	2468	2524	2635	2370	2280	1333
rna-NM_013448.2	1505	885	657	919	2596	1109
rna-XM_024449797.1	116	53	74	108	115	73
rna-NM_003136.3	2914	2704	2122	2745	3440	2656
rna-NM_173607.4	1354	1108	899	1434	1788	1266
rna-NM_017917.3	586	558	451	632	655	438
rna-XM_011537410.2	1137	1594	1225	1348	1693	1237
rna-NM_002791.2	7838	6685	6620	10389	9349	10967
rna-NM_032594.3	6	0	2	9	10	0
rna-XM_006720098.3	529	515	431	396	875	517
rna-NM_020529.2	16702	3553	5214	23392	29952	30744
rna-XM_005268128.1	852	435	376	779	1103	647
rna-NM_016586.2	864	678	688	721	839	640
rna-NM_001079668.2	89	101	65	66	29	29
rna-NM_014360.3	11	4	0	6	4	0
rna-NM_006194.3	195	113	117	186	144	118
rna-XM_011537287.3	76	31	29	66	106	34
rna-XM_017020994.1	98	98	64	47	184	71
rna-NM_004496.3	251	144	177	258	217	177
rna-XM_024449560.1	6	3	7	4	9	0
rna-NM_001049.2	30	5	6	31	17	0
rna-XM_005267262.2	6697	3445	3313	4916	7030	4325
rna-NM_003616.2	336	264	191	408	429	234
rna-XM_017020964.2	185	98	90	159	251	154
rna-NM_002687.3	2042	1195	1070	1646	2514	1473
rna-XM_024449592.1	555	407	353	515	931	550
rna-NM_203301.3	765	603	686	856	1028	1314
rna-NM_001017923.1	106	48	66	74	105	75
rna-NM_001308112.1	563	327	375	398	794	736
rna-NM_001308120.1	723	588	606	557	1189	1004
rna-NM_017922.3	306	369	312	228	704	437
rna-XM_017021092.2	1820	1728	1429	1923	2238	1110
rna-XM_011537034.2	218	67	92	83	478	101
rna-XM_005267833.5	476	191	230	226	859	162
rna-XM_011536519.2	14	0	3	2	4	0
rna-NM_001030001.3	1854	2294	2556	2607	1438	1700
rna-NM_152329.3	850	473	266	603	816	299
rna-NM_001001.4	3216	2265	2394	3557	3374	2200
rna-NM_002408.3	1855	1471	1417	1873	2449	1570
rna-NM_018139.2	696	629	484	830	1016	816
rna-XM_017021374.1	290	255	116	254	302	54
rna-NM_172193.2	10	10	18	11	30	22
rna-NM_014315.2	1015	1206	1156	1121	1083	1002
rna-NM_004713.5	391	313	402	261	1124	357
novel.819.1	75	138	196	113	224	114
rna-NM_001663.3	6295	3473	3046	5532	7436	4766
novel.820.1	45	3	5	52	62	35
rna-XM_005268060.4	64	50	54	77	91	111
rna-NM_006939.3	827	573	668	656	1415	816
rna-NM_024884.2	681	560	419	518	701	321
rna-XM_011536649.2	206	391	287	223	283	215
rna-XM_005268157.3	52	44	23	50	81	30
rna-XM_024449461.1	1286	1073	855	932	2093	1170
rna-NM_015915.4	65	110	117	48	61	20
rna-NM_021818.3	1929	1574	1190	1613	2509	1646
rna-XM_024449622.1	1140	962	847	619	1418	662
rna-NM_001206673.1	9	12	8	24	12	27
rna-NM_002863.4	4137	3865	3378	3589	4381	2631
rna-XM_011536389.2	91	191	170	49	81	59
rna-NM_030755.4	4559	4044	3654	4418	5666	4398
rna-XM_011536424.1	5935	1779	1723	4060	5573	3356
rna-XM_024449629.1	124	249	237	136	118	95
rna-NM_000956.3	615	44	75	612	448	154
rna-NM_020784.2	636	439	377	440	604	402
rna-NM_001353361.1	313	128	97	318	406	171
rna-NM_016039.2	3882	3512	2813	3806	3677	2487
rna-XM_005267405.5	8765	693	916	9067	9963	2242
rna-XM_024449554.1	3429	5081	4192	2837	4575	3499
rna-NM_002806.3	2474	2440	1926	2278	2891	1449
rna-NM_145251.3	701	597	456	652	1069	462
rna-NM_198066.3	1718	1981	1217	1653	2146	2163
rna-XM_006720008.3	3176	2424	1886	2138	3145	2098
rna-XM_011537188.3	650	944	680	527	713	448
rna-NM_001347912.1	763	271	197	533	327	239
rna-NM_005192.3	727	975	390	648	487	228
rna-NM_005776.2	2279	3947	3364	2829	2404	2801
rna-NM_004124.2	1943	3543	2972	2169	2742	2412
rna-NM_006568.2	460	550	478	543	587	617
rna-XM_024449515.1	2349	3573	3168	2108	2299	4926
rna-NM_001024024.1	729	324	391	655	1213	563
rna-NM_007086.3	993	675	378	629	928	179
rna-NM_199421.1	1632	1174	1159	1265	2631	1566
rna-XM_011537362.2	3098	3403	2742	3021	4030	2283
rna-NM_001357678.1	2703	5534	5595	2058	1267	1578
rna-NM_014750.4	928	622	268	460	626	106
rna-XM_017021391.1	1807	1002	1002	1739	2109	1869
rna-NM_014924.4	780	636	623	812	1017	735
novel.821.1	64	118	111	105	88	241
novel.810.1	7	8	9	0	22	36
novel.821.2	179	217	261	170	145	525
rna-NM_001079521.1	4150	3867	6480	2837	9538	7487
rna-NM_021255.2	853	2736	2802	485	275	449
rna-NM_017799.3	413	567	498	479	644	560
rna-XM_005267272.3	1705	2505	2007	1633	3016	2464
rna-XM_011536940.3	1199	983	1101	1283	2013	1540
rna-NM_001283056.1	14	0	0	10	4	2
rna-NM_001011713.2	1174	953	908	1247	1475	1393
rna-XM_011536720.3	3	0	0	0	0	0
rna-XM_017021029.1	45	83	76	36	55	57
rna-XM_011536960.1	1917	1518	1484	2188	2618	1639
rna-XM_017021560.1	452	239	358	188	783	326
rna-NM_002788.3	2435	2506	1998	2653	2900	1703
rna-XM_011536742.3	2	1	0	3	3	4
rna-NM_001304485.1	509	772	688	639	450	348
rna-NM_001244189.1	212	293	210	158	437	182
rna-NM_016651.5	126	172	208	96	75	190
rna-XM_005267431.1	355	150	202	264	735	404
rna-XM_011537120.3	0	0	0	0	0	0
rna-XM_017021599.2	66	40	42	59	70	36
rna-NM_144581.1	273	420	306	299	210	242
rna-NM_001284201.1	1090	1020	937	1132	1338	1146
rna-NM_021136.2	29	84	62	33	20	48
rna-NM_001330177.1	2223	1479	1104	1581	2482	1852
rna-XM_017021368.2	1692	1109	1087	1931	1634	1538
rna-XM_011536690.3	7	0	4	18	16	0
rna-XM_017021381.1	1546	1407	1346	1554	1734	1712
rna-XM_011537451.3	6	0	0	1	2	5
rna-NM_005982.3	580	280	246	589	694	471
rna-NM_001350253.1	636	657	550	604	789	417
rna-NM_001172702.1	338	204	255	260	343	255
rna-NM_017420.4	832	402	406	531	898	857
rna-NM_002431.3	938	644	537	861	957	756
novel.822.3	0	0	0	0	0	21
novel.822.4	0	0	0	0	0	3
rna-NM_006255.4	565	89	78	600	608	588
novel.822.1	10	6	7	24	0	77
novel.822.2	1	4	0	0	0	2
novel.811.1	31	55	50	55	49	69
rna-NM_003082.3	2657	1644	1304	2519	3155	2562
rna-XM_024449723.1	86	3	3	9	15	26
novel.812.2	13	5	0	6	2	3
novel.812.1	1	0	0	0	0	0
rna-NM_020663.4	348	1410	1213	1027	32	5017
novel.823.1	63	44	48	144	260	199
rna-NM_001243084.1	29515	33456	26419	38334	45462	85863
rna-NM_001282179.2	2104	2360	2057	1933	2798	2167
rna-XM_024449806.1	4	1	0	0	0	4
rna-XM_011536383.2	527	521	380	506	693	429
rna-NM_030791.3	685	446	426	671	762	572
rna-XM_017021081.1	30	6	9	29	43	24
rna-XM_011536576.2	1515	1613	1433	1076	4289	2186
rna-XM_011536627.3	1049	942	839	733	514	440
rna-XM_017021612.2	202	70	91	151	215	55
rna-NM_005956.3	7221	6925	4206	6734	7646	3846
rna-NM_004857.3	146	61	52	107	257	134
rna-XM_017021630.2	294	210	204	200	386	327
rna-NM_001123329.1	1759	1441	1301	1492	2876	2674
rna-NM_021979.3	1280	170	143	1021	992	658
rna-NM_172365.2	17	13	10	25	23	98
rna-NM_145165.3	1351	1589	1456	1256	1479	1197
rna-NM_001202559.1	176	967	845	503	283	240
rna-NM_002083.3	4	2	2	0	2	2
rna-NM_001308154.1	918	542	564	974	917	526
rna-NM_002028.3	396	1348	717	331	303	889
rna-NM_002382.4	2429	1871	1842	2851	2551	2540
rna-XM_017021137.1	2045	1210	1227	1853	2225	1564
rna-XM_011536340.3	474	429	376	372	577	255
rna-NM_001348541.1	299	217	242	323	266	105
rna-NM_022474.3	1490	1133	1065	1254	1858	1262
rna-NM_015994.3	2768	1836	1513	2797	3117	2665
rna-NM_004094.4	5079	4591	3241	4743	5960	2909
rna-NM_016445.2	312	54	97	441	404	273
rna-XM_011537009.1	151	253	206	90	155	87
rna-XM_011536838.3	675	387	306	788	661	794
rna-NM_001172.3	1569	2056	2013	2597	2037	4646
rna-NM_006370.2	993	1781	1625	1361	1287	1449
rna-NM_016026.3	4275	5038	4027	4119	4740	4151
rna-NM_152443.2	7	6	0	17	6	7
rna-XM_017021124.1	1531	806	711	1679	2879	1703
rna-XM_017021545.2	199	134	100	287	308	260
rna-NM_001244701.1	8945	9708	9018	12410	16865	18297
rna-XM_006720297.2	1951	2334	2076	1800	2053	2429
rna-NM_001193360.1	789	1354	1141	912	970	792
rna-XM_017021498.1	64	333	225	81	26	49
rna-XM_017021720.1	21156	15752	10910	21524	20121	14449
rna-NM_004450.2	3375	3461	2609	3426	3514	2564
rna-NM_018375.4	2446	2787	2652	2679	3023	2984
rna-NM_001161498.1	8	0	4	7	9	8
rna-NM_001271507.1	2	2	6	0	0	0
rna-NM_014734.3	2290	1436	1619	1947	2690	1541
rna-NM_001320214.1	1169	1433	1091	1353	2228	877
rna-XM_005267995.1	7119	442	741	5269	7430	2478
rna-XM_017021606.1	23	30	33	2	2	20
rna-NM_015351.1	81	120	129	62	98	91
rna-NM_016468.6	906	1154	991	1068	1087	875
rna-NM_001202547.2	54	19	88	40	41	87
rna-NM_018373.2	697	821	807	601	1092	553
rna-NM_003813.3	20	13	5	14	9	16
rna-XM_005268151.3	6	2	0	0	0	4
rna-NM_001284211.1	790	421	351	734	778	516
rna-XM_011536788.3	935	715	686	688	1094	682
rna-XM_005267420.4	3044	2958	2601	1886	3250	3080
rna-XM_017021180.1	2761	1656	1322	2257	3018	2746
rna-XM_024449761.1	9	36	38	8	0	6
rna-NM_001280544.1	381	513	313	275	265	205
rna-NM_001352449.1	446	58	121	578	762	430
rna-NM_021260.3	2154	1292	1497	2319	2280	2604
rna-NM_021239.2	1556	1319	1369	1489	2886	1872
rna-NM_000021.3	3818	2512	2738	4043	4122	3879
rna-XM_017021750.2	212	233	306	171	156	141
rna-NM_001005743.1	2440	1679	1790	2578	3557	4556
rna-NM_203309.2	4	2	0	3	4	4
rna-NM_024644.4	515	80	127	599	959	501
rna-NM_001037161.1	601	215	221	657	945	445
rna-NM_006821.5	1305	1040	1074	1461	1779	1124
rna-NM_152331.3	30	12	23	55	86	37
rna-XM_011537076.2	0	2	0	0	0	0
rna-NM_031427.3	591	784	847	513	523	576
rna-NM_006029.4	1651	2090	1870	1854	2424	1317
rna-XM_005268206.1	1374	2338	1788	764	1051	661
rna-NM_001146154.1	197	535	449	185	196	304
rna-NM_001242924.1	1708	1804	1448	2005	1782	1552
rna-NM_152445.2	564	208	184	500	477	216
rna-NM_182476.2	453	548	417	571	536	486
rna-NM_001321986.1	370	474	335	391	417	400
rna-XM_011537170.2	90	97	119	70	88	60
rna-NM_005589.3	484	1104	1035	597	464	473
rna-XM_011537320.3	185	63	49	177	173	106
rna-NM_182894.2	6	0	0	0	2	0
rna-NM_005050.3	704	926	925	839	973	924
rna-XM_011536911.2	6	0	0	0	0	0
rna-XM_017021600.1	33	3	8	32	39	28
rna-XM_017020930.2	6085	3655	4155	6474	5621	5885
rna-NM_194279.3	930	764	674	966	921	593
rna-NM_000428.2	1862	288	445	1660	1771	1161
rna-NM_001039479.1	2617	2794	2109	2882	3401	3363
rna-NM_015962.4	1136	1402	931	1177	1504	1148
rna-NM_019589.2	1752	1829	1376	1605	1957	2180
rna-NM_001243007.1	42	17	18	30	52	22
rna-NM_001933.4	3364	4044	3051	3722	3877	3175
rna-XM_011537206.3	44	6	8	46	40	10
rna-NM_002632.5	1618	261	220	1587	1051	420
rna-NM_014239.3	2040	1547	1290	2364	2034	1865
rna-NM_001040108.1	206	34	52	216	559	202
rna-NM_001302617.1	208	123	70	96	176	64
rna-NM_024643.3	50	24	22	68	98	50
rna-NM_001329237.1	1583	2121	1763	1815	1716	1297
rna-NM_006827.5	9172	14542	13580	10800	8334	12440
rna-NM_005252.3	1823	3467	3050	4556	5717	5261
rna-NM_017791.2	246	39	26	189	174	35
rna-XM_017020971.1	846	312	260	1053	817	399
rna-NM_007176.3	1952	1562	1212	2052	2605	1463
rna-NM_015072.4	2034	1571	1310	1743	1991	1571
rna-NM_001329939.1	52	176	180	80	112	353
rna-NM_052873.2	353	415	449	486	350	432
rna-XM_017021427.1	556	524	472	405	806	372
rna-NM_014909.4	663	1346	1524	870	708	1234
rna-NM_015305.3	904	1165	1297	925	993	824
novel.824.1	25	21	21	15	3	6
rna-NM_024496.3	5513	5626	6311	6193	5448	5129
rna-XM_024449798.1	11	15	31	17	13	10
rna-XM_017021843.2	35	29	64	43	56	62
rna-NM_033426.2	598	910	1103	582	849	772
rna-XM_011536661.2	87	207	266	115	70	107
rna-NM_020431.3	262	601	786	323	166	270
rna-XM_011536675.2	856	1275	1260	1046	1165	928
rna-XM_024449548.1	286	358	315	279	254	138
rna-NM_001346131.1	1514	1235	1020	1267	1475	1224
rna-NM_001010860.2	29	40	53	24	43	20
rna-NM_001113475.2	3	3	2	7	5	0
rna-NM_001193315.1	684	698	644	831	798	549
rna-NM_012111.2	3418	2793	2294	3723	4454	2811
rna-NM_199296.2	77	29	22	80	54	15
rna-NM_004863.3	3300	2337	2088	2463	2785	2172
rna-NM_006020.2	834	482	398	823	852	582
rna-NM_031210.5	674	641	573	848	716	571
rna-NM_001318844.1	3131	2244	2020	3186	3557	2358
rna-NM_174943.3	4	5	5	0	3	11
rna-XM_017021474.1	133	146	107	226	245	232
rna-NM_001007023.4	0	13	8	8	10	7
rna-XM_011536491.2	181	85	82	168	236	131
rna-XM_005268037.4	9	133	149	15	4	6
rna-NM_015859.3	1790	2131	1689	1407	2061	1312
rna-XM_017021791.1	203	114	91	87	136	31
rna-XM_024449732.1	149	227	346	108	61	50
rna-NM_005065.5	3305	3002	3003	3177	3172	3145
rna-XM_024449522.1	249	20	31	227	307	191
novel.813.1	10	21	9	8	11	7
rna-NM_000153.3	10	0	4	10	8	3
rna-NM_138317.2	0	0	0	0	2	0
rna-XM_005267851.1	124	183	201	131	122	82
rna-NM_007039.3	442	334	266	394	612	453
rna-NM_024824.4	1626	1498	1212	1471	2346	1417
rna-XM_011536528.3	171	160	157	144	214	133
rna-NM_001288781.1	388	323	284	400	484	388
rna-NM_001085471.1	5408	7906	6948	4341	3202	3892
rna-NM_145231.3	282	206	158	256	256	136
rna-XM_024449655.1	1233	843	644	1126	1128	659
rna-NM_022054.3	67	64	22	66	25	18
rna-NM_002802.2	3138	4368	3317	3455	3905	2830
novel.825.1	25	7	8	12	7	20
rna-XM_017021394.2	366	332	211	375	418	379
rna-XM_006720258.4	6723	8354	7317	7784	8220	7465
rna-XM_017021044.2	1075	1297	1060	1152	927	865
rna-NM_004755.3	769	230	180	506	561	358
rna-NM_001358312.1	485	1038	1113	510	301	513
rna-XM_005268112.3	4	4	2	8	4	0
rna-NM_001080414.3	233	282	231	239	314	218
rna-XM_005267842.2	2823	1638	1542	2436	3683	2734
rna-NM_024764.3	2	0	0	0	0	2
rna-NM_001128596.2	47	8	20	69	110	95
rna-XM_011536356.1	55	25	40	79	61	69
rna-NM_004239.4	363	272	312	200	974	213
rna-NM_004993.5	617	512	481	481	699	345
rna-NM_004545.3	347	432	410	554	368	375
rna-NM_017437.2	2940	3174	2486	2470	3781	2529
rna-NM_024832.4	1105	562	561	1251	1116	552
rna-NM_005606.6	4493	2498	2445	3945	4497	2849
rna-NM_005113.3	1552	1352	1333	1327	1810	1476
rna-XM_011536370.2	0	0	0	2	3	0
rna-XM_017021262.1	1429	2425	1775	1859	1357	1734
rna-NM_022151.4	542	548	435	658	823	602
rna-NM_001098621.2	255	260	182	290	273	205
rna-NM_032490.4	315	313	230	364	339	334
rna-NM_175748.3	1043	1098	794	952	969	754
rna-NM_001002860.3	591	544	513	533	706	714
rna-NM_001202429.1	30	1	4	13	13	4
rna-XM_024449525.1	0	0	0	0	0	0
rna-XM_011537148.3	212	46	74	284	248	233
rna-NM_020414.3	4037	4026	3052	3545	3492	3064
rna-XM_005267314.5	82	76	71	97	84	67
rna-NM_001288954.1	6072	2826	2392	3591	2765	1442
rna-NM_032036.2	211	148	145	215	166	115
rna-NM_058237.1	91	14	23	74	217	111
rna-XM_017021353.1	4	0	0	1	13	1
rna-NM_001756.3	4	1	0	8	9	2
rna-NM_001002235.2	1183	119	375	2422	3536	3844
rna-NM_000624.5	1204	3031	3755	3018	166	8451
rna-NM_001085.4	928	571	816	2710	3918	4042
rna-NM_173849.2	36	47	48	43	16	17
rna-XM_017021121.2	511	656	532	327	931	497
rna-XM_011537158.1	1253	443	448	1481	2130	2117
novel.826.1	47	78	55	33	98	65
rna-XM_011537447.1	0	1	0	4	0	0
rna-XM_011536515.3	317	78	91	251	156	65
rna-NM_016417.2	1683	2244	1635	1871	1373	1430
rna-NM_001289139.1	2200	684	863	1741	2420	1238
rna-NM_000623.3	199	12	28	139	134	51
rna-NM_000710.3	8	6	0	7	10	6
rna-NM_018036.6	877	684	620	536	1079	961
rna-NM_016472.4	1003	564	531	854	1278	878
rna-XM_024449805.1	0	0	0	0	0	0
rna-XM_006720021.2	56	8	21	62	66	37
rna-XM_006720247.4	780	785	413	728	755	345
rna-NM_138576.3	7	14	14	0	17	10
rna-NM_032632.4	6346	6369	5297	6003	7573	6348
rna-XM_011537231.2	2705	2410	2157	2606	2346	2377
rna-NM_001099402.1	2056	1767	1607	2343	2290	1592
rna-XM_011536705.2	2382	4087	4953	1921	1183	1460
rna-NM_001127258.2	3	3	20	11	0	6
rna-NM_006668.1	13	65	44	30	2	21
rna-XM_005267399.4	916	2660	1891	618	267	341
novel.827.1	11	13	10	10	6	8
rna-XM_017021363.2	422	837	652	410	255	219
rna-NM_206918.2	6	3	8	5	9	6
novel.828.1	51	60	64	66	46	60
rna-NM_003403.4	5699	3971	3484	5555	5896	5566
rna-NM_001352821.1	1936	1513	2086	2143	1810	2301
rna-NM_207117.3	2	3	0	5	0	3
rna-XM_024449669.1	42	92	51	44	39	41
novel.814.1	390	42	64	156	762	51
rna-NM_001362.3	2	0	0	0	0	0
rna-NM_173701.1	7436	6577	5908	9999	12544	9223
rna-NM_001350948.1	470	746	626	726	383	609
rna-XM_005267819.1	2350	3151	2989	2232	2353	2321
rna-NM_001376.4	16745	24783	15949	12424	15028	15301
rna-NM_014226.2	1093	159	207	1024	1057	458
rna-XM_011536945.1	177	261	276	163	191	138
rna-NM_032630.2	490	680	613	639	552	282
rna-NM_014844.4	1027	983	922	1124	1045	1139
rna-NM_001017963.2	28050	31353	25384	25331	33543	21662
rna-XM_011537335.2	634	414	405	605	796	549
rna-NM_001348652.1	1807	1309	1289	2099	1517	1451
rna-NM_015156.3	1644	1866	1403	1418	1785	1378
rna-NM_145725.2	1585	1751	1252	1593	2033	1470
rna-XM_024449714.1	31	4	13	42	27	9
rna-XM_005268227.1	4005	5561	4857	3343	3845	3408
rna-NM_001330236.1	0	0	0	0	0	0
rna-XM_011537323.3	2	9	7	13	4	0
rna-XM_011537112.2	5872	4712	5052	5630	11545	5962
rna-XM_017021845.1	23	51	41	19	28	54
rna-NM_001969.4	8342	5573	5971	11209	11893	14275
rna-NM_001128918.2	3076	2731	2573	3814	3484	6270
rna-XM_017020951.1	4574	24816	19992	5531	1305	5851
rna-NM_152307.2	1213	740	643	1730	1571	1286
rna-NM_001015049.2	1943	3042	2226	2173	2068	1933
rna-NM_032374.4	1154	1412	1143	1680	1057	1642
rna-NM_001130107.1	2088	2032	1687	2141	2298	1799
rna-XM_005268046.2	1777	1025	653	1823	1493	492
rna-XM_024449799.1	19	10	19	13	24	21
rna-XM_017021849.1	17	16	16	17	13	31
rna-NM_001198953.1	964	817	720	1072	1181	734
rna-XM_011536593.3	776	477	447	781	930	584
rna-NM_001127393.1	896	1196	1255	1181	998	946
rna-NM_001257268.1	0	0	0	0	0	0
rna-NM_153046.2	5	0	0	0	0	0
rna-XM_017021846.1	7	0	0	11	10	2
rna-NM_015656.1	136	8	17	128	106	33
rna-XM_005268004.4	3672	6712	6361	3788	2250	2781
rna-XM_011536412.2	89	183	215	101	40	80
rna-XM_017020911.1	871	675	613	876	718	358
rna-NM_006427.3	1802	1411	1092	1974	1472	833
novel.815.1	61	11	24	61	80	68
rna-NM_001014431.1	7810	10286	8767	8966	6789	5963
rna-XM_017021227.1	2088	1601	1535	2229	2303	1594
rna-XM_024449469.1	6	0	0	7	4	0
rna-NM_138420.3	3232	4965	5408	2286	3948	1190
rna-NM_174891.3	233	334	353	291	293	263
rna-NM_145701.2	1371	1368	788	1319	1070	414
rna-NM_013345.3	12	2	2	5	6	0
rna-NM_002226.4	1016	537	795	1154	1184	943
rna-NM_177533.4	782	356	436	1200	931	541
rna-NM_001519.3	1364	1312	1212	1788	1486	1262
rna-XM_005268188.3	1847	1634	1520	2710	2367	1967
rna-XM_006720090.2	2059	2845	2936	2846	2040	3046
rna-XM_006720234.3	5	14	14	19	12	19
novel.829.1	226	144	107	239	225	102
rna-XM_017021752.1	2252	2444	2179	2183	1872	1821
rna-NM_001270837.1	2274	1483	1983	3232	2087	2761
rna-NM_001311.4	316	50	144	445	618	423
rna-NM_001134875.1	1093	503	366	1165	890	309
rna-NM_025268.3	360	232	348	373	253	213
novel.1216.2	0	0	0	0	0	0
novel.1216.1	4	15	14	11	9	9
novel.1233.1	2	0	0	0	0	0
novel.1217.1	10	2	5	29	19	64
novel.1218.4	0	0	0	2	4	11
novel.1218.1	9	14	46	39	9	52
novel.1218.2	95	217	112	157	0	44
novel.1218.3	13	81	174	37	139	62
novel.1218.5	106	427	386	197	101	256
novel.853.1	73	44	39	55	212	77
novel.854.3	0	1	0	239	1	0
novel.854.1	22	186	98	18	3	135
novel.854.2	85	0	39	0	0	254
novel.854.4	130	0	0	10	130	0
rna-NM_001277303.1	0	0	0	0	0	0
rna-NM_207355.3	0	0	0	0	0	0
rna-NM_001277304.1	0	0	0	0	0	0
rna-NM_001005241.3	1	0	0	0	0	0
novel.833.3	0	0	0	0	90	0
novel.833.1	6	3	2	7	0	5
novel.833.2	106	97	80	48	264	136
novel.833.4	31	0	19	47	22	0
rna-NM_144599.4	2102	2720	2173	2129	2365	3801
rna-NM_001184889.1	3612	5702	4538	4683	3230	6012
rna-XM_017022023.2	2884	7596	6573	3266	2610	4730
rna-NM_001354372.1	279	475	296	247	354	195
rna-NM_001355465.1	1	0	0	0	1	0
rna-NM_005664.3	41	63	55	38	32	37
rna-NM_022807.4	0	0	0	0	0	0
rna-NM_005678.4	2350	3489	3402	3539	2113	4027
novel.834.1	70	183	281	110	108	67
novel.835.3	0	590	0	0	0	0
novel.835.4	0	0	694	0	4	46
novel.835.5	0	0	649	0	0	0
novel.835.7	0	630	30	0	0	0
novel.835.11	0	18	28	0	17	25
novel.835.12	0	34	143	84	51	37
novel.835.13	0	74	160	79	66	44
novel.835.1	144	27	54	149	87	43
novel.835.2	33	629	6	39	96	163
novel.835.6	0	6	0	0	9	788
novel.835.8	305	30	68	6	0	30
novel.835.9	28	29	0	208	0	0
novel.835.10	10	57	8	5	5	23
rna-NM_000462.4	1995	2709	2084	1620	2313	1936
rna-XM_005268261.4	971	1412	1138	616	257	748
rna-NM_000810.3	0	0	0	0	0	0
rna-XM_024449904.1	1	0	0	0	1	1
novel.836.1	38	19	26	36	86	44
rna-NM_004667.5	462	947	602	442	663	656
rna-XM_011521489.2	818	2688	2428	739	208	1082
rna-XM_011521407.2	27	22	20	17	1	12
rna-NM_138704.3	379	400	368	492	368	350
rna-XM_017022521.1	573	523	505	473	931	506
rna-NM_001282472.1	4	1	0	1	2	0
rna-NM_001355469.1	1	0	1	1	0	0
rna-XM_011522153.2	28	8	12	25	23	17
rna-NM_001282484.1	5	5	2	4	3	1
novel.837.1	39	24	35	25	48	21
rna-NM_001355476.1	0	2	0	2	1	1
rna-NM_001282490.1	6	3	2	6	12	4
rna-NM_001039841.2	10	6	5	11	16	3
rna-XM_005254235.3	281	558	491	311	236	450
rna-NM_017762.2	339	693	858	465	190	1170
rna-NM_015995.3	767	715	1023	886	969	870
rna-XM_011522320.2	0	0	0	0	0	0
rna-NM_001190455.2	11	5	5	16	19	26
rna-NM_130901.2	13	6	7	10	21	22
rna-NM_001282493.1	3	4	2	2	6	4
rna-NM_001277308.1	4	14	10	5	3	0
rna-XM_024450124.1	0	0	0	0	0	0
rna-NM_001282494.1	5	3	2	5	2	0
rna-NM_014783.5	237	183	99	136	238	46
rna-NM_001144757.2	2	1	0	3	2	0
rna-XM_017022077.1	2988	398	503	1887	1764	347
rna-NM_001277313.1	142	33	42	68	92	21
rna-NM_001320917.1	0	0	0	0	0	0
rna-NM_001036.4	8	3	2	8	12	0
rna-NM_020371.2	241	183	154	377	332	215
rna-NM_152595.4	25	51	45	15	51	30
rna-NM_020154.2	2219	2128	1815	2691	2411	2317
rna-NM_024713.2	366	486	415	433	561	423
rna-NM_016454.3	2156	2837	2404	2756	2257	2496
rna-NM_133647.1	691	385	455	633	769	947
rna-NM_018648.3	1925	2191	1749	2502	2100	1799
rna-NM_153613.2	884	866	608	1051	1076	742
rna-NM_181077.3	92	28	33	37	461	79
rna-XM_017022210.1	156	73	127	100	595	195
rna-NM_005159.4	105	36	37	165	100	86
rna-NM_014691.2	1208	1523	1155	1053	1496	1021
rna-NM_014106.3	1830	2000	1791	1360	2194	1686
rna-XM_017022707.2	45	125	102	49	50	36
rna-NM_001321761.1	177	137	121	222	253	185
rna-NM_170675.4	888	2320	2267	948	442	1807
novel.838.1	18	38	32	8	8	23
novel.855.1	12	23	13	24	14	28
rna-XM_005254202.3	1762	2398	1501	1520	1626	1701
rna-NM_173611.3	1085	1590	1429	1122	1169	1115
rna-NM_005739.3	45	42	24	74	62	10
rna-NM_003246.3	7420	952	1073	5076	5049	1966
rna-XM_011521305.3	17	13	24	8	27	20
rna-NM_007223.2	3054	1493	1496	2647	2978	1404
rna-NM_001013703.3	2020	3153	2748	1436	1952	1350
rna-NM_003134.5	3329	5153	5777	4821	3559	5583
novel.839.1	18	40	48	43	40	53
rna-NM_001003940.1	685	127	461	597	510	245
rna-NM_001211.5	797	866	298	571	839	250
rna-NM_001128628.2	3	0	66	99	4	0
rna-NM_020168.5	76	124	64	0	54	43
rna-NM_001039905.2	18	4	2	13	16	10
rna-NM_001190479.2	16	14	6	3	19	9
rna-XM_024449948.1	5	0	0	4	5	0
rna-XM_011521149.3	445	855	651	510	424	354
rna-NM_207380.2	950	1195	848	1190	1215	705
rna-NM_001145643.1	0	0	0	0	0	0
rna-XM_011522125.3	599	180	219	754	702	431
rna-NM_033286.3	809	923	671	848	732	441
rna-XM_017022149.1	541	851	698	603	535	528
rna-XM_011521366.2	1458	1385	1374	1301	1354	1290
rna-NM_130468.3	983	1267	926	1327	1018	959
rna-NM_001080791.2	568	342	314	644	583	336
rna-NM_152260.2	463	515	486	621	497	389
rna-NM_170589.4	209	154	52	86	418	57
rna-NM_001323896.1	1269	1773	1503	1551	944	1149
rna-NM_133487.3	614	377	165	552	494	126
rna-NM_005258.2	301	41	103	503	524	479
rna-XM_017022401.2	154	175	148	150	204	114
rna-NM_001130448.2	184	118	64	207	226	248
rna-NM_001077268.1	1061	840	804	1597	1357	1219
rna-NM_181642.2	1990	165	253	2003	977	430
rna-NM_133639.3	230	94	110	235	267	163
rna-NM_020857.2	2177	1625	1633	2937	2561	2520
rna-NM_019074.3	73	8	17	82	100	59
rna-XM_024450045.1	834	262	255	1392	679	685
rna-NM_017553.2	1384	1340	1064	1196	1548	1195
rna-NM_016013.3	371	893	722	565	410	438
novel.840.2	0	0	56	32	0	54
rna-NM_001286441.1	2	2	0	13	20	16
rna-NM_007236.4	2466	4514	4110	3258	2479	3342
novel.840.3	2022	4810	3064	2763	2370	5342
novel.840.1	32	51	13	16	56	10
novel.840.4	148	133	837	161	157	154
rna-NM_007280.1	411	491	201	375	311	104
rna-XM_006720559.3	3688	4281	1506	2771	2864	1290
rna-NM_015138.4	2126	4328	3733	2045	2049	2585
rna-NM_002220.2	392	321	313	483	264	330
rna-XM_017022181.1	6	0	0	0	2	0
rna-NM_015540.3	1028	1852	1384	1268	1135	1010
novel.841.1	0	0	0	0	3	0
rna-NM_006293.3	1372	3144	2687	1357	723	818
rna-XM_005254246.3	862	597	462	553	1279	513
rna-NM_001128608.1	783	963	767	796	882	527
rna-NM_001114632.1	273	288	259	299	235	146
rna-NM_005090.3	48	62	113	28	85	21
rna-NM_001114633.1	9	0	5	0	12	0
rna-XM_017022299.1	12	12	17	11	0	8
rna-NM_139265.3	4103	6264	3373	3868	2961	2042
rna-XM_011521403.2	1943	3580	2828	2347	1908	2068
rna-XM_005254287.2	2178	2058	1480	2350	2464	2877
rna-NM_198141.2	225	613	528	290	310	440
rna-NM_000070.2	7	5	0	2	10	5
rna-XM_005254591.2	2139	3134	2641	1943	2009	2689
rna-XM_017022692.2	668	781	613	637	554	759
rna-NM_153260.2	372	498	383	358	512	339
rna-NM_018097.2	1057	1483	1072	1147	1171	868
rna-XM_011521831.3	306	372	319	151	383	115
rna-XM_011521270.2	520	679	558	590	449	286
rna-XM_005254171.5	1304	1220	1172	836	1316	1267
rna-NM_174916.2	1282	1569	1190	845	1339	1632
rna-NM_024956.3	962	657	588	1064	1117	1800
rna-XM_006720448.2	1025	985	891	1321	1148	1037
rna-NM_201631.3	22	54	32	25	8	6
rna-NM_014793.4	468	791	497	668	445	512
rna-NM_001324366.1	425	661	492	522	520	302
rna-XM_011521266.2	675	839	790	659	878	1593
rna-NM_001286414.2	607	801	439	740	684	705
rna-NM_001141980.2	2604	3435	2976	2573	3271	3209
rna-NM_002373.5	310	544	708	344	180	622
rna-XM_011522249.1	773	1349	1070	879	698	813
rna-XM_011521194.1	319	38	71	372	237	115
rna-NM_153700.2	7	4	2	3	7	3
rna-NM_001282310.2	17	20	16	14	12	15
rna-NM_001321927.1	319	39	61	332	242	129
rna-NM_005926.2	2135	2466	1902	2353	1994	1840
rna-NM_024908.3	1683	1605	844	1327	1487	382
rna-NM_032892.4	372	974	597	287	168	232
rna-NM_005313.4	27457	37295	32575	28746	16075	28994
rna-NM_025165.2	297	235	203	263	223	159
rna-NM_001199875.1	7431	13059	12342	10178	6085	9985
rna-NM_001258031.1	13	8	16	6	34	6
rna-NM_016400.3	759	1192	1042	1025	763	736
rna-NM_138423.3	2816	6171	6526	2494	2153	4040
rna-NM_016396.2	1779	2919	2038	1141	1525	850
novel.856.1	74	94	126	32	66	115
novel.856.2	65	162	41	241	225	86
novel.856.3	80	45	130	7	27	3
rna-NM_003758.3	2168	3301	2159	2304	2213	1613
rna-NM_025137.3	919	2296	1467	636	863	712
rna-XM_011521336.2	7	5	3	2	7	0
rna-NM_182985.4	31	42	43	35	16	99
rna-NM_152448.2	0	0	0	0	0	0
novel.857.1	149	238	147	91	106	78
rna-NM_003104.5	1026	1600	907	883	991	562
rna-XM_005254421.3	0	10	10	27	16	41
rna-NM_017434.4	11	26	21	16	10	16
rna-XM_005254549.3	42697	43160	49707	41719	33612	38496
rna-NM_001301168.1	680	892	889	692	342	374
rna-NM_004212.3	1	0	2	0	1	0
rna-NM_001482.2	87	815	529	118	14	184
rna-XM_017022774.1	16	13	6	17	31	26
rna-NM_013309.5	348	200	300	297	581	301
rna-NM_024063.2	275	371	277	280	239	205
rna-NM_032413.3	1994	225	938	2614	6806	2595
rna-NM_001311255.1	1567	2968	2601	1525	1801	2280
rna-NM_001271213.1	3277	1632	1735	3547	5173	2529
rna-XM_017022617.2	68	225	283	110	0	739
rna-XM_005254378.3	0	4	8	0	0	0
rna-NM_205850.2	1	5	6	4	2	1
rna-NM_016132.4	678	1776	1330	653	171	642
rna-NM_001025248.1	2820	3158	1770	3102	3288	1647
rna-NM_000138.4	1977	802	772	1077	1371	476
rna-NM_001194998.1	237	66	62	142	419	61
rna-NM_203349.3	19	240	94	20	7	16
rna-NM_014335.2	5356	13422	11066	6568	4543	7115
rna-NM_001193489.1	1291	1687	1647	934	1794	1451
rna-NM_001143887.1	2616	3287	3068	2630	2607	2876
rna-XM_005254279.4	486	427	400	484	499	486
rna-XM_005254214.3	56	59	60	42	38	91
rna-NM_002009.3	5	3	6	2	7	4
rna-NM_020234.5	206	352	264	243	198	170
rna-XM_011522046.2	21	12	10	31	37	52
rna-NM_003645.3	72	8	6	70	26	43
rna-XM_024449883.1	493	498	316	569	697	499
rna-NM_203494.4	0	0	0	0	0	0
rna-XM_006720761.3	1255	1316	1262	1039	1768	1137
rna-XM_017022350.1	943	715	724	659	2044	1007
rna-XM_005254722.3	1300	1517	1782	1370	2025	2013
rna-NM_007347.4	668	514	408	455	1116	556
rna-NM_207381.3	82	20	23	160	140	63
rna-NM_000103.3	6	0	0	0	8	0
rna-NM_181789.3	9	1	6	4	19	21
rna-XM_005254255.1	678	439	383	451	1661	633
rna-NM_013243.3	2	2	0	4	4	0
rna-NM_153374.2	277	202	183	273	281	238
rna-NM_014548.3	247	381	403	209	442	366
rna-NM_014547.4	3811	2965	2448	3369	4904	4613
rna-NM_001323903.1	536	763	566	541	645	498
rna-NM_002748.3	1049	1942	1389	875	1033	771
rna-NM_016194.3	1199	1364	1183	1679	1341	1363
rna-NM_018728.3	92	306	260	107	46	102
rna-XM_011521606.2	543	964	773	469	985	777
rna-NM_001306191.1	6674	12346	9548	7375	6528	12216
rna-NM_001286495.1	258	182	236	198	408	278
rna-NM_004498.3	8	6	6	16	11	11
novel.858.1	15	63	45	32	4	66
rna-NM_182758.3	111	18	54	143	337	199
rna-XM_017022220.1	6	0	0	13	27	9
rna-NM_016304.2	2653	3343	2865	2997	2875	2372
rna-XM_005254576.5	544	680	611	663	808	898
rna-NM_001308423.1	73	135	107	118	145	102
rna-NM_004855.4	253	355	322	264	434	318
rna-NM_001204450.1	2042	2120	2532	1535	2113	2418
rna-NM_001198784.1	36	34	30	55	48	41
rna-NM_130810.3	42	53	51	41	66	38
rna-NM_001330326.1	396	349	293	246	673	282
rna-NM_173814.5	128	121	144	127	203	90
rna-NM_001284338.1	2466	905	848	3274	10072	9791
rna-NM_022841.5	1340	2120	1518	1071	1691	1850
rna-XM_011521530.3	51	61	88	55	64	59
rna-NM_018365.2	72	93	66	46	55	23
rna-NM_001288588.1	185	202	175	89	294	95
novel.859.1	24	19	25	28	39	22
rna-XM_011521960.3	1250	2896	2010	963	814	1568
rna-XM_005254726.4	196	482	291	208	122	400
rna-NM_001285900.3	185	61	13	57	72	66
rna-NM_001018100.4	12	0	1	9	8	1
rna-NM_015532.4	2084	2707	2515	2598	2601	3277
rna-NM_003888.3	37	6	10	28	26	9
rna-XM_005254374.4	27	2	0	12	6	4
rna-NM_001110.3	3761	3336	3160	2907	5105	4331
rna-XM_011521687.2	651	721	662	432	819	933
rna-XM_011522022.1	1370	1242	1379	1256	2585	1706
rna-XM_011521694.2	935	978	711	826	1247	999
rna-NM_004701.3	735	853	278	557	541	94
rna-NM_004998.3	4070	4265	2584	3234	3874	2546
rna-NM_033195.2	3	0	0	0	6	3
rna-XM_011521248.2	220	75	70	142	166	71
rna-NM_004751.2	78	13	9	45	19	11
rna-NM_001320930.1	1157	1366	1029	1386	1171	1007
rna-NM_001320674.1	2311	1954	1907	2097	2858	2552
rna-NM_012182.2	2	0	0	0	0	2
rna-NM_024611.5	732	1584	1386	636	968	599
rna-NM_134260.2	146	495	373	163	24	719
rna-NM_020821.2	298	316	437	170	986	311
rna-NM_207322.2	18	3	6	4	27	8
rna-XM_024450087.1	530	854	598	457	466	765
rna-NM_001002858.2	32938	65924	56201	32364	29474	26437
rna-XM_005254637.2	3141	1555	1181	3142	2886	1160
rna-NM_032857.4	1092	584	535	799	1073	592
rna-NM_015920.3	1384	1016	949	1485	1170	659
rna-NM_016530.2	2021	2055	1755	1450	1824	1412
rna-NM_031301.3	405	247	260	451	526	305
rna-NM_001218.4	432	123	138	496	299	237
rna-NM_006537.3	936	1373	882	758	751	725
rna-XM_011521468.3	13	29	13	13	15	10
rna-XM_017022699.2	613	1324	890	465	740	674
rna-XM_011521416.2	164	781	561	143	11	202
rna-NM_032231.5	939	1341	910	1128	1160	916
rna-NM_001242933.1	2457	2837	2551	2753	2928	3264
rna-NM_024798.2	392	420	414	457	255	321
rna-NM_000942.4	13704	16082	13991	17810	9941	12983
rna-NM_001329605.1	230	205	155	266	349	252
rna-NM_014736.5	2512	2157	755	2150	1890	573
rna-NM_016213.4	687	477	432	688	822	493
rna-XM_017022021.1	2592	3551	3383	2433	2661	3009
rna-NM_002537.3	2819	3963	3826	3579	2906	3607
rna-NM_194272.2	240	317	238	299	262	244
rna-NM_001286497.1	32	14	0	12	17	3
rna-NM_025201.4	925	478	531	839	699	405
rna-NM_182703.5	39	32	74	34	33	32
rna-NM_016630.6	2603	3185	2763	3294	3026	3177
rna-XM_005254158.5	256	402	306	376	319	250
rna-NM_178859.3	0	0	0	0	0	0
rna-NM_016563.3	4	0	5	9	2	0
rna-NM_001101362.2	8	0	0	0	2	0
rna-XM_011521547.3	10	7	17	10	11	28
rna-NM_005707.1	667	864	771	645	736	583
rna-NM_006660.4	1070	1723	1444	1145	1405	1024
rna-XM_017022678.2	2	2	5	4	0	2
rna-NM_004884.3	0	44	52	4	0	2
rna-NM_017851.5	299	570	448	315	305	234
rna-XM_017022448.2	16	36	58	23	21	34
rna-NM_001320875.1	1157	1717	1422	991	1349	1323
rna-NM_016395.2	4268	6495	4866	5095	4765	5357
rna-XM_006720708.4	793	1063	730	983	935	687
rna-XM_024450105.1	77	284	152	152	136	94
rna-XM_005254120.5	802	867	713	448	872	451
rna-NM_004663.4	4351	4756	4358	4861	5161	4549
rna-XM_017022670.2	7	45	34	18	7	9
rna-NM_005585.4	138	210	154	130	81	104
rna-NM_005902.3	3249	1381	1596	3284	5626	2805
rna-NM_024666.4	1833	1547	1372	1766	1998	1562
rna-XM_011521907.2	60	65	48	43	45	49
rna-NM_001143936.1	108	189	96	183	121	196
rna-NM_145160.2	592	808	778	737	654	520
rna-XM_017022173.1	19	24	45	20	12	28
rna-NM_001143688.2	356	699	603	393	422	258
rna-XM_005254521.3	548	336	182	514	652	233
rna-NM_002755.3	3115	4579	3690	3236	2996	4225
rna-NM_006049.3	109	123	120	160	177	113
rna-NM_000968.3	37933	58940	55945	45029	28262	33739
rna-NM_017975.4	1063	1081	507	855	1265	483
rna-NM_207338.3	39	171	100	23	26	20
rna-XM_011522126.2	1329	955	837	1268	1423	1234
rna-NM_033429.2	320	279	217	302	358	212
rna-NM_017882.2	751	1705	898	1042	749	542
rna-NM_015322.4	2009	2798	2277	1820	1884	2136
rna-NM_001004439.1	3092	530	673	2947	1972	678
rna-NM_006091.4	303	786	650	377	156	575
rna-NM_006305.3	3371	5982	5098	3450	3185	3078
rna-NM_024505.3	4	0	0	4	0	2
novel.842.1	32	28	14	23	65	24
novel.842.2	35	0	32	46	0	30
rna-XM_017022073.1	1565	794	975	1121	1556	1186
rna-XM_017022364.1	490	20	50	339	366	140
rna-XM_005254796.3	927	864	351	541	1006	314
rna-NM_001003.2	15650	23238	22248	20661	13355	16028
rna-XM_011521976.3	546	1409	1845	637	406	1247
rna-XM_011521752.3	387	259	416	203	693	232
rna-NM_018357.3	1887	1600	1874	2923	1305	3354
rna-NM_020147.3	266	232	168	267	256	190
rna-NM_001199017.2	174	253	259	182	191	166
rna-XM_006720429.3	9	4	0	11	20	21
rna-XM_006720692.3	2301	496	701	2288	3349	2779
rna-NM_014249.3	3	0	0	0	8	8
rna-XM_011521615.3	611	814	591	349	753	404
rna-XM_011521215.2	75	122	93	69	82	80
rna-NM_001012642.2	30	6	4	25	20	8
rna-NM_001323531.1	2908	2674	2722	3752	3386	3393
rna-NM_052840.4	6	2	0	0	0	4
rna-NM_001318825.1	3984	3292	3460	3464	3566	3139
rna-NM_001080462.2	0	0	0	0	0	0
rna-NM_005744.3	2265	2488	2139	2114	2352	2097
rna-XM_024450114.1	0	1	0	0	0	0
rna-NM_001350932.1	0	0	0	3	4	0
rna-NM_033028.4	306	278	287	355	351	419
rna-XM_006720712.4	2292	1554	1240	2279	2789	1918
rna-NM_001206796.2	116723	243298	218874	143064	86090	176430
rna-XM_005254408.1	3202	1600	1606	2232	2489	1900
rna-NM_005477.2	87	14	13	65	31	6
rna-NM_001042367.1	0	0	0	0	0	0
rna-NM_012428.3	3308	2357	2322	2916	3384	3158
rna-XM_017022638.1	2954	3742	3079	3243	2185	2602
rna-XM_005254369.4	86	81	77	89	54	112
novel.860.3	0	2	0	0	0	0
novel.860.1	118	0	82	146	0	125
novel.860.2	209	226	113	282	280	57
rna-NM_005576.3	1111	1849	1882	1091	497	733
rna-NM_004809.4	392	469	449	581	439	455
rna-NM_033238.2	4196	3717	2659	4000	3873	2375
rna-XM_017022776.2	0	0	0	0	0	0
rna-XM_024450003.1	9	11	2	20	17	8
rna-NM_005545.3	33	9	23	54	61	52
rna-XM_011522085.3	0	4	4	0	0	0
rna-NM_001199042.1	87	24	25	86	55	19
rna-NM_000781.2	0	8	0	4	4	5
rna-NM_003612.4	1161	301	314	875	589	232
rna-XM_024450093.1	1471	1314	1284	2187	1842	1807
rna-NM_001307939.1	199	106	157	231	337	209
rna-XM_024450120.1	0	0	0	8	6	0
rna-XM_017021905.1	1309	2009	1759	1227	1222	1166
rna-NM_025083.4	1471	1259	1017	1477	1539	1212
rna-NM_000761.4	0	0	0	0	0	0
rna-NM_000499.4	545	40	51	361	396	515
rna-NM_004383.2	2403	3310	2554	3273	2605	3071
rna-XM_005254289.2	532	773	541	673	969	437
rna-NM_001320778.1	3177	2444	2406	3678	3466	3287
rna-NM_002435.2	1362	3143	2459	1534	1533	1182
rna-NM_001321921.1	160	200	193	247	220	227
rna-NM_017793.2	368	59	88	659	705	563
rna-NM_004255.3	2406	3478	2983	3043	2537	2768
rna-XM_006720420.1	734	381	444	926	683	390
rna-XM_017022465.2	96	92	63	167	158	85
rna-XM_017021866.2	4	0	0	0	0	0
rna-NM_001164404.1	1	0	2	0	5	0
rna-NM_015492.4	1037	1025	853	966	623	626
rna-XM_024449968.1	1191	1073	1003	1695	1637	957
rna-NM_001256552.1	28	24	32	30	49	24
rna-XM_017022186.1	675	1446	1485	768	471	680
rna-XM_006720465.3	3317	2953	2581	2556	3309	2244
rna-NM_002833.3	1484	1721	1389	1429	1628	1261
rna-NM_001042588.1	512	627	447	591	667	431
rna-NM_018285.3	1735	2726	1879	2098	1680	1441
rna-XM_006720414.3	0	3	3	0	0	0
rna-NM_153271.1	1533	1905	1468	1307	1237	832
rna-NM_001897.4	4592	648	676	3830	1882	570
rna-NM_173469.3	1063	1865	1536	1072	1153	1121
rna-NM_147188.2	918	973	820	1076	1134	786
rna-XM_024449847.1	2	8	4	0	13	2
rna-NM_152335.2	17	7	6	13	0	0
rna-NM_000126.3	2356	2731	2432	2583	2172	2331
rna-XM_017022505.1	105	108	93	115	58	39
rna-NM_001353009.1	297	316	295	197	357	141
rna-NM_001271837.1	1976	3739	3529	1853	1788	2107
rna-NM_005724.5	4341	7628	6933	4643	4147	5139
rna-XM_024450059.1	1695	1724	1843	1179	1585	1579
rna-NM_018200.3	1339	1477	1240	1259	1611	1328
rna-NM_032808.6	47	234	149	35	4	29
rna-XM_011522301.2	0	0	0	0	0	0
rna-XM_005254126.3	289	208	263	449	272	455
rna-NM_144572.1	2399	1208	1023	2030	2301	2697
rna-NM_005530.2	1700	2137	1599	1938	2073	1916
rna-XM_017022025.2	10	7	12	12	12	4
rna-NM_018602.3	5	4	10	10	9	12
rna-XM_011522094.2	770	1385	1164	880	985	657
rna-NM_004378.2	15	77	34	36	2	35
rna-NM_004136.3	1439	1895	1467	1216	2037	1636
rna-NM_001013619.3	54	37	40	68	61	21
rna-NM_002789.5	4605	4293	3476	4759	5352	3434
rna-NM_000745.3	613	553	445	580	697	375
rna-NM_000743.4	26	17	8	14	17	4
rna-NM_000750.4	24	3	4	21	10	0
rna-XM_005254137.4	1279	604	559	1121	817	554
rna-NM_004390.4	1136	254	360	1028	650	368
rna-NM_002891.4	135	33	19	105	73	23
rna-NM_206839.2	12250	13828	12080	14111	12208	13941
rna-NM_007364.3	3159	2569	2572	4132	2863	2903
rna-XM_017022027.1	86	65	53	53	101	148
rna-NM_006441.3	422	53	119	529	740	213
rna-NM_001199760.1	19	12	35	42	7	50
rna-NM_001199757.1	27	38	29	42	55	56
rna-NM_004049.3	6	0	7	5	6	0
rna-NM_001242912.1	2167	2475	2224	2307	1970	1903
rna-XM_024449872.1	344	502	414	301	202	76
rna-NM_014862.3	514	947	899	324	294	226
rna-NM_021214.1	493	1148	756	387	312	333
rna-XM_024450001.1	145	464	236	106	66	74
rna-NM_015154.2	1803	1853	1488	2066	1993	1460
rna-NM_022566.2	528	277	367	503	728	303
rna-NM_001352686.1	4	14	11	8	6	0
rna-NM_181900.2	68	54	57	87	78	17
rna-NM_001080532.2	4	0	0	7	7	2
rna-NM_032246.4	571	263	306	485	557	1083
novel.843.1	0	11	18	8	0	232
novel.843.3	0	0	0	0	0	74
novel.843.4	0	7	0	131	0	101
novel.843.2	64	9	15	138	171	56
rna-NM_024580.5	1226	1137	891	1217	1563	1495
rna-NM_001348699.1	29	16	21	39	33	77
rna-NM_001164465.3	4	1	4	2	7	2
rna-NM_198181.3	71	99	144	57	52	120
novel.861.4	0	161	224	0	79	0
novel.861.2	191	293	25	223	4	336
novel.861.1	129	257	1	290	81	102
novel.861.3	78	0	0	64	73	185
novel.861.5	14	69	433	0	0	0
rna-NM_001278512.1	13	14	6	11	26	5
rna-NM_001007122.3	4	5	15	8	11	15
rna-NM_001021.5	7170	10649	9967	7992	4626	6884
rna-NM_030594.4	124	43	39	108	132	36
rna-NM_001080435.2	890	292	336	705	1224	605
rna-XM_011522232.2	268	262	211	392	363	253
rna-NM_031452.3	679	672	532	695	832	735
rna-XM_011521212.2	99	120	112	168	148	185
rna-NM_025238.3	2460	4112	3536	2633	3088	3532
rna-XM_017022320.1	6	0	6	4	13	14
rna-XM_006720554.4	379	690	568	368	468	477
rna-NM_001324182.1	97	93	91	114	49	190
rna-NM_001717.3	2384	233	319	1469	2431	1080
rna-XM_011521822.2	184	30	21	72	126	39
rna-XM_017021854.1	7	5	7	9	7	10
novel.862.3	0	61	726	332	25	12
novel.862.4	0	78	93	14	106	286
novel.862.5	0	102	0	152	0	0
novel.862.1	434	639	146	281	114	159
novel.862.2	138	203	0	20	78	158
novel.844.1	2	3	5	5	11	16
rna-NM_001267536.2	7	3	9	8	17	5
rna-XM_017022777.2	5	2	8	0	10	2
novel.845.1	9	3	7	2	0	0
rna-XM_011522304.2	4	10	13	6	12	22
rna-XM_024449978.1	332	277	273	358	267	521
novel.863.1	16	21	20	5	11	15
novel.846.1	179	182	191	205	284	191
rna-NM_032856.3	343	328	342	538	665	558
rna-NM_205858.1	268	236	263	298	270	241
rna-NM_001271922.1	3250	3732	3331	3747	2913	3435
rna-XM_005254996.3	2873	3415	2819	2611	2670	2812
rna-NM_020778.4	26	45	78	16	12	60
rna-XM_011522204.3	2	0	2	4	2	0
rna-NM_002605.2	1120	1246	981	1022	1403	1252
rna-XM_017022812.1	175	370	325	281	127	228
rna-NM_001310153.1	0	0	0	0	4	1
rna-NM_006738.5	3307	2971	2119	1969	2650	2875
rna-NM_022480.3	395	554	497	393	261	320
novel.847.1	10	128	81	20	0	15
rna-XM_011521226.3	1	3	0	0	0	0
rna-XM_017022254.2	3	51	46	13	0	78
rna-NM_022163.3	561	467	419	633	645	421
rna-NM_022839.4	976	1270	981	1262	1168	879
rna-NM_017996.4	131	209	136	123	99	115
rna-XM_011521905.2	2039	843	622	1729	1742	642
rna-XM_006720419.1	9	0	0	4	4	0
rna-XM_006720488.3	950	322	441	874	1119	321
rna-NM_001307952.1	575	283	277	598	556	696
rna-NM_005928.3	8834	3039	3324	13260	10685	12644
rna-XM_017022460.1	2	51	13	2	0	2
rna-NM_007011.7	2593	4710	3591	2714	1915	6071
rna-XM_011521757.2	2445	2106	811	2006	2335	698
rna-NM_001126131.1	2922	2226	2252	3073	3860	2511
rna-XM_005254934.4	2	15	23	2	6	9
rna-NM_152259.3	614	753	359	413	499	135
rna-XM_011521531.2	480	375	383	449	451	254
rna-NM_003847.2	164	299	290	175	171	133
rna-XM_011521794.2	4	7	12	5	4	0
rna-NM_018670.3	70	41	35	84	47	28
rna-NM_001039958.1	2	0	4	0	2	0
rna-XM_011521473.1	7	4	3	6	0	0
rna-NM_005829.4	871	2117	1501	1399	865	1128
rna-NM_001199058.1	552	239	530	664	617	555
rna-NM_182616.3	450	1298	1260	440	334	411
rna-XM_005254907.4	195	225	220	172	179	180
rna-NM_002168.3	2719	3560	2595	2104	1660	665
rna-NM_001004309.2	87	44	50	68	67	47
rna-NM_001324031.1	4818	3994	4288	5633	7564	4968
rna-XM_006720375.2	1578	1770	1697	1971	1923	1742
rna-NM_001322811.1	39	45	43	48	35	22
rna-NM_001033088.1	2924	5001	4814	4844	3875	5940
rna-NM_022769.4	1144	1348	1161	1215	1020	998
rna-NM_003870.3	9616	10068	7524	7005	10653	8628
rna-NM_001287246.1	370	302	139	225	409	76
rna-NM_002569.3	5430	4747	4227	8287	9542	14213
rna-XM_017022009.2	24	4	6	16	13	6
rna-NM_001286451.1	130	279	201	224	139	108
rna-NM_001320977.1	1508	2360	2276	1755	1400	2295
rna-NM_001323619.1	3914	3067	3148	4588	4880	3886
rna-NM_033544.2	357	56	100	376	392	134
rna-XM_011522187.2	2187	2375	888	1918	1698	776
rna-NM_018668.4	259	456	389	302	371	194
rna-NM_013272.3	369	1056	1038	477	268	706
rna-XM_017022642.1	52	205	248	252	3	2439
rna-XM_011521257.2	7	18	35	13	0	386
rna-NM_207446.2	108	70	60	97	30	35
novel.849.1	697	1456	773	980	1287	1326
novel.849.2	643	0	797	757	0	977
rna-NM_001271.3	1991	1934	1523	1107	2598	955
rna-NM_001166283.1	63	385	688	132	10	276
rna-XM_011522308.2	2	0	3	0	0	0
novel.865.1	0	28	11	13	0	16
novel.865.2	10	44	38	18	0	6
novel.850.1	0	5	12	7	0	28
rna-XM_006720603.2	286	21	39	153	213	41
novel.866.1	77	21	20	70	67	20
rna-NM_021005.3	4598	1551	1783	4398	4905	3861
rna-NM_183376.2	82	322	758	54	76	86
rna-XM_017022136.1	2445	5455	5405	2116	1324	4751
rna-NM_145728.2	553	1032	869	495	373	590
rna-XM_011521936.1	641	745	772	619	619	528
rna-NM_144598.4	567	644	516	677	472	603
rna-XM_011521579.2	1712	1422	1268	1369	2101	1536
rna-NM_152449.3	266	177	168	244	206	153
rna-XM_017021973.2	2	4	7	17	4	10
novel.851.1	89	10	21	102	157	66
rna-XM_024449979.1	168	204	133	175	216	154
rna-NM_198243.2	992	825	749	961	1082	1096
rna-XM_017022801.1	7	0	0	9	19	4
rna-NM_000693.3	1189	190	363	1109	1495	809
rna-NM_024652.5	224	39	65	245	331	266
rna-XM_011521364.2	2278	4006	2609	1798	2298	1768
rna-NM_018445.5	1128	772	715	1471	1258	1131
rna-NM_003090.3	1020	1676	1062	870	945	448
rna-XM_017022803.2	0	0	0	0	2	3
rna-NM_002570.4	6	3	0	2	10	5
rna-NM_078474.2	652	659	586	764	852	790
rna-NM_152334.2	75	173	158	137	112	134
rna-NM_001321551.1	2	0	0	5	7	3
novel.852.5	0	0	7	6	24	0
novel.852.6	0	0	1	0	0	0
novel.852.7	0	0	0	0	0	0
novel.852.9	0	41	0	8	32	85
novel.852.1	50	57	106	8	71	28
novel.852.3	251	319	257	385	295	246
novel.852.2	27	17	46	33	142	66
novel.852.4	26	162	52	241	0	191
novel.852.8	126	0	201	0	124	0
rna-XM_017030113.1	25	7	4	15	8	2
rna-XM_006724900.4	0	0	1	0	0	0
novel.896.1	5	3	9	7	15	6
novel.897.1	31	10	35	48	5	31
novel.867.1	11	3	9	5	1	2
rna-NM_016310.4	633	556	368	686	495	380
rna-NM_024571.3	1109	1139	852	1285	1295	750
rna-XM_017023556.1	875	1004	1155	1069	526	997
rna-NM_002434.3	1541	1437	1552	2149	1483	1619
rna-NM_001077350.2	1354	1370	1234	2086	2081	1707
rna-NM_000517.4	8	2	4	11	20	5
rna-NM_000558.4	10	4	4	10	24	6
rna-NM_005331.4	8	0	6	10	0	0
rna-NM_201412.2	813	631	565	1005	1109	1387
rna-NM_032039.3	3932	6324	6225	5085	3939	5918
rna-XM_011522719.2	32	8	22	23	47	34
rna-XM_011522682.2	1772	1117	1067	1985	2153	2106
rna-XM_005255713.3	710	771	744	824	877	785
rna-NM_006428.4	2806	2695	2694	4010	3736	3040
rna-XM_024450366.1	3814	3307	3336	5533	5147	5206
novel.868.1	43	11	26	41	41	44
rna-NM_005009.2	3747	3940	3315	6158	4057	4979
rna-NM_020664.3	174	157	164	226	261	231
rna-NM_001301159.1	0	4	17	59	26	22
rna-XM_017023596.1	2382	1550	1542	2335	2557	1679
rna-XM_017022959.2	53	6	5	65	21	15
rna-XM_017023921.1	19	3	8	12	4	0
novel.898.1	15	19	15	18	43	17
rna-NM_148920.2	2565	3186	3272	3661	2324	3094
rna-NM_001172663.1	1029	837	780	1089	1109	903
rna-NM_053284.2	32	5	8	24	11	25
rna-XM_011522713.2	1142	1650	1523	1621	1062	1213
rna-NM_138418.3	483	674	523	643	457	628
rna-XM_024450485.1	12	7	15	31	25	23
rna-XM_017023023.1	238	289	275	229	268	114
rna-XM_024450478.1	1872	1636	1553	2221	2184	1987
rna-NM_005861.3	2937	3553	3485	4138	3181	3404
rna-NM_001005920.2	2420	1630	1714	3558	3149	3442
rna-XM_011522699.2	1328	784	763	2062	1626	1376
rna-XM_024450160.1	1105	126	279	1466	1594	1352
rna-NM_024042.3	1318	1613	1890	1763	802	1036
rna-NM_023933.2	386	463	444	689	432	406
rna-XM_011522356.1	14	6	7	28	15	17
rna-NM_001323636.1	205	239	253	282	172	185
rna-NM_022493.2	1317	791	895	1908	1504	1358
rna-NM_013404.4	839	141	143	804	445	190
rna-NM_001324086.1	1999	951	1022	2825	2192	2213
rna-XM_005255471.3	1331	908	524	1191	1086	369
rna-NM_016541.2	6	0	2	12	7	5
rna-XM_017023922.1	0	0	0	0	0	0
rna-NM_022773.3	256	215	285	218	149	161
novel.899.1	0	0	0	0	0	0
novel.899.2	9	6	3	6	0	0
rna-NM_014587.4	25	32	35	19	15	18
rna-NM_001172560.1	50	3	0	35	19	6
rna-NM_207419.3	4	0	0	1	2	4
rna-XM_011522447.2	0	0	0	0	2	0
rna-XM_006720963.3	461	52	60	414	411	136
rna-XM_011522645.1	1944	2367	1761	1963	2009	1743
rna-NM_001272051.1	325	288	201	394	433	292
rna-XM_011522780.2	3	0	0	3	5	0
rna-NM_001143980.1	3	0	0	0	6	0
rna-XM_011522728.1	170	66	88	266	231	194
rna-NM_001001410.2	1399	1830	1804	2428	1761	1939
rna-XM_017023782.1	1552	1379	1649	1860	1585	1836
rna-XM_011522610.1	493	302	395	475	574	393
rna-NM_001287.5	6775	3205	3321	7876	7583	6167
rna-XM_011522775.3	1270	1189	814	1481	1278	686
rna-NM_014714.3	649	1125	1128	757	725	768
rna-NM_001256541.1	2	0	3	6	10	0
rna-NM_020825.3	938	757	722	792	1339	1009
rna-NM_144570.2	5086	4613	3368	4997	6397	3905
rna-XM_024450201.1	462	1090	1701	350	682	341
rna-XM_011522503.2	679	409	476	958	793	682
rna-XM_017023595.1	2859	3427	3014	3854	2910	3564
rna-NM_001257370.1	39	39	26	46	80	88
rna-XM_005255673.5	1457	967	901	1659	1374	1515
rna-NM_012225.3	2119	1955	2021	3035	1862	2254
rna-NM_001146006.1	12	2	4	8	5	28
rna-NM_001163560.2	0	0	0	2	5	3
rna-NM_005326.4	1601	1981	1941	1845	1540	1556
rna-NM_001018104.2	477	603	494	481	527	433
rna-NM_001009606.3	4	0	0	3	0	3
rna-NM_016332.3	1072	2196	2356	1323	1126	1035
novel.869.1	40	10	6	36	35	16
rna-XM_005255129.4	1	0	0	0	2	0
rna-NM_006453.2	2534	3053	2975	2619	2552	1535
rna-XM_017022927.2	248	101	116	376	410	450
rna-NM_005262.2	1697	1359	1219	2154	1802	1700
rna-NM_004209.5	957	460	604	1124	960	914
rna-NM_004548.2	2111	2597	2735	2484	2124	2273
rna-NM_002952.3	59933	111783	92070	76263	48102	60210
novel.870.1	14	6	5	16	13	8
rna-NM_178167.3	3002	2628	2589	2940	2614	2827
rna-NM_001099456.2	111	4	14	90	78	15
rna-XM_017023894.1	3808	5221	5696	4720	2405	3672
rna-NM_014353.4	182	795	983	223	33	240
novel.900.1	72	91	105	104	45	66
rna-XM_017023253.1	908	1020	1009	1259	803	862
rna-XM_011522638.2	2408	2990	3146	2542	2343	2762
rna-XM_024450298.1	2818	4669	4730	2469	2100	2463
rna-NM_032271.2	5271	7973	6991	6450	5294	5665
rna-NM_020764.3	158	215	220	174	108	266
rna-XM_005255475.3	1779	2430	2077	2903	2496	2542
rna-NM_182563.3	69	25	29	32	37	26
rna-NM_001042371.2	1801	1202	1055	2222	1984	1388
rna-XM_005255155.1	816	659	787	1020	999	945
rna-XM_011522399.2	31	17	40	55	61	48
rna-NM_001919.3	1762	2130	1975	2390	1803	1379
rna-NM_080594.3	4702	5051	3793	5652	5787	4667
rna-NM_001089.2	2214	4891	4371	3493	2317	5494
rna-NM_001761.2	1046	808	501	978	939	322
rna-NM_025108.2	423	277	155	483	338	159
rna-NM_006181.2	3	5	6	2	5	6
rna-XM_017023493.1	525	417	414	523	802	509
rna-NM_001198569.1	4920	4438	3794	5898	5638	6391
rna-NM_001145815.1	1286	471	552	1488	1350	902
rna-NM_001048212.3	295	105	61	331	278	217
rna-XM_017023271.2	1856	1690	1551	1467	2211	1788
novel.871.1	144	82	71	164	245	143
rna-NM_031948.4	59	110	92	86	53	140
rna-NM_018992.3	1919	1534	1236	2030	2169	1924
rna-NM_016333.3	8002	11538	5625	8422	12828	9742
rna-NM_207013.2	2798	3609	3328	4211	2676	3793
rna-XM_011522451.2	17	124	98	32	0	61
rna-NM_145252.2	1	0	0	0	0	0
rna-NM_022119.3	16	1	7	33	43	46
rna-XM_005255078.5	461	610	544	507	418	425
rna-XM_017023772.1	2962	1479	1779	3487	3120	2884
rna-NM_172229.2	418	308	277	393	302	202
rna-NM_152341.4	1758	1281	1094	1990	1707	897
rna-NM_004203.4	1692	887	446	1671	1402	343
rna-NM_020982.3	4	4	12	10	4	0
rna-NM_021195.4	4	7	9	6	23	2
rna-NM_022468.4	59	42	37	49	53	38
rna-NM_016639.2	3988	2131	1211	4354	4210	1972
rna-NM_001288665.1	2708	2216	1910	3560	2254	2021
rna-NM_024339.4	1044	1031	714	1442	1376	744
rna-XM_005255135.4	2	0	0	9	2	2
rna-NM_001308078.1	416	166	172	447	580	217
rna-NM_032805.2	0	0	0	0	2	0
rna-NM_003456.2	1252	942	1078	1458	1254	1266
novel.901.1	15	3	37	60	26	38
novel.901.2	1	0	10	0	25	38
novel.901.3	63	108	67	79	94	46
rna-NM_004220.2	532	680	743	794	432	618
rna-XM_011522506.3	15	26	32	17	11	15
rna-XM_005255556.1	425	374	256	404	434	338
rna-NM_000243.2	225	44	77	210	323	94
rna-XM_011522344.2	972	976	864	1244	1183	1001
rna-NM_033208.3	98	164	131	80	131	73
rna-NM_001302109.1	169	247	149	273	318	257
rna-NM_001284527.1	338	426	423	506	600	424
rna-NM_003450.2	484	407	386	544	497	589
rna-XM_024450392.1	0	0	0	0	0	0
rna-NM_152457.2	113	118	107	80	61	83
rna-NM_001317093.1	1475	1551	1523	1767	1526	1455
rna-NM_001330454.1	387	574	611	484	469	402
rna-XM_017023036.2	26	46	43	21	15	31
rna-XM_024450471.1	595	562	366	641	777	464
rna-XM_017022993.1	215	547	402	276	383	367
rna-NM_016292.2	2884	4031	2907	3237	2876	2256
rna-NM_004380.2	3071	2116	1520	2717	4153	4084
rna-XM_017023527.1	0	0	2	6	5	0
rna-XM_005255079.3	1465	1389	1298	1262	1174	1267
rna-NM_003223.2	195	394	250	183	138	78
rna-NM_001318918.1	695	1436	1418	769	495	722
rna-NM_016069.10	160	232	179	263	170	196
rna-NM_001201479.1	4	13	6	5	7	7
rna-NM_024535.4	602	808	887	616	567	672
rna-NM_138440.2	1015	240	336	692	631	181
rna-NM_005147.5	1381	1549	1063	1393	1619	1033
rna-XM_017023485.1	277	46	88	359	394	236
rna-NM_001286267.1	818	739	654	1123	1114	886
rna-XM_011522475.2	0	0	3	5	0	2
rna-NM_013399.2	443	71	95	622	766	478
rna-NM_145253.2	918	569	616	1042	960	759
rna-XM_005255217.2	1581	2414	1931	2072	2117	1971
rna-XM_005255633.5	1040	1467	1311	1415	1163	1221
rna-XM_011522372.1	380	203	278	615	563	487
rna-XM_017022975.1	9	12	20	33	18	31
rna-NM_021646.3	449	396	434	535	507	299
rna-XM_017022938.1	0	0	0	0	0	0
rna-XM_011522500.2	0	3	0	0	1	0
rna-XM_006720947.4	348	416	494	431	321	230
rna-XM_017023786.2	2216	2768	2331	2313	3143	2193
rna-XM_005255278.3	1249	1384	888	1127	1333	1098
rna-XM_017023374.2	1272	927	1050	1312	1689	1035
rna-XM_024450497.1	11	29	15	7	2	0
rna-NM_016256.3	786	285	309	1124	1222	936
rna-NM_019109.4	1446	865	788	1939	1743	1407
rna-NM_201400.3	410	538	354	366	445	230
rna-XM_017023659.2	244	332	263	446	407	331
rna-NM_020686.5	98	196	219	65	36	57
rna-XM_017023318.2	0	0	0	0	0	1
rna-NM_015421.3	248	381	281	415	366	283
rna-NM_000303.2	1040	653	479	1164	1027	606
rna-XM_005255228.4	6378	3329	3497	8168	5857	8603
rna-XM_017023652.1	2622	5049	3595	2653	3311	3856
rna-NM_014117.2	2121	1727	1392	1835	2153	2376
rna-NM_001352120.1	59	8	13	51	93	19
rna-NM_001424.5	1299	1628	1303	1204	1159	631
rna-NM_002484.3	556	556	469	637	577	464
rna-XM_006720944.3	2	0	2	0	0	2
rna-XM_011522485.2	11	9	7	11	15	4
rna-XM_011522455.3	392	520	523	513	380	576
rna-NM_015226.2	1129	1318	1243	1225	1339	1446
rna-XM_017023924.1	0	0	0	0	0	0
rna-NM_005425.4	0	0	0	0	0	0
rna-NM_021247.2	0	0	0	0	0	0
rna-NM_001286356.1	0	0	0	0	0	0
rna-NM_002761.2	0	0	0	0	0	0
rna-NM_003745.1	124	15	27	85	106	75
novel.872.1	281	201	170	284	321	66
rna-NM_152308.2	763	331	252	817	671	171
rna-XM_017023929.1	8	5	9	9	14	5
rna-XM_011522754.3	6236	2616	2711	6840	8407	7265
rna-XM_017023741.1	2966	1503	1740	3153	3357	3288
rna-XM_011522515.2	1533	1008	959	1554	1986	1301
rna-NM_014153.3	1406	1318	1092	1267	2249	2222
rna-XM_024450426.1	11	0	13	22	34	30
rna-NM_001192.2	6	0	0	0	8	22
rna-XM_011522738.3	505	244	202	585	738	1145
rna-NM_018340.2	784	66	110	673	828	228
rna-NM_015659.2	5197	6035	4432	5659	6190	6098
rna-NM_002094.3	8441	7917	6761	14210	18710	24109
rna-XM_011522424.3	635	517	461	637	672	401
rna-XM_005255539.3	31	143	36	43	26	14
rna-XM_017023501.2	863	685	624	694	1353	623
novel.873.1	15	10	0	25	58	18
novel.873.2	11	5	13	17	25	33
rna-NM_002582.3	591	668	553	603	718	466
rna-NM_016561.2	1149	1516	1264	1187	1281	1109
rna-XM_017023975.1	0	0	0	0	0	1
rna-XM_011522789.2	0	0	0	1	0	0
rna-XM_017023973.1	0	0	0	0	0	1
rna-XM_017023553.1	52	33	49	94	73	62
rna-XM_024450381.1	50	34	47	90	78	61
rna-NM_014287.3	4033	5594	4724	4507	3671	5779
novel.874.3	0	0	0	179	17	169
novel.875.2	0	0	79	40	0	0
novel.874.1	16	6	138	144	332	6
novel.874.2	275	181	0	0	5	179
novel.875.1	178	119	82	199	354	193
rna-NM_006985.3	171	120	151	224	246	227
rna-XM_005255173.1	1205	1049	865	1087	1299	1099
rna-NM_173474.3	541	471	397	690	681	787
rna-NM_018427.4	824	683	562	806	1230	871
novel.876.1	30	20	34	42	42	50
novel.902.2	89	114	1	75	164	0
novel.902.1	62	120	0	59	230	29
novel.902.3	6	72	266	40	203	82
novel.902.4	255	15	23	233	51	364
novel.903.1	128	123	101	187	220	213
novel.904.1	8	10	6	15	7	19
rna-XM_024450132.1	188	106	160	191	252	162
rna-NM_033201.2	398	408	418	623	787	1041
rna-XM_005255704.1	581	947	917	724	647	985
rna-XM_006720897.4	250	352	188	271	244	160
rna-NM_001040114.1	51	56	46	82	68	57
rna-NM_001304499.1	505	1005	791	569	430	447
rna-XM_017023237.1	1566	2684	3056	1479	1433	1266
rna-XM_024450261.1	39	6	6	32	47	16
rna-XM_005255318.1	2445	3548	2819	2595	1864	3056
novel.877.2	0	0	0	1	0	0
novel.877.1	62	95	96	113	97	213
novel.877.3	245	17	25	176	200	94
novel.878.1	80	11	21	113	224	95
novel.878.2	368	372	203	230	398	299
novel.878.4	66	62	108	80	0	24
novel.878.3	2	19	0	0	14	11
novel.905.1	28	13	18	31	26	22
novel.879.1	42	26	26	10	60	74
novel.879.2	2	0	0	51	5	8
novel.880.1	36	2	2	21	32	3
rna-XM_005255735.5	142	101	116	136	161	162
rna-NM_001349948.1	242	144	175	265	311	255
novel.881.1	0	0	2	5	4	0
novel.906.6	0	0	0	172	250	152
novel.906.11	0	44	0	22	45	0
novel.906.1	157	7	43	232	397	181
novel.906.2	1	3	1	4	4	1
novel.906.3	180	152	146	180	150	185
novel.906.4	14	4	18	40	23	33
novel.906.5	2	4	1	7	4	5
novel.907.1	39	21	36	23	162	59
novel.906.7	210	54	101	1	27	2
novel.906.8	26	0	150	69	0	231
novel.906.9	266	24	77	254	0	0
novel.906.10	7	151	17	37	267	99
novel.908.1	13	2	12	25	7	53
novel.909.1	43	25	19	25	50	55
novel.910.1	18	15	13	34	23	24
rna-XM_006720996.3	1486	1905	1788	1524	1156	1590
rna-NM_001004060.1	4623	6245	4940	4772	3498	5581
rna-XM_005255182.3	1831	1931	1388	1180	3129	1595
rna-NM_001300732.1	68	251	149	96	56	150
novel.911.1	36	128	77	47	15	57
rna-NM_001030009.1	10145	13263	13266	13191	7995	11355
rna-NM_015161.2	6644	6646	5426	7139	7884	7434
rna-NM_016138.4	357	524	367	420	408	450
rna-NM_001034841.3	953	1045	1076	962	1260	818
rna-NM_001256720.1	2	2	0	0	0	0
rna-XM_011545866.3	166	328	333	200	80	308
rna-NM_001105248.1	9	0	2	12	28	11
rna-NM_016641.3	3281	4026	3722	4093	3842	5532
rna-XM_017023433.2	231	250	183	165	303	230
rna-NM_001323569.1	588	695	562	419	831	623
rna-NM_020314.5	1214	1380	1298	1481	1838	1175
rna-NM_001348527.1	518	648	402	600	638	395
rna-NM_153208.2	464	583	734	453	490	502
rna-NM_001304771.1	1613	2318	2778	1646	1875	1882
rna-XM_024450367.1	57	28	10	47	20	0
rna-NM_001142725.1	162	296	171	143	176	88
rna-XM_011545963.2	30	105	39	45	103	17
rna-NM_173475.3	358	205	220	330	424	410
rna-XM_017023475.1	364	545	494	523	408	527
rna-NM_001888.4	3	0	0	3	8	0
rna-XM_017023432.1	4	7	0	9	21	0
rna-XM_006721066.2	320	126	135	342	384	336
rna-NM_130464.3	133	110	144	118	225	132
rna-XM_011545747.3	1	0	3	2	0	1
novel.912.1	12	3	0	9	6	7
rna-NM_005849.3	0	0	2	0	2	0
rna-NM_016025.4	1297	2105	1765	1665	1451	1911
rna-XM_024450283.1	89	86	106	81	169	86
rna-XM_011545785.3	0	0	0	0	0	0
rna-NM_003366.3	1510	2775	2302	1528	1371	1061
rna-NM_001164579.1	265	241	168	210	306	249
rna-XM_011545742.3	2	2	0	0	4	4
rna-NM_013302.3	407	1076	917	543	403	479
rna-NM_018119.3	399	356	280	447	493	396
rna-NM_001802.1	488	255	233	469	568	304
novel.913.1	7	0	9	6	18	31
novel.882.1	192	161	117	128	248	307
rna-NM_001135865.1	104	95	155	110	203	126
rna-NM_020718.3	1112	942	711	1064	1696	1441
rna-NM_001039.3	5	20	7	0	0	0
rna-XM_017023525.1	0	8	0	2	3	0
rna-NM_153603.3	301	550	355	300	357	277
novel.883.1	10	9	0	10	21	13
novel.883.2	7	4	2	11	10	6
rna-NM_015044.4	2768	2198	2076	2398	2750	2199
rna-NM_001308211.1	273	473	277	415	293	312
rna-NM_019116.2	2778	3644	2944	3525	3635	3900
rna-XM_011545856.2	1214	1903	1344	1788	1427	1405
rna-XM_011545946.2	1145	445	443	1044	1609	988
rna-NM_032486.3	2744	3744	2542	3531	3134	4922
rna-NM_033266.3	0	0	0	0	0	0
rna-NM_005030.5	1308	1144	406	1059	916	348
rna-NM_006910.4	888	720	585	627	1629	759
rna-XM_024450231.1	1103	824	715	825	1424	1061
rna-NM_001352248.1	0	0	3	5	9	2
rna-XM_011545873.3	1957	1393	1295	2012	2271	1765
rna-XM_011545864.1	1228	1283	973	1331	1116	921
rna-XM_011545822.2	3	0	0	0	0	0
rna-NM_001012981.4	521	295	294	424	574	451
rna-NM_001145348.1	115	57	57	104	172	94
rna-NM_145080.3	615	1275	1016	948	711	667
rna-XM_011545825.1	1296	272	409	1351	2012	966
rna-XM_011545857.3	267	38	62	301	284	3
rna-NM_001520.3	4606	5016	4415	4618	5755	4492
rna-XM_005255201.3	601	700	695	631	1032	692
rna-XM_005255315.4	768	341	345	743	640	541
rna-NM_015171.3	4427	4873	3363	3844	4928	2677
rna-NM_001282524.1	5	3	12	6	19	14
rna-XM_005255061.1	6630	4794	4026	8165	9325	6060
rna-XM_011545780.2	0	0	0	0	0	0
rna-XM_017023602.2	0	0	0	0	0	0
rna-NM_001317857.1	7684	6568	5256	8865	9825	7375
rna-NM_001042432.1	1912	1259	1318	2908	2198	2324
rna-NM_018690.3	11	8	9	9	12	2
rna-NM_001042483.1	587	525	501	1521	422	929
rna-NM_138414.2	648	382	401	834	630	524
rna-XM_024450408.1	6	30	10	14	0	5
rna-XM_017023622.1	4	3	1	10	19	8
rna-NM_001199142.1	8148	7127	5801	9637	10610	7665
rna-XM_017022815.2	5	1	2	10	14	7
rna-NM_003321.4	9337	13001	11947	12610	10130	10325
rna-NM_001308293.1	1051	859	813	1316	1250	1287
rna-NM_173201.3	21	23	41	20	36	28
rna-NM_024816.2	298	292	230	519	652	579
rna-NM_032815.3	2123	1062	927	1983	2866	1206
rna-XM_017023757.1	2405	1715	1656	2719	2487	2224
rna-NM_001014989.1	8	3	13	9	42	8
rna-XM_017023984.2	9	4	4	7	4	0
rna-XM_024450420.1	35	32	47	30	69	29
novel.915.1	11	4	10	7	17	12
rna-NM_001030288.3	17	3	0	23	10	14
rna-XM_005255223.3	1360	145	293	2249	1672	2085
novel.914.2	0	0	0	0	0	0
rna-NM_001320622.1	1011	685	621	887	1147	970
rna-NM_001031827.2	372	443	390	568	417	326
rna-NM_024044.3	503	688	616	597	422	402
rna-NM_001017390.2	130	81	97	113	210	68
rna-NM_001355401.1	67	67	101	54	113	69
novel.914.1	256	276	239	499	390	248
rna-XM_024450270.1	2339	2044	1189	2110	1781	681
rna-XM_005255038.4	2951	2508	2558	3693	3370	3132
rna-NM_001042539.2	7039	11937	10178	9590	6922	7700
rna-NM_001256442.1	144	52	77	126	152	78
rna-NM_024516.3	1931	1900	1572	2673	2032	1960
rna-NM_017458.3	6394	7057	9846	6365	5937	5836
rna-NM_001243332.1	4254	1740	2252	4121	2975	3070
rna-XM_024450222.1	581	288	358	619	508	239
rna-XM_011545783.3	324	290	229	421	349	345
rna-NM_001083613.1	1425	1907	2020	1983	1445	1565
rna-XM_011545982.2	2484	1529	1544	2507	2608	1502
rna-NM_003609.4	991	804	626	1210	904	864
rna-NM_173618.2	1109	978	699	1475	1243	1128
rna-XM_024450472.1	97	55	56	105	163	46
rna-NM_001353379.1	1	0	0	0	0	2
rna-NM_001352173.1	132	107	90	268	168	263
rna-XM_011545926.3	12	34	28	37	38	47
rna-NM_031477.4	568	536	754	578	384	346
novel.884.1	10	10	5	16	4	0
rna-NM_024307.2	18	7	11	6	14	4
rna-NM_002746.2	2095	2379	2513	2696	2195	2219
rna-XM_017022885.2	197	428	246	184	153	49
rna-NM_001039182.2	446	502	446	692	550	399
rna-NM_001014999.2	580	756	653	643	476	431
rna-NM_177552.3	132	85	102	116	202	62
rna-NM_001321892.1	55	70	67	42	74	51
novel.916.1	156	133	100	179	227	136
novel.917.1	49	14	5	32	97	39
novel.918.1	8	0	0	8	17	11
rna-NM_001243177.1	62571	136155	121006	65362	53860	63648
rna-NM_001303503.1	3618	3758	3326	4311	3478	3271
rna-NM_016643.3	233	233	253	350	188	251
rna-NM_024096.1	1643	1665	989	2083	1989	1211
rna-NM_001324459.1	0	0	2	2	0	4
rna-NM_006110.2	3890	2726	2732	4593	4506	3403
rna-NM_015527.3	3520	2547	2626	4302	3669	3584
rna-XM_017022991.1	16	54	49	30	15	28
rna-NM_001214906.1	1320	1337	1152	1588	1071	1296
rna-NM_012248.3	2588	1893	1853	3162	2457	2643
rna-NM_002209.2	5	0	6	8	0	0
rna-XM_017023665.2	2388	1640	1470	3156	2394	2382
rna-NM_001305018.1	554	88	119	712	779	369
rna-NM_033410.3	235	327	245	294	248	257
rna-XM_024450165.1	123	127	120	211	146	164
rna-XM_024450163.1	44	6	3	25	55	15
rna-NM_138447.2	750	633	459	828	750	748
rna-NM_001320464.1	1089	1143	1092	1229	955	916
rna-NM_001105079.2	2503	2453	2543	2888	2556	2292
rna-NM_001256932.1	49	32	26	45	38	78
rna-NM_006662.2	4273	3431	2651	4719	5591	4808
rna-NM_001256829.1	265	154	183	269	371	98
rna-NM_000294.2	942	939	889	1021	1020	748
rna-XM_017023852.2	8	16	12	5	7	6
rna-NM_014771.3	5072	4997	4106	5664	5224	4436
rna-NM_001080417.2	1732	1546	1503	2115	2045	1751
rna-XM_011545980.3	629	1081	1070	963	733	630
rna-XM_011545759.2	60	17	18	112	119	54
rna-NM_001099784.2	1830	1468	1427	2170	2248	2466
rna-NM_152288.2	569	876	865	659	713	415
rna-XM_017023909.1	2461	1805	1602	2963	3359	3274
rna-XM_011545960.2	331	167	197	496	726	371
rna-NM_052874.4	20	17	25	65	36	12
rna-NM_004604.4	1034	1083	908	1031	1224	873
rna-NM_001172669.1	504	455	373	697	550	716
rna-XM_005255710.4	1072	1038	906	1231	1226	880
rna-XM_011545816.2	74	63	67	92	79	68
rna-NM_001311311.1	3491	5120	4550	4089	2319	3291
rna-NM_005881.3	2717	5649	4874	3200	2369	2272
rna-NM_182958.2	668	793	765	762	713	534
rna-NM_002773.4	32	2	0	25	18	9
rna-NM_173502.4	24	11	11	33	33	7
rna-NM_004960.3	5027	7120	4771	7510	7780	4961
rna-NM_013258.4	8	2	0	3	4	5
rna-NM_001145808.1	2	2	0	2	8	0
rna-NM_001286375.1	6	5	0	9	2	4
rna-NM_001353381.1	11	13	11	19	4	14
rna-NM_001288767.1	639	242	276	571	790	488
rna-NM_001042454.2	2189	1126	1003	2440	2679	1442
rna-XM_006721072.4	6	7	3	16	15	14
rna-NM_022744.3	1804	3401	2853	2556	1830	1983
rna-NM_001130913.1	66	77	54	80	106	52
rna-NM_003414.5	246	171	166	136	438	133
novel.885.1	13	0	0	0	0	0
novel.919.1	28	0	0	9	12	4
novel.920.1	66	69	52	61	107	108
novel.920.2	8	7	0	0	0	28
novel.921.1	4	0	7	4	4	2
novel.922.1	17	10	15	52	30	19
novel.923.1	3	0	0	2	0	0
novel.924.1	7	2	2	5	13	4
novel.887.1	2	0	0	3	0	0
novel.925.1	34	12	11	53	42	17
rna-NM_024745.4	1123	1932	559	910	789	303
novel.926.1	849	1232	1252	1392	1047	2611
novel.926.2	223	0	0	0	0	0
rna-NM_182493.2	8	10	10	10	13	12
rna-XM_024450271.1	560	1077	881	558	367	543
rna-NM_018206.5	8021	11069	9062	9114	9648	10458
rna-NM_014321.3	1001	1002	349	1055	1261	523
rna-NM_133443.3	5856	18211	13102	7423	3396	6429
rna-NM_005880.3	3812	6703	5246	4196	4295	5020
rna-NM_018092.4	1881	250	405	1915	3502	1936
rna-NM_030790.4	2539	4764	4200	2479	2363	3879
rna-NM_000293.2	1522	5013	3865	1423	1086	2013
rna-XM_017023795.2	8	6	10	6	4	10
rna-NM_001348078.1	1405	3848	2446	1573	1508	2039
rna-NM_001006610.1	777	979	745	1105	706	1108
rna-NM_153029.3	3583	4642	3511	3541	3822	5119
novel.888.1	28	16	23	22	21	10
rna-XM_006721171.4	98	594	563	135	4	227
rna-NM_153261.5	660	794	660	692	903	908
rna-NM_182922.3	675	1957	1349	688	650	583
rna-XM_005256092.4	1250	1832	1966	1084	1013	1964
rna-XM_011522837.3	720	1244	1324	605	631	819
rna-XM_011523046.3	2577	5362	4452	2894	3056	3929
rna-NM_033119.4	62	132	74	43	18	69
rna-NM_022162.2	39	41	42	10	29	9
rna-NM_015247.2	2512	2337	2324	2401	3548	4384
rna-NM_002968.2	1183	8361	6901	1701	8	4289
rna-NM_001080430.3	945	2610	2966	618	18	991
rna-XM_005256168.4	1157	1846	1752	693	1468	2363
rna-NM_001323608.1	2507	5787	4808	2040	2054	3674
rna-XM_005256098.5	603	1537	1530	854	729	1077
rna-XM_017023094.2	353	841	743	267	506	373
rna-XM_011523313.3	2744	8634	7681	3975	2657	5250
novel.889.1	5	13	18	14	0	38
rna-XM_005256139.3	1030	870	1068	986	933	846
rna-NM_001308963.1	103	125	155	131	123	134
rna-NM_005853.5	118	135	198	115	87	96
rna-NM_024335.2	0	0	4	0	2	2
rna-NM_004530.5	2906	15048	9326	3511	118	6462
rna-NM_001025195.1	0	0	0	5	0	1
rna-NM_032330.2	0	4	0	3	0	2
rna-NM_017839.4	802	1391	1041	851	709	1207
rna-NM_020988.2	19	52	38	48	38	59
rna-NM_001323512.1	4151	7602	7597	5500	4201	6507
rna-NM_005954.3	125	370	264	150	2	155
rna-NM_007006.2	5103	8912	6527	4783	5347	4063
rna-NM_018233.3	2780	3347	2313	2984	3465	2925
rna-XM_005256080.2	1787	3725	3084	1944	2061	2953
rna-NM_005946.2	0	0	0	9	0	0
rna-NM_005947.2	0	2	0	2	0	0
rna-NM_001301267.1	0	0	0	0	0	0
rna-NM_005951.2	0	0	0	0	0	0
rna-NM_005953.4	29096	24714	18491	44933	48621	42238
novel.890.1	811	105	108	1100	1216	213
rna-XM_005255956.4	2423	495	912	4372	4897	2390
rna-NM_176870.2	346	45	243	825	1190	790
rna-NM_005949.3	465	324	293	528	611	353
rna-NM_005952.3	7003	12871	9778	6078	5494	5093
rna-NM_000339.2	6	4	0	4	0	0
rna-NM_014669.4	5641	8192	7408	9455	4618	11273
rna-NM_014685.3	5101	5751	3931	9811	4169	6563
rna-NM_000078.2	5	0	0	0	1	0
rna-XM_006721297.2	1651	1735	1298	1359	1334	1459
rna-NM_152727.5	2099	3361	3249	3264	2320	4989
rna-XM_005256156.5	1702	3780	3038	2502	2049	2468
rna-XM_024450483.1	1898	2201	1789	1950	2692	3254
rna-NM_012106.3	2259	5153	3763	3766	2418	3954
rna-NM_015993.2	477	304	286	547	234	503
rna-NM_002996.5	3512	1317	1658	4783	6841	5592
rna-NM_020313.3	1945	3028	2253	2880	2768	2791
rna-NM_020312.3	1488	3412	2553	2034	1759	1908
rna-NM_032940.2	3340	4272	3153	4587	3737	4448
rna-NM_001330556.1	1076	1184	1289	1184	941	1056
rna-XM_011523469.2	747	551	551	1067	860	586
rna-XM_011522949.2	5	2	0	5	2	0
rna-XM_006721340.3	2551	5754	6552	3204	1460	2756
rna-NM_001289162.1	4	22	3	7	0	0
rna-XM_006721121.4	1898	3424	2404	1937	1398	1423
rna-XM_017023219.1	4709	1742	1790	3911	3266	2173
rna-XM_011523082.2	14	6	0	19	10	0
rna-NM_001297.4	25	0	0	31	5	4
rna-XM_017023218.1	2	3	4	0	6	0
rna-NM_020807.2	615	777	711	701	511	402
rna-NM_024598.3	2359	2904	2412	2640	2176	2250
rna-NM_002428.3	2297	1567	2303	2082	986	1357
rna-NM_013242.2	1317	1816	1312	1336	1168	1173
rna-NM_001896.3	1464	1906	1538	1619	1406	2120
rna-NM_001305173.1	0	1	0	0	0	0
rna-NM_014157.3	251	857	686	303	288	212
rna-NM_001126129.1	1144	775	514	1187	1022	717
rna-NM_018231.2	1193	878	867	1767	1586	1431
rna-XM_006721252.3	605	2198	2402	929	131	1255
rna-NM_001160305.2	301	417	354	425	392	394
rna-NM_016284.4	7598	14009	9677	6006	8230	9429
rna-NM_002080.3	6314	13423	9617	8777	8028	8635
rna-NM_001796.4	47	4	8	29	68	16
rna-NM_001797.3	294	1397	1682	303	0	453
novel.891.1	99	276	306	201	0	466
rna-XM_011522801.2	4580	13458	8684	3375	47	6438
novel.892.1	28	56	41	21	20	16
rna-NM_001178020.2	115	76	150	115	113	163
rna-NM_004614.4	747	1362	1128	1085	1024	1190
rna-NM_001204099.1	0	19	26	0	0	0
rna-NM_016951.3	967	1144	778	1382	1089	949
rna-NM_052999.3	50	34	17	25	55	53
rna-NM_144673.2	3	2	0	2	0	2
rna-XM_006721131.2	2903	3473	2594	4557	4446	5093
rna-NM_178818.2	429	1990	1768	614	283	553
rna-NM_006141.2	4297	8287	8046	4173	3616	4828
rna-XM_011523009.2	2	2	0	4	8	3
rna-NM_001286500.1	1288	2598	1760	1472	1497	1406
rna-NM_005182.2	0	7	5	7	5	8
rna-NM_001329928.1	1909	1667	1590	2518	2179	3496
rna-NM_004062.3	645	54	109	2028	2398	3404
rna-NM_004165.2	189	11	43	513	809	821
rna-NM_016062.3	1538	2245	2187	2659	1925	3686
rna-NM_003869.5	2300	3311	3479	3667	3380	4376
rna-NM_024922.5	120	283	211	126	112	124
rna-XM_011523021.2	49	17	13	124	39	10
rna-NM_022845.2	2496	3609	2435	2511	3390	3120
rna-XM_017023729.1	1226	1047	973	1290	1539	1375
rna-NM_033309.2	1119	1630	1505	1548	1064	913
rna-NM_003789.3	858	1141	1261	970	888	768
rna-NM_018378.2	130	194	280	168	201	175
rna-NM_001040667.2	32	40	48	41	73	48
rna-XM_011523424.2	706	2320	1998	814	690	553
rna-NM_001040715.1	224	840	727	198	223	262
rna-NM_178516.3	32	33	32	27	22	16
rna-NM_001950.3	1987	2887	2125	2674	2233	2573
rna-NM_024712.3	36	14	41	22	35	8
rna-XM_017023126.1	40	52	53	56	46	28
rna-XM_011523526.3	1	2	4	5	1	4
rna-NM_014187.3	1258	1463	1415	1835	1334	1687
rna-NM_001318202.1	1390	1589	1576	1282	1387	672
rna-NM_004594.2	492	274	309	626	647	612
rna-NM_001100915.2	0	0	0	0	0	0
rna-XM_011522987.2	96	20	45	166	182	81
rna-NM_015964.3	65	133	172	106	22	64
rna-NM_013304.2	54	204	198	105	16	111
rna-NM_001138.1	0	1	1	0	0	0
rna-NM_000196.3	37	231	187	48	25	35
rna-NM_004691.4	5953	4787	5014	8479	6875	9386
novel.927.1	24	32	33	31	27	28
rna-XM_011523321.1	4154	3687	3299	4622	4475	4127
rna-XM_024450502.1	0	4	6	3	9	9
rna-NM_006565.3	2521	3237	2294	3407	3240	5316
rna-NM_001013838.2	125	67	110	277	209	155
rna-NM_001082486.1	1219	1439	1156	1702	1383	1226
rna-XM_005255977.3	317	935	709	678	263	773
rna-NM_032140.2	761	1170	1114	931	548	719
rna-XM_024450274.1	64	84	139	95	69	174
rna-NM_030819.3	850	1034	894	1075	959	1684
rna-XM_005256070.2	1122	1415	1225	1092	1383	899
rna-XM_011523230.2	42	32	54	31	47	68
rna-NM_025082.3	523	609	629	654	763	571
rna-NM_020457.2	2165	1962	1972	3105	2776	2958
rna-NM_001322039.1	2459	4613	3407	3618	2746	3561
rna-NM_014329.4	2292	2473	2252	2426	2659	2560
rna-NM_198443.1	1	0	6	2	5	0
rna-NM_006742.2	1922	3359	2964	3253	2418	4064
rna-NM_001907.2	18	17	13	16	55	23
rna-NM_002801.3	1617	1234	1042	1524	2857	946
rna-NM_000229.1	156	76	102	123	114	53
rna-NM_001145962.1	4709	4015	3548	4606	3250	2485
rna-NM_001282442.1	4	0	0	0	0	0
rna-NM_018380.3	495	725	554	685	737	527
rna-NM_017803.4	421	826	633	532	494	252
rna-NM_173165.2	1812	1919	1525	1600	1644	1731
rna-NM_024939.2	8	9	6	14	9	15
rna-XM_011522979.2	2364	1553	1459	2749	2355	2255
rna-XM_011523438.2	2787	2557	1661	2649	3772	3166
rna-NM_032178.2	316	406	224	310	358	288
rna-XM_011523112.3	946	1510	1150	1188	910	858
rna-XM_017023406.1	19	19	19	57	30	247
rna-XM_017022952.2	1235	1821	1853	1597	1759	2284
rna-NM_001793.5	48	18	33	35	36	29
rna-NM_004360.4	91	3	8	51	26	5
rna-NM_024562.1	526	754	539	858	827	599
rna-NM_001199280.1	916	447	442	740	1797	605
rna-XM_011523167.2	3303	4704	3581	4608	4215	3228
rna-NM_032830.2	1996	2792	1820	2270	2594	2046
rna-NM_006750.3	1384	1901	1867	1485	2197	4931
rna-NM_013245.2	3203	6782	5079	4582	3661	4008
rna-NM_022341.1	345	438	245	521	351	491
rna-NM_032382.4	1146	1968	1506	1389	1001	1391
rna-NM_016101.4	1958	2397	1567	2306	2483	2198
rna-NM_144676.3	16	17	16	25	21	14
rna-XM_005256121.3	1575	2007	1814	1972	1684	2055
rna-NM_030579.2	9848	9871	7221	10515	7350	9880
rna-NM_138713.3	3868	3653	3626	2649	5301	4488
rna-NM_000903.2	7321	7910	10379	7031	6973	4334
rna-NM_014062.2	2872	3886	3225	3385	2760	3342
rna-XM_017023206.1	2	0	6	2	7	4
rna-NM_007014.4	1590	2387	1976	2065	1589	2085
novel.928.1	13	6	12	8	16	6
rna-NM_017990.4	3713	7158	6193	3656	3146	5081
rna-XM_024450239.1	2	3	2	2	2	4
rna-XM_011522832.2	1409	2242	1639	2058	1534	1700
rna-NM_018332.4	2479	4287	3029	3261	2909	3393
rna-XM_017023965.2	30	22	30	15	51	51
novel.893.1	91	150	141	146	183	169
rna-NM_058219.2	564	651	486	754	760	702
rna-NM_001605.2	12252	10454	9188	21285	12317	14374
rna-NM_006927.3	2678	3575	3284	3495	2583	3540
rna-NM_145059.2	404	677	969	413	329	394
rna-NM_152456.2	9	0	4	7	5	4
rna-NM_015386.2	1976	4190	3308	2565	2135	2497
rna-NM_012426.4	9828	17190	11591	10968	11834	10364
rna-XM_011523450.2	5662	15005	13983	6979	1565	6101
rna-XM_005256038.4	3450	3494	2849	3910	3649	3498
rna-XM_011523146.2	4	4	0	9	5	0
rna-XM_017023444.1	335	283	235	351	545	510
rna-NM_001740.4	2	7	0	6	13	24
rna-NM_001304492.1	379	577	444	370	407	442
rna-NM_006961.3	86	100	77	119	98	64
rna-NM_005769.2	2	0	0	0	0	0
rna-NM_001017967.3	11	9	7	9	5	18
rna-NM_015020.3	755	920	627	636	796	852
rna-NM_001030007.1	2811	4516	3712	3082	3838	4031
rna-NM_181536.1	0	0	0	4	7	2
rna-NM_001137675.3	2111	2961	2362	1935	2414	2379
rna-XM_017023411.1	449	399	386	611	379	630
rna-NM_001270976.1	5536	6746	6430	7844	7787	9092
rna-NM_001361.4	248	820	460	269	202	190
rna-NM_005143.4	0	10	4	4	8	16
rna-NM_001142318.1	565	592	383	693	646	576
rna-XM_011523485.1	2433	3237	2607	2656	3139	2997
rna-XM_011523361.3	0	2	2	4	7	6
rna-XM_017023920.1	21	23	8	20	22	9
rna-NM_006885.3	824	1026	969	639	1066	1281
rna-XM_024450275.1	4	2	0	2	0	0
novel.929.1	0	2	24	0	1	0
novel.929.2	0	56	0	0	6	0
novel.929.4	0	0	0	0	1	137
novel.929.6	0	0	0	0	0	0
rna-NM_002811.4	3090	3512	2718	3139	3590	2860
novel.929.3	86	27	60	108	164	1
novel.929.5	8	92	37	0	0	0
rna-XM_011523496.2	20	8	10	12	13	11
rna-NM_001011880.2	8	0	15	9	3	11
rna-NM_152649.3	709	458	350	813	1587	708
rna-NM_024306.4	17	48	32	33	6	18
rna-NM_012201.5	6418	11080	10039	6240	6049	8432
rna-XM_005256021.4	3360	2625	1391	2977	3945	1778
rna-XM_005256146.3	1229	1042	1075	1290	1956	1629
rna-NM_032268.4	1247	2120	1643	1310	1344	2067
rna-XM_024450174.1	135	23	50	151	151	134
rna-XM_017022983.1	376	341	229	342	545	499
rna-NM_001025200.3	1	0	0	0	0	4
rna-NM_001906.5	1	0	0	0	0	4
rna-NM_001170714.2	4073	1724	2022	3684	3694	3635
rna-NM_006324.2	1600	1503	1318	1982	1608	1807
rna-NM_145254.2	960	730	543	990	1672	1436
rna-NM_021615.4	63	17	8	68	25	70
rna-NM_024533.4	5	6	5	0	2	12
rna-NM_001077416.2	271	381	339	310	234	357
rna-NM_007285.6	2246	2715	2502	2883	2376	3317
rna-NM_012091.4	898	1008	722	1316	1552	1467
rna-NM_014940.3	1114	968	895	1231	1452	1249
rna-NM_001129979.2	10	2	7	8	10	4
rna-XM_011523032.2	82	105	69	96	93	79
rna-NM_001351307.1	0	0	0	0	4	0
rna-NM_001355613.1	0	0	0	0	0	0
rna-NM_001130089.1	6068	7635	5790	7149	7253	5818
rna-NM_018975.3	2351	3358	2741	3361	2602	3738
rna-NM_020927.2	103	519	404	171	0	564
rna-NM_005360.4	66	468	359	35	7	150
rna-NM_001305017.1	5	6	8	0	4	6
rna-XM_011522866.1	318	967	765	198	117	372
rna-NM_016373.3	417	728	750	714	560	1084
rna-XM_017023461.2	863	1348	965	859	758	776
rna-NM_001100625.2	832	755	342	790	811	462
rna-XM_017022917.1	53	97	117	60	90	98
rna-NM_015251.2	2256	2720	2722	2617	2817	3719
rna-XM_017023136.2	516	1256	1044	614	416	570
rna-NM_052892.3	25	15	23	22	18	6
rna-NM_017429.2	4	11	18	7	10	3
rna-NM_022041.3	196	179	114	154	366	464
rna-NM_198390.2	1938	2547	2585	2333	2237	2461
rna-NM_002661.4	431	54	84	339	451	173
rna-NM_005792.2	306	527	266	401	536	304
rna-NM_001220488.1	4065	4394	3204	3388	2872	3494
rna-NM_001537.3	4385	4119	3898	5195	5221	5904
rna-NM_012213.2	183	169	167	320	181	255
rna-NM_182981.2	275	99	95	336	474	306
rna-XM_017022946.1	2	0	0	0	0	0
rna-NM_003791.3	5091	4133	3829	5704	6502	6400
rna-NM_031463.4	1211	1009	888	1246	1793	1272
rna-XM_011522853.3	8	3	0	6	6	8
rna-XM_006721325.3	494	324	335	582	859	403
rna-NM_139174.3	2	0	0	0	0	0
rna-NM_001286527.2	1	0	1	6	16	6
rna-XM_005256074.3	963	474	494	932	1179	769
rna-NM_024731.3	1321	1171	1252	1085	1281	959
rna-NM_021149.3	8280	4919	3860	7905	7565	4219
rna-NM_001272075.1	4558	2978	2458	3780	4844	3052
rna-NM_031476.3	936	74	114	504	618	103
rna-NM_001145548.1	2882	1316	1505	3282	3785	3310
rna-XM_005256265.3	901	291	475	988	1134	857
rna-NM_198491.2	4	2	2	0	8	0
rna-NM_206967.2	88	92	77	69	39	35
rna-XM_005255859.5	1626	2804	2732	1324	1111	1349
rna-NM_016095.2	1092	818	344	1089	1210	243
rna-NM_006067.4	1122	1084	884	1546	1805	1514
rna-XM_024450156.1	5635	5479	5960	8514	7000	7385
rna-NM_001451.2	12	16	21	9	2	36
rna-XM_017023572.2	403	325	342	577	676	562
rna-NM_005251.2	1582	123	249	1562	1567	670
rna-NM_005250.2	1810	205	396	1653	2669	1542
rna-NM_001195124.1	79	72	56	84	81	55
rna-NM_024735.4	1639	1103	1192	2122	2266	2168
rna-NM_022818.4	5904	4309	4276	6876	10228	9191
rna-XM_005255858.3	445	255	202	406	670	679
rna-NM_020655.3	167	24	67	200	135	313
rna-XM_006721204.4	391	506	423	416	424	260
rna-XM_011523176.2	476	338	291	573	642	588
rna-XM_017023969.1	24	0	22	13	72	5
rna-XM_017023968.1	0	8	4	0	4	0
rna-XM_017023735.1	1947	2147	1609	3118	2416	1966
rna-XM_017023785.1	25	3	18	28	64	12
rna-XM_011522912.2	341	270	290	404	350	277
rna-NM_001294340.1	2045	1766	1436	2594	3419	2373
rna-NM_013278.3	6	0	2	10	19	10
rna-XM_011522905.3	7626	776	2118	12011	13542	8215
novel.894.2	0	20	23	44	55	31
novel.894.3	0	0	0	13	26	0
rna-XM_011523086.2	2493	1118	1060	3286	4218	2344
novel.894.1	173	71	77	245	213	185
novel.894.4	14	1	0	8	87	9
rna-NM_178310.3	61	32	20	97	64	22
rna-XM_017022910.2	661	389	371	832	1014	626
rna-NM_001318507.1	638	455	343	905	858	600
rna-NM_001142864.3	6244	5287	5009	8394	12114	10144
rna-XM_017023971.2	0	0	0	0	2	0
rna-NM_001290330.2	0	0	0	0	0	0
rna-NM_005187.5	2	0	0	0	2	0
rna-XM_017023970.1	0	0	0	0	2	0
rna-XM_017023230.1	0	0	0	0	3	4
rna-NM_030928.3	4386	1337	704	4115	2674	947
rna-NM_000485.2	2355	2738	2626	3293	2591	1991
rna-XM_011522982.2	2192	869	1035	2795	3318	3392
rna-NM_001318524.1	1384	738	778	2028	1916	1927
rna-NM_004933.2	33	35	35	37	8	14
rna-XM_017022962.1	10	3	3	16	3	3
rna-XM_005256293.2	782	578	525	1072	1061	833
rna-XM_011522940.2	277	143	156	210	507	333
rna-XM_017023182.2	2582	2187	1624	2324	4160	2831
rna-NM_001242885.2	6	0	3	3	3	0
rna-XM_006721264.4	1199	1389	1382	1374	2133	1068
rna-NM_000977.3	35951	32885	35568	49267	33681	42125
rna-XM_017023138.2	1258	139	259	1362	1505	883
rna-NM_001128141.2	34	4	7	75	56	26
rna-XM_011523098.1	531	279	286	790	944	639
rna-NM_001271907.1	204	142	143	265	296	209
rna-XM_011523405.3	546	405	439	885	1146	1165
rna-NM_152339.3	779	320	396	908	936	752
rna-XM_005256329.5	605	385	484	767	745	545
rna-NM_001113525.1	530	219	272	485	940	412
rna-XM_005256294.4	870	851	403	861	1133	465
rna-NM_032451.1	512	219	328	525	623	451
rna-XM_017023972.1	10	0	3	4	8	4
rna-XM_011523522.2	4	3	0	2	11	6
rna-XM_011522956.2	3222	4511	4337	5127	4858	5594
rna-NM_002386.3	219	110	160	246	269	175
rna-NM_006086.3	1704	5116	4557	2149	2764	1734
rna-XM_011523160.3	955	1068	1015	1427	1543	1406
rna-NM_145039.3	594	322	285	839	1007	581
novel.930.2	0	0	2	0	0	0
novel.930.1	58	45	37	46	158	54
rna-NM_001288709.1	2193	2124	2182	3355	3016	3618
rna-NM_001481.2	743	736	748	990	1249	1225
novel.895.1	13	2	8	21	66	14
novel.1253.1	22	4	6	53	29	10
rna-NM_003585.4	1	0	0	2	2	0
rna-NM_001242780.1	0	0	0	1	0	0
rna-XM_024451031.1	105	117	116	165	127	150
rna-NM_001013672.4	45	67	73	76	47	80
rna-NM_182705.2	409	57	120	327	467	151
rna-NM_001128159.2	608	789	733	696	891	634
rna-NM_024792.2	1645	3394	2278	1725	2129	1841
rna-XM_011523911.2	2605	3337	2307	2808	2763	2212
rna-NM_016080.3	1900	2211	1784	2365	2747	2488
rna-NM_018146.3	1411	1271	1062	1837	1691	1513
rna-NM_022463.4	4853	2994	2881	4440	4394	2832
rna-NM_013337.3	551	576	446	850	744	787
rna-XM_017024539.1	1874	2472	2271	2105	2337	1731
rna-NM_001164405.1	2	2	3	9	3	7
rna-NM_172367.2	1	3	1	0	3	0
rna-NM_006761.4	10943	18257	13529	14422	12534	14821
rna-NM_016823.3	2898	3091	2649	2636	2974	3462
rna-NM_001321364.1	366	258	337	395	338	197
rna-NM_001080779.1	11646	10611	9725	14387	11992	10179
rna-NM_016532.3	2398	2430	2633	3200	2213	2871
rna-NM_006224.3	3736	5940	4768	4360	3705	4783
rna-XM_005256701.4	23	93	92	30	25	22
novel.963.3	0	0	1	0	6	0
rna-NM_003693.3	11	5	5	20	18	10
rna-NM_031430.2	196	112	143	223	250	114
rna-NM_006445.3	7279	10588	6893	6287	7299	4322
rna-NM_001164407.1	108	37	63	119	128	104
novel.963.1	53	24	51	43	332	45
novel.963.2	4	3	8	12	29	48
rna-NM_001163809.1	1609	970	1285	1861	1926	1369
rna-NM_178568.3	101	334	415	117	55	254
rna-NM_002615.6	1402	6843	6251	2040	54	3778
rna-NM_052928.2	1623	949	932	1661	1862	1921
rna-XM_024450863.1	7230	9675	7470	7706	6631	5404
rna-NM_001383.4	1854	1660	1567	2265	2059	1810
rna-NM_080822.2	524	977	871	1210	902	944
rna-XM_011523868.2	717	1484	1162	711	798	398
rna-NM_024086.3	1301	1899	1581	1336	1300	1404
rna-NM_001098202.1	158	32	52	211	231	157
rna-NM_017575.4	1709	2268	2109	1898	1960	1805
rna-XM_006721565.3	372	761	697	451	453	383
rna-NM_018128.4	4171	7999	4872	3999	4864	4245
rna-XM_011524101.3	1883	2815	2868	1703	1548	2061
rna-XM_011523901.2	5662	7645	6684	5899	7336	6123
rna-XM_024450675.1	4595	5139	4271	5632	5827	5344
novel.931.1	28	10	10	51	65	35
rna-NM_001355573.1	30	0	6	28	14	13
rna-XM_011523738.2	979	333	324	775	733	269
rna-NM_001321337.1	0	0	0	0	1	0
rna-XM_024450764.1	7	1	4	0	2	0
rna-NM_001258205.1	2	0	0	4	14	2
rna-XM_024450996.1	165	204	197	134	169	93
rna-XM_011523896.3	2	0	0	2	0	0
rna-XM_011523881.2	466	138	116	530	308	99
rna-NM_080704.3	117	68	73	74	111	67
rna-NM_013276.2	1527	1742	1456	2217	1969	1632
rna-NM_001031681.2	2411	911	1046	3017	3045	2702
rna-NM_014604.3	2277	2070	2081	3556	4070	2641
rna-NM_001014764.2	1334	1552	1266	1592	1304	1447
rna-NM_002561.3	535	118	171	852	972	670
rna-XM_024450740.1	237	513	336	378	359	602
rna-NM_031965.2	934	631	280	762	736	310
rna-XM_005256717.3	1486	1206	1131	1463	1936	1582
rna-XM_017024382.1	1191	1838	1442	968	1466	1560
rna-NM_144611.3	600	1298	1302	1053	715	1388
rna-XM_017024733.1	3923	4430	3486	3546	5047	4429
rna-NM_182538.4	2	4	0	6	3	3
rna-NM_003342.4	3293	3172	2923	3807	3948	4647
rna-XM_024450574.1	46	12	13	127	204	214
rna-NM_001105538.1	2528	3609	2251	2498	2710	1244
rna-NM_001114974.1	30	2	4	27	49	7
rna-NM_001140.4	6	0	0	6	5	2
rna-NM_014389.2	3267	3353	2887	3653	3324	2550
rna-XM_011523858.2	2052	2881	2236	2272	1552	1225
rna-NM_001001683.3	373	758	631	539	444	548
rna-NM_022059.3	1254	2975	2540	1491	1067	1426
rna-NM_001267822.1	40	39	25	34	32	12
rna-NM_182566.2	39	10	16	44	54	71
rna-XM_005256626.4	30	16	29	64	103	91
rna-NM_002798.2	3806	4699	4285	4717	3885	3909
rna-NM_002663.4	1132	1291	1481	1315	1359	878
rna-XM_006721531.2	4352	4761	4400	5774	5875	5722
rna-NM_000080.3	6	5	2	10	7	2
rna-NM_001145536.1	41	10	12	35	36	45
rna-NM_004890.2	1426	1521	1386	1941	1799	1797
rna-NM_001171167.1	1516	1929	2079	2146	2063	2065
rna-NM_000173.6	9	8	15	9	10	5
rna-XM_024450994.1	3212	5812	4196	4477	2909	3755
rna-NM_015528.2	5452	6613	5682	7051	5078	5437
rna-XM_017024761.1	32463	33754	29100	46823	43434	35622
rna-XM_005256521.2	148	110	119	314	368	391
rna-XM_017025021.1	533	348	311	598	610	540
rna-NM_001304284.1	49	53	53	116	143	222
rna-NM_032530.1	141	120	118	85	258	92
rna-NM_207103.3	5	0	0	10	5	8
rna-XM_024450745.1	51	44	47	55	77	60
rna-NM_006612.5	7507	10815	11417	9125	8438	10494
rna-NM_017986.3	18	0	8	21	39	24
rna-NM_153018.2	63	369	335	106	35	55
rna-XM_011524060.2	2849	3198	2657	2225	2946	3193
rna-NM_001320653.1	2220	2788	1860	2091	2252	1698
rna-NM_001160243.1	872	980	863	981	891	755
rna-NM_001212.3	4900	10834	7665	6965	6040	5852
rna-NM_020162.3	1441	2305	1526	1210	1860	1270
rna-NM_016041.4	1736	1809	1724	2331	1897	1944
rna-NM_001258217.1	1529	854	683	1835	1869	1268
rna-NM_033004.3	215	40	44	125	141	17
rna-NM_001162371.2	1123	499	764	1117	767	520
rna-XM_005256573.1	2828	3487	3508	5024	4425	5399
rna-NM_014336.4	2	0	0	11	5	2
rna-NM_001195228.1	851	848	269	791	614	145
rna-NM_031220.3	182	328	399	224	37	198
rna-XM_011524090.3	476	448	346	428	647	313
rna-NM_032731.3	1182	2009	1691	1526	1265	1128
rna-NM_016060.2	450	419	376	469	629	401
rna-NM_001105520.1	280	230	241	315	306	193
rna-NM_177550.4	17	0	2	37	14	0
rna-XM_011523945.2	1086	184	260	840	2217	489
rna-NM_153230.2	4	0	0	2	0	2
rna-XM_011523780.2	137	71	198	196	167	96
rna-NM_001004333.4	5119	5655	5582	7337	5690	7150
rna-NM_001142798.2	827	1837	1667	1115	883	918
rna-NM_181844.3	12	8	6	31	26	16
rna-NM_201566.2	421	247	266	510	570	295
rna-XM_005256488.4	17	5	12	24	21	25
rna-XM_011523862.3	2	0	0	9	0	5
rna-NM_001671.4	61	80	81	143	51	50
rna-XM_024450938.1	3297	3210	3017	4060	3835	3571
rna-XM_011523699.2	1926	2343	2385	2111	1335	2317
rna-NM_001270447.1	8276	14335	12085	13167	7381	13475
rna-NM_004422.2	4241	3088	2756	4283	3948	2151
rna-NM_001042.2	137	129	107	97	60	41
rna-XM_017024713.2	61	4	6	63	37	16
rna-NM_007278.1	10556	13890	14468	14359	9333	11397
rna-NM_015343.4	6518	8815	8025	8930	5688	8302
rna-NM_203415.2	1576	1842	1382	2100	1691	1577
rna-NM_001185022.1	22	13	16	24	6	7
rna-NM_032442.2	1824	1577	1549	1924	2074	1942
rna-XM_024450630.1	15708	22233	17250	20258	18980	12949
rna-NM_004489.4	2405	1799	1666	3188	2845	2298
rna-NM_014716.3	40	31	46	45	42	40
rna-NM_001002914.2	877	2069	1749	1219	1365	1079
rna-NM_001251902.1	35	12	20	75	95	31
rna-NM_001201576.1	805	973	933	892	799	595
rna-NM_152766.4	246	405	305	318	180	171
rna-NM_020795.3	1949	2065	2174	1972	1702	1324
rna-NM_199339.2	3	1	3	1	5	0
rna-NM_175734.4	0	1	1	0	0	0
rna-NM_178518.2	386	229	284	548	499	520
rna-NM_004112.3	430	426	343	346	383	165
rna-NM_000747.2	281	120	194	334	267	213
rna-NM_001102614.1	0	4	2	2	0	4
rna-NM_020899.3	2491	3249	2802	2900	2408	3106
rna-NM_000937.4	2952	2896	2137	3469	4588	4853
rna-NM_001320845.1	1665	1494	1488	1866	1403	1384
rna-NM_001040.4	21	10	13	45	22	19
rna-NM_001678.4	474	2537	3259	522	308	580
rna-NM_001126112.2	4534	5806	3423	4340	3949	1428
rna-NM_001143990.1	1360	1428	1283	1806	1621	1196
rna-NM_001406.3	2003	3948	4311	2405	972	2342
rna-XM_024450605.1	29	10	24	16	19	18
rna-XM_005256549.3	1371	2509	2386	1403	1402	1585
rna-XM_005256856.3	9	10	19	9	7	2
rna-NM_003809.2	227	724	657	323	275	435
rna-NM_172089.3	88	0	125	165	39	130
rna-NM_003808.3	189	913	769	350	216	385
rna-NM_015670.5	3909	5202	3840	5220	3829	4534
rna-NM_001416.3	28166	45151	33320	31242	30358	24562
rna-NM_001251.2	4411	1594	1410	3934	3977	1131
rna-XM_006721623.4	161	185	194	241	218	198
rna-XM_006721597.2	2577	3196	2382	3392	2940	2190
rna-NM_006942.1	34	18	16	45	28	49
rna-NM_004860.3	5178	4260	3860	5722	5234	5210
rna-NM_032356.5	731	1027	971	1338	926	1053
rna-NM_144607.5	1075	1598	1591	1208	1371	1525
rna-XM_005256427.4	5303	10486	11214	6537	5634	9507
rna-NM_001358699.1	185	406	306	239	299	240
rna-NM_000180.3	4	0	0	0	0	0
rna-NM_001141.2	4	12	4	4	3	0
rna-NM_001139.2	16	7	6	17	13	11
rna-NM_001165960.1	26	32	38	90	98	81
rna-XM_011524068.1	127	115	58	140	90	26
rna-NM_001166621.1	2246	3157	2886	2722	2298	2169
rna-XM_017024129.1	1345	1110	1120	1474	1732	936
rna-XM_024451007.1	449	403	484	552	439	643
rna-XM_005256689.2	2653	4347	4817	3465	3395	2973
rna-NM_001330125.1	915	1901	1906	1400	938	1162
rna-NM_032354.4	223	547	460	227	185	139
rna-NM_017622.2	867	657	744	1080	848	862
rna-NM_001284526.1	1664	1267	482	1363	1042	144
novel.964.1	43	33	34	72	42	78
rna-NM_025099.5	1199	994	1035	1381	1493	1173
rna-XM_024450804.1	1528	3380	2095	1674	1546	757
rna-NM_016492.4	890	661	582	1141	889	585
rna-NM_001320870.1	214	189	185	271	204	118
rna-XM_011523734.2	2	0	2	0	2	0
rna-NM_153007.4	0	0	0	0	1	0
rna-NM_213597.3	37	65	45	40	56	26
rna-NM_000987.4	18987	30583	27456	23512	12736	21933
rna-XM_017025183.1	957	523	396	873	1234	962
rna-XM_011523875.2	4393	6482	4227	3117	4093	4528
rna-NM_144681.2	0	0	0	2	4	4
rna-NM_152599.3	2	0	0	0	0	0
rna-XM_017024228.1	12	0	3	11	19	0
rna-NM_001142633.2	54	11	6	20	7	6
rna-NM_004822.2	618	1272	928	705	487	941
rna-NM_004853.2	710	846	743	925	653	676
rna-NM_145054.4	13	11	4	15	25	3
rna-NM_153210.4	541	57	97	383	732	276
rna-NM_001310219.1	0	0	0	0	0	0
rna-XM_011524077.3	157	18	19	195	130	67
rna-NM_002903.2	4	3	2	0	0	0
rna-NM_201433.1	1376	421	328	993	1163	272
rna-XM_017024676.1	0	0	0	0	0	0
rna-XM_017024675.1	0	0	0	0	0	0
rna-NM_017534.5	3	0	0	0	0	0
rna-NM_002470.3	13	7	16	20	27	13
rna-NM_004589.3	1075	1324	992	1223	1201	1180
rna-NM_020233.4	284	275	200	268	182	256
rna-XM_017024616.1	1	12	6	7	6	2
rna-NM_001101387.1	8	13	49	8	0	6
rna-NM_001146312.2	1039	61	82	834	984	352
rna-XM_011523703.2	22	250	182	20	3	7
rna-XM_024450911.1	195	225	204	303	324	264
rna-NM_001281435.1	981	1466	1255	837	1015	1055
rna-NM_014859.5	522	285	289	520	552	509
rna-XM_024450850.1	4261	5744	4845	5451	5473	4834
rna-NM_006042.2	1993	6850	4019	2054	113	4927
rna-NM_001303.3	690	903	561	699	724	561
rna-NM_001007530.2	2	0	4	3	9	4
rna-NM_006041.2	1874	2730	2504	1661	960	3387
rna-XM_017024954.1	13	14	13	7	0	8
rna-NM_001281456.1	6663	18566	8308	6044	6954	5938
rna-NM_001204478.1	799	467	362	566	644	416
rna-NM_001204477.1	20	0	41	55	37	29
rna-NM_145301.2	113	35	62	102	138	51
rna-NM_006382.3	5	0	3	0	7	5
rna-NM_001348120.1	1394	1665	2071	1306	1006	829
rna-NM_001288642.1	335	398	334	325	574	448
rna-NM_000676.2	2036	1628	1379	2400	2036	2024
rna-NM_001042698.1	327	424	425	484	302	484
rna-NM_017775.3	1769	3989	3407	2177	1863	2693
rna-XM_011524083.3	3172	4453	3061	2971	4535	4280
rna-NM_016113.4	689	117	247	858	883	634
rna-XM_017025349.1	312	196	177	347	433	315
rna-NM_181716.2	284	46	80	335	465	143
rna-NM_001281716.1	30899	21520	19795	38046	30067	28965
rna-NM_001113567.2	721	1874	1520	559	296	335
rna-XM_011523968.2	127	264	270	121	80	61
rna-XM_024451045.1	0	0	6	0	4	0
rna-NM_020787.3	148	65	82	146	253	181
rna-NM_012452.2	2	0	0	0	4	4
rna-XM_011523761.2	6357	8051	6704	5416	5360	5208
rna-XM_017024310.2	174	269	196	169	145	114
rna-NM_001353229.1	2273	699	759	2134	3400	1838
rna-NM_003653.3	3547	3371	2235	3894	3760	3151
rna-XM_011523967.2	49	171	149	82	53	50
rna-NM_018019.2	760	1208	1026	939	847	797
rna-NM_016084.4	114	196	356	138	159	68
rna-NM_148172.2	729	1094	947	1104	813	1023
rna-XM_017024025.1	2381	2573	1914	1875	2349	2183
rna-NM_001005291.2	5670	17843	27425	5405	4066	4107
rna-NM_001350332.1	2280	4590	3881	2332	2006	1671
rna-XM_011524018.2	19	44	70	35	23	26
rna-NM_145691.3	332	833	670	365	375	335
rna-XM_005256799.5	127	110	69	124	103	89
rna-XM_017024715.2	3	2	0	0	2	2
rna-XM_024451066.1	0	0	0	0	0	0
rna-XM_005256499.3	1180	1679	1370	1669	1374	1146
rna-NM_017758.3	8246	15854	13651	8745	7121	9547
rna-XM_011523849.2	2826	3090	3011	3158	2735	2848
rna-XM_005256555.4	3711	4588	4432	4088	4114	3480
rna-NM_001040078.2	4	3	0	4	2	0
rna-NM_024974.2	2	0	5	0	1	2
rna-NM_148886.1	243	266	310	345	314	251
rna-NM_004618.4	2068	1529	1155	2158	2020	1497
rna-NM_144775.2	1502	1054	914	1320	1816	1499
rna-NM_004169.4	1895	2107	1882	2029	2052	1250
rna-NM_001145045.1	82	93	120	108	79	124
rna-NM_001353221.1	881	1029	1348	881	826	651
rna-NM_001267585.1	2	0	2	0	2	3
rna-NM_016078.5	1958	1495	1373	2029	2064	1882
rna-XM_017025498.1	0	0	1	0	1	0
rna-NM_001353098.1	1213	1713	1254	1099	1187	899
rna-XM_017024191.2	7	4	4	25	2	10
rna-XM_017024953.2	3139	2655	1656	3298	3446	2610
rna-NM_006613.3	20	22	20	34	31	14
rna-XM_011524126.3	4	0	6	10	17	15
rna-XM_017024635.2	1	3	2	0	5	0
rna-NM_001291904.2	1	0	2	1	1	4
novel.965.1	12	12	18	15	46	20
rna-NM_001291905.2	2	0	0	3	2	5
rna-NM_014964.4	2210	3040	2742	2299	2285	2607
rna-NM_001243473.2	377	551	651	498	385	358
rna-XM_006721558.3	1637	1960	1637	1729	2103	1765
rna-NM_001198695.1	15	6	10	22	16	24
rna-XM_006721571.4	19	8	20	11	3	24
rna-NM_018242.2	40	271	280	51	0	36
rna-XM_011523733.2	2571	4506	5020	2152	2059	1860
rna-XM_017024221.1	16	30	20	14	12	4
rna-XM_005256522.1	10	234	252	24	0	18
rna-XM_017025425.2	43	276	254	64	11	36
rna-NM_007202.3	1315	1510	1287	1092	1697	1496
rna-XM_017025319.1	2529	4727	4432	2578	2283	3063
rna-NM_001042685.1	15	1	0	6	0	0
rna-XM_011523818.3	0	0	0	0	0	0
rna-XM_017025507.2	0	0	5	3	0	0
rna-NM_015276.1	9578	15643	13268	11770	10449	16028
novel.932.1	7	99	55	35	0	33
rna-XM_005256595.4	943	816	679	1137	763	858
rna-NM_003876.2	1491	1429	1070	1624	1507	1281
rna-NM_152914.2	1900	1647	1677	1995	1825	1678
rna-NM_145109.2	2654	1693	1617	2599	3141	2574
rna-XM_011524134.3	0	3	5	5	3	4
novel.933.1	20	15	21	30	25	21
novel.933.2	7	3	4	8	4	1
rna-NM_001190452.1	1	2	2	2	0	3
rna-NM_021012.4	574	72	91	483	255	54
rna-NM_001113434.4	847	546	512	759	682	423
rna-XM_005276919.3	26	2	0	10	2	3
novel.966.1	0	0	0	0	0	0
novel.968.1	0	0	0	0	2	0
novel.968.2	0	0	0	0	0	1
novel.934.1	0	0	0	3	4	0
novel.935.1	0	0	0	8	2	0
novel.936.1	0	0	0	0	0	0
novel.937.1	0	1	0	0	4	0
rna-NM_015626.9	1279	965	834	596	1707	977
rna-XM_011525429.2	1706	2264	2648	1755	1925	4412
rna-NM_009587.2	1369	762	481	858	462	270
rna-NM_000625.4	28	22	16	40	13	78
rna-XM_011524491.3	38	108	113	43	47	60
rna-XM_011525587.1	4	2	0	0	3	4
rna-NM_016231.4	917	920	687	691	911	870
rna-NM_000638.3	25	8	8	15	26	8
rna-XM_005257965.3	3085	1926	1227	3145	3324	947
rna-NM_001267774.1	502	397	317	495	314	372
rna-XM_017024993.2	3033	2322	2146	3124	4037	2995
rna-NM_015584.4	4715	6752	5680	6646	5192	5661
rna-NM_152464.2	1082	710	622	1330	1341	893
rna-NM_015077.3	576	1012	768	632	600	426
rna-NM_080669.5	1268	847	718	1569	1531	991
rna-NM_005148.3	970	1205	1112	1045	859	677
rna-NM_033198.3	2748	3143	2711	3036	2457	2157
rna-XM_005257949.2	275	573	366	265	267	119
rna-NM_006461.3	1594	1356	573	1001	1194	290
rna-NM_001174103.1	19	36	36	15	33	7
rna-NM_014680.3	9375	14447	11196	10444	11312	11934
rna-XM_011525106.2	1612	1344	1406	1903	1691	1429
rna-NM_001320755.1	6017	5182	4118	5269	6957	6486
rna-XM_005257927.4	16	22	22	15	22	11
rna-XM_011524638.3	102	78	64	101	103	35
rna-XM_024450968.1	3345	3002	2666	3956	3955	2272
rna-NM_000984.5	24894	31146	29474	28944	18607	24240
rna-NM_138463.3	303	217	183	393	500	135
rna-XM_011525504.3	4450	3286	2277	4668	4180	3183
rna-NM_001288631.1	1484	1528	1357	1811	1757	1283
rna-NM_005702.3	2122	2391	1801	2951	2633	1604
rna-XM_024450666.1	3944	5870	5272	6229	5823	5499
rna-NM_144683.3	1608	2034	1691	2071	1677	1363
rna-NM_001033561.1	3113	2332	1900	3173	3617	2817
rna-NM_016518.2	846	5332	2461	555	10	309
rna-NM_001346765.1	2866	3199	2517	2462	2564	1983
rna-NM_004740.3	25	10	6	7	9	15
rna-NM_020772.2	4341	3522	3041	3446	5778	3834
rna-NM_020791.2	3491	4640	3960	2201	3742	3599
rna-NM_198147.2	799	614	740	921	1046	700
rna-NM_138349.3	1071	1002	1004	1232	990	515
rna-XM_024450570.1	716	667	585	929	667	785
rna-XM_005258048.5	47	10	4	67	55	18
rna-XM_024450731.1	4135	3475	3497	4581	3903	3961
rna-XM_005258058.3	967	630	592	643	1100	1287
rna-XM_011524759.1	11	0	0	15	61	28
rna-NM_032141.3	435	384	453	487	840	586
rna-NM_001045.5	9	2	4	2	3	0
rna-NM_000386.3	867	1873	1379	961	883	605
rna-NM_001304.4	5029	6897	6944	3686	4462	5612
rna-XM_005258070.5	532	605	408	514	735	709
rna-XM_011524596.1	0	0	0	0	0	0
novel.938.1	382	605	450	554	644	499
novel.938.3	330	281	285	277	281	294
novel.938.2	93	170	154	65	82	51
rna-XM_011525269.3	128	99	59	61	440	38
novel.939.3	0	0	18	0	0	21
novel.939.4	0	57	26	0	0	0
novel.939.1	82	62	62	124	141	22
novel.939.2	94	15	25	54	28	92
novel.939.5	73	104	67	76	73	51
novel.939.6	13	5	3	25	22	6
rna-NM_015986.3	980	579	528	1104	1490	1321
rna-NM_024683.3	297	249	218	243	454	215
rna-XM_024450831.1	51	17	13	79	80	63
rna-NM_032322.3	317	472	309	400	373	327
rna-XM_024450542.1	283	342	326	352	193	267
rna-NM_002544.4	0	2	2	0	2	0
rna-NM_001042492.2	2437	690	801	1964	4197	2440
rna-XM_005257946.4	162	18	27	128	107	19
rna-NM_001003927.2	75	13	22	38	53	0
rna-NM_032932.5	385	182	298	242	218	122
rna-NM_018405.3	1879	1691	1397	2133	2007	1232
rna-NM_018428.2	1817	1584	1245	1847	2508	1156
rna-NM_015355.3	4224	3129	3098	2671	6183	2891
rna-XM_017025511.1	3	9	2	8	14	6
rna-NM_052888.2	178	167	129	197	404	225
rna-XM_017025510.1	4	7	7	6	22	11
novel.940.1	17	13	3	32	55	27
rna-NM_001033568.2	1717	2085	1754	1371	1658	1388
rna-XM_017024272.1	224	101	159	179	92	40
rna-NM_022344.3	283	611	418	358	313	178
rna-NM_001098507.1	4723	5795	4669	5624	6007	5515
rna-NM_001270482.1	4270	3860	2907	4613	5113	3684
rna-XM_017025281.2	376	192	103	326	274	147
rna-NM_015194.2	817	209	319	663	816	571
rna-NM_001301746.1	494	78	123	490	426	81
rna-NM_183377.1	0	0	0	7	6	2
novel.941.1	22	16	16	30	38	46
novel.942.1	1273	5795	5511	3108	13	5366
rna-NM_002982.3	1640	4291	2041	1902	702	4289
rna-NM_006584.3	36	73	45	22	36	43
rna-NM_052857.3	495	404	282	542	681	455
rna-XM_005257970.4	700	835	594	923	936	843
rna-NM_001017368.1	1458	1298	1049	1513	2426	1500
rna-NM_001142571.1	530	331	230	560	622	340
rna-XM_024450811.1	85	69	85	91	76	68
rna-NM_018096.4	903	880	670	959	709	438
rna-XM_017025492.2	12	13	19	18	21	12
rna-NM_144975.3	801	393	460	723	1634	969
rna-NM_001104590.1	552	3381	1881	711	549	903
rna-XM_017025493.1	6	16	10	9	4	0
rna-XM_024450822.1	846	725	587	583	996	425
rna-NM_144682.5	1297	375	324	1124	1408	288
rna-XM_017024005.1	4	0	0	0	0	0
novel.943.1	361	351	328	419	391	278
rna-NM_000286.2	313	394	403	414	290	384
rna-XM_017025300.1	141	101	72	193	205	40
rna-NM_139285.3	3	3	0	0	0	3
rna-NM_024302.4	16	25	36	26	10	19
rna-XM_011524448.2	13215	19710	16483	13008	14516	16125
rna-NM_139215.2	1532	2490	2009	1825	2138	1469
rna-NM_152781.3	1	0	0	1	1	0
rna-NM_001278736.1	198	35	43	167	183	62
rna-XM_005258020.4	0	0	0	0	0	0
rna-NM_032962.4	1	0	0	5	5	3
rna-NM_032965.5	3	0	0	3	4	2
rna-NM_002988.3	3	0	0	0	0	0
rna-NM_145654.3	31	20	9	50	24	10
rna-NM_002983.2	5	0	1	5	0	0
rna-NM_002984.3	118	7	8	116	174	103
rna-NM_001001437.3	1	1	0	2	0	1
rna-XM_005257980.4	4	5	5	4	9	4
rna-XM_006722223.3	14	16	23	16	23	15
rna-XM_005276914.3	8	5	14	9	20	7
rna-XM_011525172.2	13	14	20	9	26	15
rna-NM_032258.4	9	6	10	10	21	9
rna-XM_024450524.1	2	2	2	0	3	2
rna-NM_004773.3	478	356	257	496	567	393
rna-XM_024450955.1	959	552	345	959	1161	373
rna-NM_178517.4	297	218	138	280	547	157
rna-XM_005257689.3	825	683	621	661	991	679
rna-NM_024308.3	103	230	152	94	84	29
rna-NM_024864.4	99	89	57	203	157	93
novel.970.2	0	0	0	1	17	6
novel.970.1	41	29	35	78	54	120
rna-NM_005568.4	7	12	13	21	51	20
rna-NM_012138.3	935	1023	786	1164	1235	961
rna-NM_173625.4	0	0	1	3	0	0
rna-XM_017024553.1	924	3215	2164	888	1104	1387
rna-NM_001166105.2	91	114	65	95	161	67
rna-XM_011524234.1	1022	512	443	969	1241	1002
rna-XM_017024076.1	726	629	567	541	945	625
rna-NM_007010.4	1250	864	635	1090	1871	853
rna-NM_000458.3	189	22	52	176	287	164
rna-XM_006722235.2	22	10	22	11	41	11
rna-XM_006722242.4	65	74	77	52	44	41
rna-XM_011524176.2	27	14	23	16	38	14
rna-XM_006721904.2	21	19	18	14	32	15
rna-XM_017025500.2	27	39	52	50	51	19
rna-XM_006722254.2	100	124	174	118	151	91
rna-NM_001123391.3	19	15	15	15	44	13
novel.971.1	5	1	12	6	0	23
novel.971.2	8	179	4	14	8	22
novel.971.3	90	14	50	52	151	29
rna-NM_032351.5	813	615	632	991	1129	797
rna-XM_017024551.1	464	716	774	529	402	809
rna-NM_001199417.1	2295	1516	1464	1978	1643	1034
rna-XM_017025169.1	80	165	188	123	44	113
rna-NM_001130677.1	548	539	438	612	720	432
rna-XM_017025495.1	22	29	36	30	41	31
rna-NM_005937.3	1682	1179	1121	1646	1933	1169
rna-NM_001136498.1	530	673	665	765	569	466
rna-NM_007144.2	1190	991	916	1491	1303	1422
rna-NM_002795.3	2311	2082	1712	2725	2663	1842
rna-NM_017748.4	305	207	155	301	424	257
rna-XM_011525326.3	1452	1594	1380	1777	1998	2009
rna-NM_000978.3	13051	15235	14871	16628	10435	14755
novel.944.1	8	6	8	8	22	8
rna-NM_020405.4	27	50	52	57	25	74
rna-NM_001143968.1	2	0	0	2	0	0
rna-NM_006148.3	13109	8876	8721	13831	12665	7642
rna-XM_005257746.3	727	625	740	672	965	623
rna-NM_004774.3	3354	2938	2138	2576	4158	3428
rna-XM_005257645.2	404	202	178	432	457	375
rna-NM_000981.3	34268	36711	39223	40073	29593	34651
rna-XM_017024580.1	1307	128	159	1193	668	347
rna-NM_016507.3	2895	2173	1636	2757	4087	2720
novel.945.1	19	14	21	8	73	19
rna-XM_017025216.2	5	8	11	6	2	4
rna-NM_002686.4	4	2	0	24	0	9
rna-NM_033419.4	278	415	444	351	381	399
rna-NM_006804.3	2561	1582	1647	3111	2749	2820
rna-NM_003673.3	30	15	12	24	25	26
rna-XM_024450641.1	3352	2501	2983	3931	3977	2718
rna-NM_001330206.1	1452	1558	1345	2310	1505	1998
rna-NM_001242442.1	394	31	154	569	1071	625
rna-NM_012481.4	8	0	0	4	0	4
rna-NM_001165958.1	33	14	33	12	61	29
rna-NM_001320802.1	2959	1866	2067	3474	3196	2768
rna-XM_011524158.2	4	0	0	0	0	0
rna-NM_002809.3	5018	6041	4869	6255	6116	4944
rna-NM_000759.3	285	25	75	353	1148	360
rna-NM_001330211.1	1762	2509	2192	2116	2287	1759
rna-NM_001190919.1	1469	2718	3031	2236	934	2700
rna-NM_021724.4	917	2249	1834	1261	890	1281
rna-XM_005257298.4	3961	3170	2672	4247	5825	4668
rna-NM_007359.4	3122	3380	2691	3743	3759	3462
rna-NM_016339.5	98	71	66	64	99	58
rna-XM_005257552.5	1486	2418	2016	1195	1239	789
rna-NM_152219.3	361	68	112	353	628	177
rna-NM_133264.4	2749	2779	2367	2860	2696	2886
rna-XM_011525541.2	3862	2052	1028	3490	3439	971
rna-NM_001067.3	10193	7468	2782	5322	6829	2984
rna-NM_032865.5	28	43	37	36	6	30
rna-NM_001838.3	21	0	4	6	17	2
rna-NM_001552.2	29695	4745	8280	47598	43676	32478
rna-NM_181539.4	2	0	0	0	0	0
rna-NM_181537.3	0	0	2	0	0	0
rna-NM_003079.4	2045	3191	2704	1897	2093	1453
rna-NM_152349.2	20	0	3	19	29	13
rna-NM_213656.3	0	0	0	4	4	0
rna-NM_031957.1	2	0	0	0	0	0
rna-NM_001165252.1	5	3	2	6	3	0
rna-NM_033184.3	1	0	0	2	2	0
rna-NM_031960.2	4	0	0	0	0	0
rna-NM_021013.3	34	9	9	32	35	1
rna-XM_005257343.3	346	447	356	561	459	529
rna-NM_001195387.1	369	375	252	546	445	414
rna-NM_006771.3	0	0	0	6	0	2
rna-NM_002278.3	6	4	2	14	23	15
rna-NM_153490.2	3	16	13	0	2	0
rna-XM_011524784.3	50	80	85	87	132	45
rna-NM_005557.3	50	20	32	102	237	209
rna-NM_000422.2	82	29	40	108	81	48
rna-NM_177977.2	144	102	127	201	138	97
rna-NM_005801.3	15935	12717	9771	17179	15205	14304
rna-NM_001329595.1	0	4	0	3	8	5
rna-NM_052935.4	1595	1657	1437	2042	2038	1787
rna-NM_018143.2	570	582	689	571	666	508
rna-XM_017024588.2	8164	2000	3115	9750	9050	10379
rna-XM_006721640.4	893	1402	1074	1242	1087	981
rna-XM_011525099.3	5855	3240	3213	6691	5521	4907
rna-NM_001303274.1	16488	19422	14297	16081	21427	12362
rna-NM_024119.2	171	140	62	115	110	32
rna-NM_031421.4	55	95	73	83	45	56
rna-NM_033133.4	9654	8093	7802	10509	9934	6252
rna-NM_003315.3	2575	2046	1702	2554	2832	2262
rna-NM_001001349.2	2040	2385	1776	2387	1909	1592
rna-NM_001242704.1	52	6	17	34	12	10
rna-NM_001358661.1	27	24	40	28	44	11
rna-XM_006721817.4	1614	945	831	1971	2238	1144
rna-XM_005257459.2	2126	2355	2585	2967	2636	3381
rna-XM_024450771.1	2645	2210	2524	3082	2641	2645
novel.946.1	141	97	138	190	251	292
rna-NM_001330219.2	428	316	334	592	531	410
rna-NM_001524.1	0	0	0	0	0	0
rna-NM_001252039.1	6752	6747	5651	8389	7873	7241
rna-NM_012285.2	11	0	4	12	9	8
rna-NM_032484.4	1163	702	716	1577	1190	1087
rna-XM_024450897.1	1360	2162	1817	1249	1302	1301
rna-NM_003152.3	229	139	125	206	168	100
rna-XM_024450896.1	6618	10568	8920	8091	11540	15304
rna-NM_012232.5	26428	39646	42308	33628	29260	30018
rna-NM_001042532.3	3273	2220	2285	4320	4169	4017
rna-NM_170607.2	3245	2886	2072	3727	3204	3395
rna-NM_016556.3	773	209	116	737	891	224
rna-NM_178126.3	2157	1535	1761	2798	2812	2576
rna-XM_024450904.1	3765	3580	2650	4443	3568	2455
rna-XM_024450694.1	771	861	801	883	885	701
rna-XM_017025113.1	1401	698	965	1642	1380	1709
rna-NM_016602.2	30	14	13	35	29	17
rna-XM_024451011.1	2748	1914	2240	2256	2489	1499
rna-NM_001321079.1	591	568	464	581	839	520
rna-NM_005854.2	64	36	21	52	28	20
rna-NM_032353.3	1559	2072	1497	2043	1456	1213
rna-XM_017024962.1	537	88	90	477	418	90
rna-NM_001040431.2	1203	1256	992	1661	1316	1226
rna-NM_173478.2	36	14	28	38	56	38
rna-NM_001313998.1	2303	2671	2524	2586	2430	2607
rna-NM_176863.2	5150	6682	4589	6618	6423	4383
rna-NM_009590.3	82	37	49	84	148	120
rna-XM_011525419.2	12	11	10	32	45	21
rna-NM_001261434.1	459	708	546	598	490	318
rna-NM_001136042.2	58	1	0	42	83	155
rna-NM_001261430.1	26	26	20	34	73	33
rna-XM_005257078.4	1378	1410	1341	1491	1576	1671
rna-XM_011525316.1	214	104	144	316	236	257
novel.972.1	0	0	0	0	0	0
rna-NM_007300.3	663	410	218	363	1177	179
novel.947.1	144	145	152	212	260	161
rna-NM_001349921.1	12884	15352	14088	15012	10112	12846
rna-NM_005533.4	10236	2663	2525	9609	11203	2668
rna-NM_006373.3	17063	6813	8966	22408	21017	22739
rna-XM_024450749.1	4653	4542	4674	4675	5654	5975
rna-NM_001291586.1	114	79	58	93	212	32
rna-NM_001661.3	806	205	220	1035	837	769
novel.948.1	11	0	0	23	11	32
rna-NM_004527.3	19	16	16	56	9	59
rna-NM_025237.2	3	0	0	3	2	0
rna-NM_004941.2	3131	2705	1990	3109	2968	3318
rna-NM_001079675.2	3063	2338	1173	3734	2171	3353
rna-XM_011524633.1	0	0	0	0	0	2
rna-NM_004090.3	4740	3953	3014	4981	6270	4650
rna-NM_001330233.1	73	34	45	76	170	52
rna-XM_006721721.3	2	0	0	0	0	0
rna-XM_011524827.2	1133	1489	1165	1113	879	489
rna-XM_011524978.3	0	0	7	2	0	0
rna-NM_004160.5	5	0	2	8	7	0
rna-NM_153006.2	276	96	100	256	167	81
rna-NM_032376.3	1150	1001	1005	1494	1526	894
rna-NM_152344.3	1765	2110	1534	2136	2438	1802
rna-NM_138387.3	1508	3246	3057	2480	1897	2222
rna-XM_017023988.1	2839	2759	3287	3283	2334	2322
rna-NM_024032.4	508	229	133	453	520	234
rna-NM_080863.4	25	23	29	38	77	11
rna-XM_011525200.3	1894	1081	1089	2402	2238	1850
rna-XM_017024881.1	4647	3834	3553	5776	5993	5421
rna-XM_017024997.2	2895	3201	2490	3220	3545	2494
rna-XM_017024035.1	7	7	3	12	31	16
rna-XM_024450796.1	4356	6086	5445	5979	5810	5345
novel.949.1	50	8	24	61	85	36
rna-NM_000419.4	89	31	15	108	106	44
rna-XM_011524557.1	1662	1890	1486	1614	2101	2214
rna-NM_001466.3	4447	1036	1160	3493	2544	1365
rna-NM_001145080.2	60	18	22	29	68	16
rna-NM_144609.2	783	824	585	786	911	588
rna-NM_002087.3	35798	13735	18558	37201	33111	27767
rna-NM_198475.2	1847	833	912	1884	1184	1254
rna-XM_017025145.2	864	312	222	738	914	319
rna-XM_005257373.4	484	178	184	568	331	247
rna-NM_006688.4	2038	2315	2499	3133	2177	3895
rna-XM_024450526.1	5171	1725	1626	3924	6335	2911
rna-XM_011524891.2	4	3	0	3	6	1
rna-NM_004247.3	7518	12815	11593	8122	7918	8130
rna-NM_213607.2	329	1152	1188	468	353	396
rna-NM_001258400.1	61	371	519	104	78	103
rna-XM_024450690.1	488	14994	18124	448	17	370
rna-XM_011524385.2	797	575	188	741	989	606
rna-NM_001321326.1	456	1742	1973	662	460	477
rna-NM_021079.4	4667	5927	4977	5538	6258	4087
rna-XM_006721687.4	478	277	355	690	442	314
rna-XM_006722062.4	1107	762	800	971	815	468
rna-NM_152343.2	4	0	0	4	3	0
rna-NM_003954.4	1148	487	682	608	832	372
rna-XM_011524468.1	185	77	86	215	273	127
rna-XM_024450554.1	4957	15350	17893	5164	2418	4250
rna-XM_017025084.1	274	443	513	411	280	259
rna-NM_006460.2	3575	3231	3686	4129	4829	5244
rna-NM_001145146.1	0	0	1	0	0	0
rna-XM_011525523.2	556	250	273	578	684	530
rna-NM_001303016.1	36	61	46	37	26	43
rna-XM_011524162.3	43	26	30	65	91	64
rna-NM_014834.4	23	16	21	30	68	33
rna-XM_017025513.2	1	1	2	1	6	3
novel.950.1	34	49	24	17	83	20
novel.951.1	9	0	0	0	39	32
rna-NM_001007532.2	0	0	0	0	0	0
rna-XM_005257362.4	261	822	825	225	132	332
rna-XM_006721824.4	492	378	335	513	702	555
rna-NM_001006607.2	21	24	22	32	74	29
rna-XM_011524875.3	48	28	32	63	92	73
rna-NM_030753.4	27	29	21	32	50	24
rna-NM_006178.3	707	788	630	729	1013	827
rna-NM_001321133.1	537	471	364	631	571	437
rna-NM_203400.4	4	7	2	10	4	0
novel.952.1	1	3	2	0	2	0
novel.973.1	299	538	437	279	272	380
novel.973.2	37	409	331	163	133	69
novel.973.3	90	318	317	103	37	187
rna-XM_017024683.1	2	0	0	0	3	0
rna-NM_001114091.3	3034	2502	1987	2540	3801	2420
rna-NM_000212.2	1951	313	491	2399	2801	3011
rna-NM_152347.4	7	0	4	7	24	7
novel.974.1	14	26	42	35	50	28
novel.974.2	50	0	0	16	34	6
rna-XM_005257862.3	515	386	369	476	458	301
rna-NM_013351.1	5	3	0	4	2	0
rna-XM_017024122.1	157	205	190	143	166	50
rna-NM_148887.2	1595	1258	1165	1865	1660	1394
rna-XM_005257775.4	30	13	11	15	24	22
rna-NM_138355.3	567	820	883	564	399	267
rna-XM_017025372.2	4124	6822	5640	3799	4998	4850
rna-XM_024451054.1	41	19	40	61	99	46
rna-NM_002265.5	13146	12016	8320	11787	15970	10354
rna-XM_006722115.3	182	29	34	192	128	83
novel.975.1	11	19	19	27	12	6
rna-XM_011525136.2	477	487	369	533	444	464
rna-XM_005257666.4	5	0	2	0	0	0
rna-NM_018129.3	750	1248	993	1000	1084	528
rna-XM_011525297.1	941	1145	981	898	968	406
rna-NM_016429.3	142	23	32	100	163	26
rna-NM_003204.2	12423	9501	9402	14168	14262	12683
rna-NM_001127228.1	4562	5127	4339	4756	4752	4868
rna-XM_011524697.2	825	936	654	951	970	506
rna-NM_003726.3	15	8	6	6	5	0
rna-NM_002147.3	92	26	19	109	63	50
rna-XM_011524727.3	224	404	269	273	188	181
rna-NM_002145.3	422	66	86	631	982	860
rna-XM_017024560.1	1731	6488	3117	1706	643	2284
rna-NM_024015.4	264	38	84	421	551	450
rna-NM_004502.3	677	554	515	1001	814	834
rna-XM_017024564.2	27	107	71	25	10	27
rna-NM_024017.4	496	2682	1230	619	119	291
novel.976.1	68	27	34	112	168	68
rna-NM_001282276.1	2	2	4	0	0	3
rna-NM_006361.5	190	342	315	268	189	236
rna-NM_001130918.1	147	58	48	98	79	23
rna-NM_001261390.1	3214	2331	2404	3182	3308	2919
novel.977.1	30	59	50	49	31	57
rna-NM_005175.2	1138	1828	1471	1301	1276	768
rna-NM_023079.4	7787	4314	4295	8944	11233	7859
rna-NM_007241.3	2461	1980	1845	2819	2553	2340
rna-NM_004123.2	2	2	0	0	0	0
rna-NM_006546.3	751	127	195	688	1459	717
rna-NM_153446.2	0	0	4	8	0	0
rna-NM_001198754.1	3	0	0	6	0	0
rna-XM_005257429.2	6	2	4	0	6	0
rna-XM_017024271.1	166	47	73	156	80	58
rna-NM_014897.2	310	377	579	334	505	420
rna-NM_002634.3	6696	6193	5231	8065	8066	6096
rna-NM_002507.3	1014	325	295	949	580	449
rna-NM_007225.2	356	105	102	382	223	206
rna-NM_001007228.1	2635	1469	1235	2805	3119	2551
rna-XM_006721632.3	1275	1733	1490	2238	1417	1523
rna-XM_017025182.1	939	421	428	1019	1271	1040
rna-NM_007067.4	2394	3636	2558	2672	2468	2695
rna-NM_170685.2	0	0	0	0	3	0
rna-NM_001242791.1	5	0	0	16	10	4
rna-NM_138281.2	391	71	61	450	307	178
rna-NM_005220.2	40	13	10	33	31	12
rna-NM_002611.4	1792	1112	1228	1862	1448	1129
rna-XM_017024322.2	152	204	255	184	60	103
rna-NM_032595.4	5730	4406	4629	6386	5309	5542
rna-XM_011525120.2	2	0	0	0	0	0
rna-NM_002204.3	51602	55210	46453	56258	32431	52380
rna-NM_001168215.1	104	18	13	136	53	38
rna-NM_022167.3	1396	1202	1163	1337	1384	691
rna-NM_000088.3	37598	4940	6282	23543	22113	3067
rna-NM_016504.2	992	901	699	1229	1191	724
rna-NM_001166131.1	167	163	65	226	187	76
rna-NM_018509.3	9352	6959	4746	9620	9208	5792
rna-NM_001288968.1	2277	1861	1930	2324	1596	1016
rna-XM_011524214.2	35	7	27	13	52	10
rna-NM_018346.2	1185	1142	927	1426	1278	1157
rna-XM_017025205.1	13	0	0	4	5	0
rna-NM_017957.2	0	2	2	2	0	2
rna-NM_022827.3	2001	1959	2110	2592	2815	1801
rna-NM_018896.4	227	133	94	193	100	111
rna-XM_011525423.1	2894	9618	8992	3377	856	3242
rna-NM_052855.3	2415	3393	2771	2640	2886	2523
rna-NM_001330330.1	1079	896	968	1138	2430	1608
rna-NM_001243877.1	1499	1640	1738	1257	2076	1358
rna-XM_005257768.2	3156	2076	1993	2721	5417	3568
rna-NM_001082534.1	52	11	15	100	220	148
rna-NM_001018136.2	11895	14527	11418	14682	13791	10520
rna-NM_198175.1	1561	2013	1253	1755	1737	982
rna-NM_001018137.2	891	1839	2103	1490	1456	1832
rna-XM_011524922.2	476	710	657	358	791	793
rna-NM_016001.2	2030	1854	1519	2221	2727	1871
rna-NM_005486.2	541	594	533	566	706	432
rna-XM_017024193.2	1101	1599	1500	1481	1680	1355
rna-XM_017024410.1	222	173	157	114	344	237
rna-XM_005257269.3	4	26	14	12	4	8
rna-NM_001099640.1	6	5	7	4	0	2
rna-NM_001330378.1	83	54	49	90	96	41
rna-XM_006721795.3	1139	717	600	886	947	598
rna-XM_017024263.1	6	19	19	10	2	0
rna-NM_005450.4	306	1696	605	150	114	98
rna-NM_001085430.3	124	16	36	141	210	119
rna-XM_017025243.2	266	37	47	172	505	126
rna-NM_005082.4	5369	6587	5097	4491	5950	4585
rna-NM_004645.2	682	721	506	728	810	468
rna-NM_021626.2	2270	1378	1613	2131	1779	2106
novel.978.1	15	26	30	25	26	19
rna-NM_003488.3	1884	1684	1411	1837	2369	1811
rna-XM_005257014.3	2245	7329	6727	2201	1551	3106
rna-NM_016070.3	1478	1471	1170	1833	1680	1059
rna-NM_001271875.1	2162	4065	3263	2582	2436	2229
rna-XM_005257643.1	3597	5671	4367	3368	3768	3799
novel.979.1	242	115	280	103	754	116
rna-NM_006924.4	5197	6381	3605	5831	6927	4453
rna-NM_080677.2	2129	2822	2240	2249	2179	1420
rna-XM_011524957.2	232	439	268	293	255	226
rna-XM_006722173.3	5	0	0	11	12	2
rna-NM_003168.2	2127	1973	1682	2624	2369	2102
rna-XM_017024800.2	6	120	65	10	2	7
rna-XM_005257784.2	1878	1623	1282	2333	2697	1557
rna-NM_001256782.1	493	714	714	592	257	245
rna-NM_001038704.2	14	0	0	9	15	0
rna-XM_011525029.3	19	10	9	26	43	16
rna-XM_006722001.4	706	539	325	698	723	341
rna-NM_018149.6	1237	1048	813	1481	1855	1249
rna-NM_182569.3	246	175	154	276	322	259
rna-NM_001005404.3	612	224	341	586	1026	810
rna-XM_011525567.2	0	0	0	0	0	0
rna-NM_014906.4	221	203	160	303	143	136
rna-XM_011524831.1	1798	1391	1171	1357	2180	1505
rna-NM_182620.3	1863	1805	1631	1764	1926	1047
rna-XM_024450828.1	717	1027	472	462	544	174
rna-NM_024612.4	3053	4718	4284	3054	2951	3269
rna-NM_016261.3	327	281	257	423	441	419
rna-NM_003161.3	1112	1019	919	770	1308	806
rna-NM_016125.3	415	177	176	378	610	224
novel.980.1	0	0	5	0	0	2
novel.980.2	0	0	1	0	0	1
novel.953.1	85	62	91	84	73	76
rna-NM_022070.4	803	801	704	772	886	593
rna-XM_005257012.4	15601	15773	13803	12942	18642	16632
rna-NM_001015509.2	840	563	422	864	1075	534
rna-NM_001329395.1	4511	3940	3480	4563	6066	4184
novel.982.2	0	6	15	21	55	0
novel.982.3	0	10	12	153	88	28
novel.982.11	0	2	2	223	0	0
novel.982.5	269	12	19	262	378	334
novel.982.6	88	0	1	58	60	168
novel.982.1	186	44	89	169	519	258
novel.982.4	49	4	3	92	127	40
novel.982.8	146	21	58	169	252	222
novel.982.9	104	1	2	156	131	457
novel.982.7	60	0	0	105	113	124
novel.982.10	219	1	1	252	194	152
rna-XM_005257639.3	2	6	13	14	5	13
rna-XM_005257033.5	0	0	0	0	0	0
rna-XM_011525371.1	3748	3021	2469	3229	5070	4965
rna-NM_006380.3	2479	1559	1514	2121	3172	2172
novel.983.1	14	4	7	20	35	36
rna-NM_003620.3	1598	852	754	1609	1792	2230
rna-XM_011524939.2	871	698	771	1090	1065	944
novel.984.1	17	31	35	27	20	15
rna-NM_005994.3	378	224	143	443	378	263
rna-NM_203425.2	21	5	2	20	32	8
rna-XM_011525490.2	5	10	2	6	0	14
rna-NM_199290.3	1	3	1	2	1	1
rna-XM_011525333.3	955	328	223	468	1238	147
rna-NM_020748.3	334	387	341	284	703	296
rna-NM_005121.2	3396	2940	2418	2120	4275	3158
rna-NM_181725.3	729	1040	719	896	750	716
rna-XM_024450552.1	2758	2139	1735	2582	3345	2640
rna-NM_006039.4	7620	9394	9841	9124	5690	11169
rna-XM_005257095.3	4	10	10	3	8	8
rna-XM_017024262.1	643	600	500	1016	918	769
rna-NM_000789.3	1	14	14	5	2	18
rna-XM_011524597.2	3039	3731	2608	2298	2766	4416
rna-NM_005828.4	3863	7663	6290	4849	3845	5099
rna-NM_016360.3	914	1000	778	1282	953	569
rna-NM_203351.1	1510	668	562	1454	1649	990
rna-NM_030576.3	752	156	251	847	904	392
rna-NM_001003787.2	670	801	679	921	954	631
rna-NM_001039933.2	12	6	4	36	0	5
rna-NM_000334.4	70	13	7	68	23	14
rna-NM_001191029.1	70	16	26	47	21	5
rna-NM_001099789.1	6	0	0	0	2	0
rna-XM_017024347.2	739	457	433	711	724	830
rna-NM_020198.2	4662	6405	5219	4394	4687	5087
rna-XM_017024111.1	2174	3052	2507	1931	2978	2057
rna-NM_017647.3	2741	2564	1950	2833	2753	2375
rna-XM_024450840.1	5326	4964	4004	6316	6238	4618
rna-NM_001098426.1	2269	1892	1563	2061	2027	1228
rna-NM_018469.4	2679	3233	2807	3248	2941	5919
rna-NM_000442.4	124	27	26	141	78	165
rna-NM_022739.3	1570	600	521	1484	3250	3134
novel.985.1	64	8	28	25	138	43
rna-XM_024450706.1	88	41	37	70	52	29
rna-NM_007215.3	257	210	196	219	302	162
rna-NM_001320595.1	13333	15806	9242	12623	15836	13771
rna-XM_005257779.3	430	337	297	364	673	362
novel.986.1	268	68	71	258	409	238
novel.986.2	13	3	20	48	21	13
rna-NM_199340.4	40	19	50	54	23	83
novel.987.1	57	88	55	98	80	115
novel.987.2	76	78	137	80	100	138
rna-NM_006572.5	4275	2684	2387	3420	5359	4022
novel.954.1	175	56	79	235	250	238
rna-NM_003835.3	126	20	37	133	64	139
rna-NM_004655.3	93	111	144	93	45	166
rna-NM_001353129.1	73	92	106	57	68	67
rna-NM_002737.2	2284	2581	2404	1596	1858	1845
rna-NM_145811.2	4	0	0	4	4	0
rna-NM_000727.3	2	0	0	0	2	0
rna-NM_014405.3	181	1706	981	246	0	241
rna-XM_011525544.2	1550	3131	2516	926	1629	1879
rna-XM_024450842.1	2052	2262	1827	2017	3083	2069
rna-NM_012417.3	1023	1965	1252	889	680	952
rna-NM_015462.4	2249	1535	1135	1948	2850	1433
rna-XM_005257150.3	1514	1196	1048	1077	3309	1483
rna-NM_181655.3	284	353	221	259	306	105
rna-NM_002266.3	8248	6814	4084	7435	7472	3980
novel.955.1	0	1209	450	313	226	369
novel.955.2	865	1565	1186	969	687	843
novel.955.3	162	16	179	422	59	484
novel.955.4	224	97	557	58	237	176
novel.988.1	21	14	8	36	45	0
rna-XM_005257432.4	1419	1815	1448	1942	1604	1410
rna-NM_001288985.1	117	5	24	47	57	10
rna-XM_024450529.1	7	0	0	8	10	0
rna-XM_017024404.2	15	2	0	6	24	9
rna-XM_005257789.4	85	30	13	36	36	2
rna-XM_011524536.2	157	129	90	165	128	46
rna-NM_001278433.1	9310	8827	7613	9035	12783	11804
rna-NM_017983.6	1582	894	951	1584	1339	737
rna-NM_017565.3	5	3	5	2	1	2
rna-NM_080282.3	21	0	0	33	44	24
rna-NM_172232.3	385	113	107	272	1081	250
rna-XM_011525026.2	389	92	148	348	217	98
rna-NM_001291622.1	484	4	36	474	997	723
rna-NM_000891.2	529	74	83	379	487	296
novel.956.1	9	120	67	13	0	12
novel.989.3	0	54	51	0	0	15
novel.989.1	22	102	61	24	8	53
novel.989.2	4	0	0	5	4	0
rna-NM_000346.3	2544	10236	7994	4216	3637	7310
novel.990.1	227	618	103	48	122	99
novel.990.2	220	676	279	195	45	165
novel.990.4	1204	2236	2204	386	215	979
novel.990.3	657	1473	1589	341	229	586
novel.990.5	22	215	64	269	21	347
novel.991.1	6	19	24	12	0	21
rna-NM_001159770.1	697	672	607	854	892	713
rna-NM_001050.2	618	81	118	538	385	877
rna-XM_011525115.2	0	5	7	4	2	7
rna-NM_018714.2	1431	1200	1062	1510	1426	971
rna-NM_001098832.1	2269	1655	1529	2168	2469	1769
rna-NM_001351264.1	1291	865	856	1027	1620	907
rna-NM_012121.4	4952	3222	3614	5596	4657	4770
rna-NM_001144952.1	16	25	27	8	5	10
rna-NM_000999.3	5757	7228	6693	6862	4350	5525
rna-NM_032646.5	261	421	346	208	112	43
rna-XM_017024150.1	4	0	0	0	3	0
rna-XM_017024622.1	3	2	0	4	3	0
rna-XM_005257512.2	4304	609	1146	4250	3779	1426
rna-NM_001163989.1	66	54	71	68	38	30
rna-NM_004252.4	6717	4933	5240	8210	6415	4118
rna-NM_001305082.1	2399	666	747	2517	2093	1199
rna-NM_017728.3	4185	1741	1527	5249	4614	4159
rna-XM_017024544.2	27	12	14	30	40	19
rna-NM_001258012.3	2450	1149	1251	2108	2095	529
rna-XM_005257224.5	2	0	0	2	4	0
rna-NM_173477.4	35	0	5	47	15	16
rna-XM_011525479.2	3	0	0	3	2	0
rna-NM_030630.2	463	884	883	1355	388	2747
rna-NM_014603.2	4523	1584	1473	6784	4686	9938
rna-NM_001303265.1	793	999	797	889	668	491
rna-NM_006356.2	2518	3574	3243	3206	2653	2799
rna-NM_015353.2	1864	1693	1666	2558	2562	3545
rna-NM_024844.4	2768	1648	1373	2992	3289	1233
rna-XM_005257790.1	175	15	49	201	280	170
rna-NM_024585.3	1001	600	594	1547	1259	1271
rna-NM_014595.2	599	829	738	774	651	639
rna-NM_001002032.2	4528	4097	3146	4094	4325	2246
rna-NM_006937.3	12234	12829	10656	12521	11773	10309
rna-XM_017024385.2	1870	1182	1208	2056	2529	1710
rna-NM_015971.3	2867	2895	2249	3153	3391	2110
rna-XM_017024888.1	621	973	760	895	762	703
rna-NM_001126122.1	1118	706	412	1298	1174	795
rna-NM_002086.4	8400	8121	6978	8463	8517	7259
rna-XM_017025433.1	1699	2632	2742	1866	1732	1799
rna-NM_020753.4	2563	1200	1386	2680	2106	1740
rna-XM_005257229.4	1406	530	610	1522	1320	749
rna-XM_011524802.1	809	138	230	955	772	479
rna-XM_011525116.2	0	3	6	0	11	0
rna-NM_001309242.1	21	13	26	38	33	8
rna-XM_005257818.4	887	529	509	954	1220	502
rna-NM_001162997.1	6	4	2	20	11	0
rna-NM_001301855.1	2836	2777	2391	3318	3172	2231
rna-XM_011524504.2	110	29	40	218	158	181
rna-XM_006721866.3	3836	18932	18266	2882	662	1384
rna-NM_000154.1	2083	1683	1730	2400	1655	611
rna-NM_005324.4	15451	17616	12891	14396	16714	12874
rna-XM_017025248.1	1277	1213	934	1253	1557	836
rna-NM_001348170.1	8165	4965	5361	9265	8642	6378
rna-NM_033452.2	1734	1708	2174	2946	2674	3179
rna-XM_006721760.3	1852	1457	1240	2283	2071	1601
rna-NM_032478.3	3765	2779	2497	4597	3908	2498
rna-NM_001319193.1	412	312	238	521	545	293
rna-NM_004035.6	1105	2263	2102	1219	1596	1245
rna-NM_001113324.2	493	419	462	757	753	495
rna-NM_001258.2	33	21	28	36	88	25
rna-NM_001320747.1	229	24	121	367	517	277
rna-NM_014230.3	4280	3743	2906	4351	4791	3110
rna-NM_003857.3	24	6	12	51	50	22
rna-NM_180990.3	3	1	0	7	5	8
rna-XM_024450668.1	6939	6710	6089	7804	8548	6547
rna-NM_001454.3	15	9	7	18	51	2
rna-XM_017024117.2	596	443	316	559	341	157
rna-NM_182565.3	2592	1291	1052	2482	1800	1069
rna-XM_005257728.4	21	18	19	15	21	6
rna-NM_002766.2	1529	1314	1087	1639	2087	1181
rna-NM_182965.2	4280	687	907	4795	5125	2042
rna-XM_024450865.1	2758	2884	2380	2224	2614	1828
rna-NM_001166579.1	0	0	0	7	2	0
rna-NM_024599.5	2499	1387	1294	2205	2559	1846
rna-XM_005257005.3	256	29	31	299	168	65
rna-XM_017025013.1	20	0	0	34	21	7
novel.957.2	1517	2085	1776	1355	920	576
novel.957.3	701	1276	1180	763	867	627
novel.957.1	534	45	62	380	0	229
novel.957.4	6	8	11	4	225	44
rna-NM_006456.2	55	44	44	36	35	17
novel.992.2	0	34	0	46	0	0
novel.992.3	0	0	13	0	0	20
novel.992.4	0	0	0	0	0	0
novel.992.1	53	427	398	225	0	284
rna-NM_018414.4	1	0	0	0	0	0
rna-XM_005257382.2	1589	2950	2816	1732	972	1558
rna-NM_001081461.1	2312	1477	1232	1848	2115	1681
rna-XM_017024146.1	693	806	679	799	844	767
rna-NM_001195427.1	4177	4122	3048	4899	6832	3651
rna-XM_011525238.3	515	237	273	575	779	696
rna-NM_198955.1	1055	820	789	839	556	379
rna-NM_001204408.1	14264	10913	7025	12483	10325	10898
rna-XM_006721996.4	398	350	275	219	336	282
rna-NM_007267.7	1042	365	401	1258	992	743
rna-XM_024450617.1	19	2	0	30	19	5
rna-XM_024451065.1	0	0	2	0	4	3
rna-NM_001113491.1	16028	32223	28924	15901	8099	14479
novel.958.1	37	112	146	46	28	18
rna-NM_003955.4	2060	2287	3140	1924	2541	1886
novel.959.1	22	31	21	23	38	14
novel.959.2	12	23	6	17	0	11
rna-XM_017025357.1	1300	1006	1071	1583	1555	1399
rna-XM_011525416.2	41	10	13	43	42	25
rna-XM_017023997.1	0	0	0	2	0	0
rna-XM_005257792.3	9155	4390	4828	9741	8369	8128
rna-XM_017024992.2	16986	4917	3150	18141	12879	4305
rna-NM_001145526.2	578	519	460	482	723	373
rna-NM_001012271.1	3058	2003	749	2446	1986	529
rna-XM_017025336.1	2855	1002	1302	3238	4048	4929
rna-XM_011525067.3	858	676	454	818	1096	611
novel.960.1	24	8	17	11	41	14
rna-NM_003255.4	20579	21684	21235	21418	9124	19327
rna-NM_001243540.1	1	6	7	21	7	8
rna-NM_001159773.1	5634	4026	3741	5639	4808	3627
rna-XM_006721663.1	2999	7597	6844	3757	923	4016
rna-NM_001042573.2	472	340	396	536	609	453
rna-XM_024450593.1	0	0	0	0	0	0
rna-XM_011525382.1	778	1081	834	706	547	625
rna-NM_020649.2	432	324	297	602	442	487
rna-NM_003655.2	2406	1607	1685	2575	2525	2678
rna-XM_024450578.1	2742	6753	7273	2857	2057	2390
rna-NM_017950.3	73	113	94	61	66	42
rna-NM_005567.3	130359	68368	72081	118268	73114	47180
rna-NM_000152.4	4871	4676	4510	4399	2252	3077
rna-NM_014740.3	7283	4687	4214	6903	8017	4861
rna-XM_011525213.1	30	10	11	16	26	22
rna-NM_000199.4	2998	1334	1732	3747	3663	2284
rna-XM_017024505.1	1001	168	287	1013	1294	718
rna-NM_002522.3	434	133	173	616	607	489
rna-XM_017025505.1	0	0	0	0	2	0
rna-NM_020761.2	2771	3154	2602	2906	3037	2662
rna-XM_017025504.2	5	8	4	9	6	24
rna-XM_017025502.1	10	20	8	12	14	11
rna-XM_005257545.4	8107	5161	3780	6282	10775	6847
rna-XM_011524655.1	443	206	199	544	453	322
rna-XM_005257668.1	262	384	330	423	389	340
novel.993.1	1207	1235	1655	1309	1026	976
rna-XM_011524194.1	1517	918	901	1285	1157	622
rna-NM_001354639.1	0	0	0	0	0	0
rna-NM_001080395.2	158	115	96	155	109	46
rna-XM_011524555.2	1530	1049	995	1297	1153	549
rna-XM_011524355.1	571	263	298	514	703	353
rna-NM_001353402.1	437	561	401	575	552	345
rna-XM_011524288.1	5252	4432	4730	5639	3991	3340
rna-NM_178520.3	0	5	4	7	0	4
rna-XM_024451055.1	3	0	4	9	12	6
rna-XM_011524140.3	20	11	22	14	65	8
rna-NM_001291324.1	735	256	372	597	687	369
rna-XM_011524979.1	3139	2283	1792	3387	3992	3275
rna-NM_001290212.1	124	88	60	242	151	126
rna-XM_017024734.1	24	9	16	67	44	11
rna-NM_001039842.2	276	302	265	390	388	346
rna-NM_199287.2	2070	847	621	2136	2471	1227
rna-NM_001614.3	110406	175721	130347	101176	77572	47144
rna-XM_011524590.2	21	29	28	45	50	51
rna-NM_025161.5	1974	2207	2145	2273	2130	1639
rna-NM_001288798.1	1199	1901	1744	1795	1036	940
rna-NM_001040025.2	1657	963	836	2056	1752	1596
rna-NM_004712.4	3918	3391	3101	4028	4119	2673
novel.994.1	97	29	53	124	232	93
rna-NM_002949.3	4733	4956	3621	6176	4835	3258
rna-NM_001270953.1	1992	1924	1630	2291	1918	823
rna-NM_001301242.1	8355	8832	6245	9344	7723	4972
rna-XM_024450777.1	64844	78351	65149	71184	49996	50183
rna-NM_005782.3	3405	2905	1741	3504	3965	1998
rna-NM_001002244.2	1391	1901	2088	2095	1174	1952
rna-NM_148896.4	101	65	52	115	120	85
rna-NM_001184917.2	2274	1872	1381	2760	2909	1458
rna-NM_001145113.2	8	8	12	26	14	21
rna-XM_024450792.1	859	480	560	1045	1247	813
rna-NM_002359.3	4806	2200	2031	4173	4692	3640
novel.961.1	293	219	171	401	343	237
rna-NM_001282281.1	4990	3157	2322	6329	4255	2678
rna-NM_178493.5	598	564	612	1040	931	1076
rna-XM_017025036.2	1187	904	877	1376	1280	744
rna-XM_017024326.1	2186	1581	1332	3324	2740	2789
rna-NM_144999.3	1831	1056	1101	2038	1382	788
rna-NM_005052.2	2538	1006	1123	2877	1935	1170
rna-NM_016286.3	2635	2824	2608	4411	2660	3006
rna-NM_002917.1	2535	1873	1843	3704	2489	2923
rna-XM_024450713.1	6065	5439	4778	7480	6336	4727
rna-XM_024450868.1	2177	2064	1644	2888	2702	1944
novel.962.1	11	0	4	1	12	0
novel.995.1	72	123	130	76	80	43
rna-XM_011523545.3	252	238	277	204	230	233
rna-XM_011523538.2	35960	50961	35873	41646	42855	27511
rna-XM_024451023.1	27211	12514	12047	23800	23714	8516
rna-XM_005256336.4	4701	2507	2286	4209	5054	3340
rna-NM_207459.3	47	86	67	30	23	6
rna-NM_018949.2	4	2	0	1	2	0
rna-NM_006137.6	99	3	5	144	150	184
rna-NM_003004.2	6215	496	1118	9934	12237	9570
rna-NM_175902.4	1920	1813	1764	2249	2122	1511
rna-NM_173620.2	506	321	354	660	669	482
rna-XM_011523606.3	3034	2343	2644	3312	2575	2432
novel.996.1	101	92	108	181	137	177
rna-NM_031968.2	2129	3121	3267	2474	2142	3129
rna-NM_004514.3	8703	6797	5779	8765	8324	8954
rna-NM_019613.3	6622	10515	7990	6406	5708	8189
rna-NM_006822.2	250	398	460	259	208	200
rna-NM_024619.3	1740	1685	1321	1757	1759	690
rna-NM_022158.3	197	641	509	321	198	315
rna-NM_024702.2	0	0	0	0	0	0
rna-NM_005993.4	2059	1959	1499	1672	1818	1156
rna-XM_011523611.2	1	4	2	0	2	0
rna-NM_001009905.2	115	100	89	136	151	99
rna-NM_001004431.2	712	460	377	547	473	216
rna-NM_001358689.1	3	0	4	5	9	10
novel.1225.5	0	26	0	14	16	0
novel.1225.6	0	11	0	19	26	0
novel.1225.7	0	101	0	22	64	0
novel.1225.1	43	23	16	44	90	34
novel.1225.2	3	5	16	3	5	6
novel.1225.3	90	33	33	49	57	60
novel.1225.4	37	41	64	9	12	32
novel.1225.8	4	10	19	1	8	8
novel.997.1	26	23	22	48	122	61
rna-NM_130386.2	26	16	4	6	10	18
rna-NM_005151.3	2216	4374	2875	2516	3014	2994
rna-XM_011525772.3	458	513	296	553	692	526
rna-NM_001289036.1	4	0	2	4	7	0
rna-NM_001012716.2	60	101	73	49	22	31
rna-NM_001071.2	3806	7137	2908	4358	4194	2026
rna-NM_001354067.1	115	22	51	188	347	204
rna-XM_024451244.1	1851	3640	3228	1876	1873	3956
rna-NM_022840.4	325	403	287	363	466	321
rna-NM_006101.2	472	520	219	338	485	107
rna-XM_011525642.1	1898	2460	2250	949	2230	1238
rna-NM_032048.2	12	8	10	19	15	13
rna-XM_005258177.4	2137	2196	1854	2191	1999	3614
rna-XM_024451281.1	14	36	28	9	21	6
rna-NM_170695.3	2307	1890	1724	2766	3333	3385
rna-NM_001303049.1	8494	10317	8070	9835	8920	11905
rna-NM_033546.3	6021	8033	7448	7140	7129	9182
novel.998.2	204	389	502	185	281	335
novel.998.1	84	223	0	36	27	53
novel.998.3	98	215	163	342	3	83
rna-NM_001243704.1	533	559	417	527	619	825
rna-XM_011525729.3	2	56	25	11	0	25
rna-XM_024451288.1	18	18	22	13	22	33
rna-XM_005258144.1	38	19	30	42	26	9
rna-XM_011525757.1	8	19	9	3	0	8
rna-XM_011525655.2	56	71	48	39	29	18
rna-NM_001025300.2	1831	6082	5637	2264	1262	2938
rna-XM_017025671.2	755	1623	1320	541	609	616
rna-XM_011525708.2	2942	250	451	1888	3197	1608
rna-NM_021074.4	1828	4825	3800	2436	1967	2323
rna-NM_015208.4	236	213	365	118	644	71
rna-NM_020648.5	1466	4191	3788	1616	2155	2745
rna-NM_153000.4	71	421	445	50	0	31
rna-XM_011525754.2	539	823	804	689	938	997
rna-XM_011525723.3	556	44	38	269	387	91
rna-NM_006788.3	2717	5278	4973	2858	2542	4349
rna-XM_011525775.3	2546	3808	2883	2489	2565	2757
rna-XM_017025528.2	6303	16732	12020	6023	2599	7138
rna-NM_001098529.1	18	37	24	24	4	30
rna-NM_003574.5	4974	10462	7871	5577	4627	5564
rna-NM_182978.3	111	271	295	158	91	173
rna-NM_020412.4	1701	2222	2332	1843	2154	2265
rna-XM_006722343.3	257	297	215	291	282	298
novel.1009.1	6	4	10	10	0	20
rna-NM_014214.2	889	2375	2374	1483	371	1199
novel.1010.1	68	152	160	102	20	63
rna-NM_001303524.1	3137	3140	2034	3348	3050	2395
rna-NM_006796.2	1865	2721	2177	2098	2430	2135
rna-XM_024451075.1	28	53	42	61	40	46
rna-XM_011525701.1	1646	1498	1535	2135	2671	3183
novel.999.1	25	30	27	38	24	23
rna-XM_017025981.2	289	271	216	307	392	313
rna-NM_020232.4	1301	1536	1187	1385	1386	951
rna-XM_005258124.4	578	469	396	537	743	570
rna-XM_011525742.3	817	1179	696	943	858	680
rna-XM_005258107.3	362	588	324	207	559	240
rna-XM_024451253.1	55	297	530	154	8	458
rna-NM_152352.3	967	1843	1246	739	1093	1691
rna-XM_011525751.1	284	448	341	197	400	349
rna-XM_017025564.1	68	86	67	63	143	150
rna-XM_011525662.2	66	4	12	28	98	3
novel.1011.1	58	4	8	26	20	0
rna-NM_005406.2	825	892	811	620	1923	1060
rna-XM_017025989.1	82	16	4	81	106	61
rna-XM_011525798.1	333	356	384	275	1059	405
rna-NM_006938.3	1251	1798	1106	1360	1495	1126
rna-NM_138340.4	484	440	381	391	686	445
rna-NM_020774.3	1111	2503	2363	904	1560	1814
rna-NM_172241.2	1	0	1	2	4	1
rna-NM_005257.5	205	92	107	179	256	209
rna-XM_011526132.2	1291	1266	997	918	1982	990
rna-NM_001100619.2	1001	232	245	757	801	303
rna-XM_017026043.1	123	55	78	190	156	135
rna-NM_003831.4	1449	2036	1686	1149	1990	1210
rna-NM_013326.4	1270	497	497	1267	1621	1324
rna-XM_005258277.1	3151	812	1007	2732	2793	3090
rna-NM_173505.3	48	9	33	63	56	66
rna-XM_011525978.2	207	16	51	178	189	212
rna-NM_001135993.1	125	133	82	164	223	150
rna-NM_012189.3	47	2	10	36	58	40
rna-XM_017025530.1	536	459	482	595	1085	770
rna-NM_018439.3	472	570	485	473	605	526
rna-NM_015461.2	29	27	19	15	38	44
rna-NM_001007559.2	1273	810	786	1598	2839	1532
rna-NM_001293725.1	218	95	82	195	399	256
rna-NM_001142730.2	497	361	408	463	595	526
rna-XM_017026033.1	4	2	0	4	2	2
rna-NM_001792.4	2295	3704	3587	2273	1684	3249
novel.1012.1	0	0	429	525	0	677
novel.1012.4	0	0	141	0	0	101
novel.1012.3	686	2103	1693	1087	0	3910
novel.1012.2	260	943	963	735	9	1314
novel.1000.1	3	3	7	4	0	23
novel.1001.1	12	29	22	19	0	21
novel.1001.2	3	0	0	0	0	0
rna-NM_001941.4	1612	162	317	1275	2599	1961
rna-NM_024422.4	399	45	130	424	1351	764
rna-NM_001134453.2	3	0	0	2	0	0
rna-NM_001943.4	3289	522	1091	2841	4910	3855
rna-NM_004775.3	232	149	168	237	562	362
rna-NM_017831.3	71	6	32	44	110	70
rna-NM_016271.4	753	871	596	723	1131	767
rna-XM_005258233.3	894	435	464	765	2004	1029
rna-NM_001242409.1	444	51	57	372	601	512
rna-NM_020805.2	107	9	22	172	426	317
rna-XM_005258356.1	3	0	0	3	0	2
rna-NM_003787.4	0	0	0	0	0	0
rna-XM_017025575.2	115	448	385	87	15	248
rna-NM_014268.3	932	1472	992	875	1223	1160
rna-XM_011526230.2	155	291	200	285	514	316
rna-NM_001112734.3	137	63	106	47	79	88
novel.1002.1	391	410	376	561	767	686
novel.1002.2	26	7	22	0	36	34
rna-NM_006965.3	1797	1422	1261	1865	3275	2082
rna-NM_001322286.1	39	21	44	44	40	56
rna-NM_001098817.1	320	120	97	338	399	234
rna-NM_020474.3	1216	897	793	1003	1632	1184
rna-XM_005258364.5	217	163	150	272	349	197
rna-NM_018170.4	2371	1916	1599	2065	2968	3101
rna-XM_011525901.2	2957	1935	1653	2894	4857	4182
rna-NM_001242875.2	1395	1057	845	1340	1961	1395
rna-NM_017947.3	492	69	88	506	893	429
rna-NM_001353740.1	4	0	3	3	9	3
rna-XM_011526189.1	952	483	466	951	1731	1524
rna-NM_001271951.1	1069	1531	1373	1390	1676	1300
rna-XM_005258315.5	197	77	101	176	249	168
novel.1013.1	6	0	0	2	28	6
rna-NM_002647.3	1016	756	698	908	1393	1019
rna-XM_024451149.1	311	257	234	229	165	450
rna-XM_024451270.1	6	0	0	0	2	9
rna-NM_001128588.3	9	22	8	6	0	6
rna-NM_213602.2	29	3	11	35	18	6
rna-XM_011526122.1	560	174	152	370	825	307
rna-NM_024430.3	136	23	35	120	126	11
rna-XM_017025789.1	9726	10681	10102	11708	12118	12853
rna-NM_138443.3	590	447	377	611	774	424
rna-XM_011525822.2	637	397	412	648	1176	630
rna-NM_152470.2	31	141	97	4	5	10
rna-NM_001307986.1	3	9	12	0	8	7
rna-NM_001242907.1	0	0	0	0	3	3
rna-NM_001354366.1	0	0	1	0	4	0
rna-NM_001100817.2	0	0	0	0	2	1
rna-NM_145653.3	0	0	0	0	3	1
rna-NM_016427.2	0	0	0	0	0	2
rna-XM_006722571.3	481	645	607	404	699	574
rna-NM_001353899.1	10	14	12	13	6	15
rna-XM_011526228.3	303	508	360	440	676	395
rna-NM_016097.4	901	736	744	1088	1602	946
rna-NM_001003652.3	1986	1491	1534	2881	3495	3136
rna-NM_001350280.1	0	0	0	0	0	0
rna-XM_017025605.1	40	179	164	66	0	110
rna-XM_017026100.1	978	398	508	1086	1147	1129
rna-NM_005904.3	430	94	128	378	495	369
rna-XM_011526036.2	1703	1393	1178	1801	1727	2016
rna-XM_005258390.1	596	4125	3120	386	332	209
novel.1003.1	6	6	5	7	3	4
rna-NM_001199355.1	611	313	805	861	979	1045
rna-NM_001199346.1	247	521	347	374	473	447
rna-NM_001035006.2	10626	10553	9874	13647	11610	11963
rna-NM_006111.2	1504	1193	1306	1932	1950	1867
rna-NM_001080467.2	328	1067	808	316	219	333
rna-NM_145020.4	6	9	9	20	20	19
rna-NM_001323942.1	1180	796	792	1354	1742	1501
rna-NM_001101654.1	1466	625	697	1947	1937	1432
rna-NM_001039535.2	190	102	41	181	216	54
rna-XM_017025839.2	13	78	48	38	0	67
rna-NM_001127176.1	2	4	3	2	0	4
rna-NM_002396.4	983	1064	925	1015	1925	1294
rna-NM_018696.2	81	90	76	104	135	97
rna-NM_005359.5	1660	219	386	1514	2957	1757
rna-NM_016626.4	1530	1460	1199	1464	2267	1848
rna-NM_005215.3	2	2	2	2	0	0
rna-NM_003927.4	1690	1275	1104	2228	2766	1973
rna-NM_007195.2	207	184	169	211	521	315
rna-XM_011525821.2	0	0	3	6	2	0
rna-XM_005258201.1	413	122	118	248	897	190
rna-XM_011525924.3	2	0	0	0	0	0
rna-XM_017025913.1	304	48	81	160	301	82
rna-NM_025214.2	250	19	28	174	349	182
rna-NM_001243226.2	374	1942	1970	448	103	2082
rna-XM_024451289.1	1612	1429	1306	1944	2338	1837
rna-NM_015285.2	606	476	433	534	1057	921
rna-NM_004852.2	58	27	42	78	107	99
rna-NM_001012515.2	627	535	679	738	1040	752
rna-NM_004539.3	3313	2669	2265	4420	6137	5285
rna-NM_001242804.1	29	36	23	64	78	104
rna-XM_006722481.4	1418	154	198	832	968	223
rna-NM_052947.3	1132	1969	1584	1126	559	1713
rna-XM_006722426.4	2933	1723	1831	2516	3605	3237
rna-NM_001289967.1	9	8	12	24	3	11
rna-NM_006785.3	2112	3694	3328	1544	1643	2156
rna-XM_017025810.1	637	1085	928	665	1198	1042
rna-NM_033280.3	415	217	256	623	841	696
rna-NM_013435.2	2	0	0	0	3	0
rna-NM_005570.3	4140	3298	2880	3389	5025	3973
rna-XM_017025557.1	1047	91	105	676	781	243
rna-NM_021127.2	2110	1507	1019	2209	4450	3938
rna-NM_031891.3	6	0	0	3	4	7
novel.1015.1	108	18	17	100	111	36
rna-XM_005266652.3	187	59	41	206	454	549
rna-XM_011526244.2	361	28	48	269	304	146
rna-NM_017742.5	548	221	257	587	1042	805
rna-XM_011525891.1	792	544	464	714	1117	711
rna-NM_001346229.1	477	343	388	500	1131	751
rna-NM_194449.3	1208	2616	2142	939	820	1379
rna-NM_000633.2	147	79	49	90	123	112
rna-NM_001040147.2	23	0	2	39	26	10
rna-NM_002035.2	2751	1704	1415	3002	3584	3017
novel.1005.1	10	6	6	25	18	13
rna-NM_004869.3	1339	804	827	1375	2385	1716
rna-NM_001143818.1	921	83	93	405	193	98
rna-XM_011526027.1	8	0	0	4	0	0
rna-XM_017025710.1	54	4	12	57	62	50
rna-NM_198833.1	996	300	238	1070	1735	862
rna-NM_033646.2	2	6	5	0	0	3
rna-NM_032160.2	371	83	121	597	1315	1408
rna-NM_019022.4	1238	1346	1221	1544	3162	3042
rna-XM_017025973.1	20	7	9	35	76	106
rna-XM_005266642.3	4	0	0	0	4	7
rna-NM_152721.5	18	21	32	8	4	87
rna-XM_006722434.3	319	483	302	282	347	245
rna-NM_004232.3	773	2053	1273	785	854	1331
rna-XM_006722394.3	5	0	6	17	22	63
rna-NM_001201465.2	24	0	4	10	51	30
novel.1007.7	0	0	3592	0	0	0
novel.1007.3	5956	15113	10698	11457	0	7081
novel.1007.5	70	228	38	173	0	243
novel.1007.4	161	775	22	969	0	1393
novel.1007.2	386	2052	2082	1518	23	20847
novel.1007.1	83	217	82	432	0	880
novel.1007.6	0	0	0	0	0	664
rna-NM_001142958.1	5	14	8	22	28	47
rna-NM_014177.2	224	326	311	248	406	226
rna-NM_148923.3	1012	1080	915	1202	1089	1573
rna-NM_001044369.2	31	371	416	26	0	38
rna-NM_018235.2	1900	2678	2374	2522	3448	2476
rna-XM_005266726.5	279	242	256	355	653	547
rna-NM_175907.5	497	923	683	665	704	1100
rna-NM_001308210.1	318	540	599	394	263	994
rna-NM_001272093.2	8	16	2	0	3	0
rna-NM_014643.3	335	277	350	232	320	366
rna-NM_001306089.1	279	232	191	205	473	569
novel.1017.1	11	2	5	32	69	78
rna-XM_024451186.1	86	9	21	99	255	234
rna-NM_171999.3	4	25	22	9	0	96
rna-XM_011526289.2	0	0	0	0	0	0
rna-XM_017026111.1	0	0	0	0	0	0
rna-XM_011525963.2	215	268	231	194	299	273
rna-NM_001278669.1	587	355	548	641	806	997
rna-NM_004715.4	851	605	679	931	1336	1175
rna-XM_017026112.1	2	0	0	0	0	0
rna-XM_017025704.2	34	21	23	20	31	16
rna-XM_017025997.1	1081	1048	1084	1676	1435	1464
rna-NM_024805.2	341	393	326	505	633	424
rna-NM_001136180.1	102	7	29	168	160	167
rna-NM_006701.4	1072	1480	1367	1648	1596	1800
rna-NM_014913.3	1516	1210	976	1098	1468	776
novel.1008.1	15	6	13	12	14	14
rna-NM_032510.3	252	217	226	208	184	125
rna-NM_177543.2	3155	2362	2395	4214	3070	3168
rna-XM_005259582.5	2456	1276	1155	2824	2443	2325
rna-XM_011528049.2	4	0	6	14	26	9
rna-XM_011527694.1	544	186	216	812	570	594
rna-XM_011527893.3	281	188	244	292	216	256
rna-NM_182577.2	26	8	0	32	12	7
rna-NM_130760.2	2	3	0	0	7	4
rna-NM_033513.2	974	604	643	1129	921	882
rna-XM_005259690.3	2589	2124	2130	2965	2538	2453
rna-NM_005317.3	19	3	0	15	10	11
rna-NM_020637.1	10	0	7	12	8	7
rna-NM_194460.2	3034	3876	3001	3219	2187	3181
novel.1046.1	119	71	58	99	105	42
novel.1046.2	65	69	66	158	168	73
rna-NM_001728.3	47289	68425	63040	65577	37734	71372
rna-NM_001194.3	1498	1262	1544	1894	1244	1455
rna-XM_005259580.4	4981	4902	4667	5178	4240	4591
rna-NM_005860.2	5760	2667	2418	6758	4144	2857
rna-NM_214710.4	2	2	0	0	0	0
rna-XM_005259565.4	2941	4197	4716	3250	1153	1849
rna-XM_011527685.2	85	18	32	93	52	38
novel.1018.1	69	142	139	49	79	36
rna-NM_001700.4	2	0	1	1	2	1
rna-NM_002777.3	44	181	157	37	11	40
rna-XM_011527775.1	2	31	37	3	0	2
rna-XM_005259597.2	17303	18290	12951	15793	16316	11788
rna-XM_011528317.3	1162	56	186	1537	608	778
rna-NM_001317335.1	130	31	56	227	204	158
rna-NM_005481.2	2284	2916	2758	3173	2610	2436
rna-NM_138774.3	3043	3165	3209	3392	2410	2307
rna-NM_032551.4	38	128	120	55	30	43
rna-XM_017026445.1	597	362	326	591	892	699
rna-NM_024100.3	2081	2811	2299	2913	2276	1632
rna-NM_138690.2	454	39	99	572	350	449
rna-XM_005259675.3	8113	6399	5902	10064	8780	9247
rna-XM_024451316.1	791	801	993	1000	922	695
rna-NM_001303501.1	14299	11382	9799	13622	12073	5814
rna-XM_011527858.1	1058	535	606	1450	1268	1440
rna-XM_011528070.3	6477	7369	6320	8312	6579	6961
rna-NM_001039848.3	15294	9755	11368	20605	18053	15011
rna-NM_014963.2	2429	1501	1458	2066	2448	1513
rna-XM_017027551.1	9	7	0	4	14	15
rna-XM_005259617.3	5114	4819	5015	6179	4644	4662
rna-XM_017026555.1	1354	884	928	1365	1035	1484
rna-NM_001687.4	3261	5191	4672	4377	2637	3289
rna-XM_024451753.1	1986	2384	2478	2048	2544	1235
rna-NM_001300829.1	2688	3738	4191	2920	2232	1987
rna-NM_017914.3	1419	1456	1127	2325	1819	1669
rna-XM_017026449.1	79	81	90	102	32	74
rna-XM_011528382.2	771	834	834	801	1004	547
rna-XM_011528085.2	128	95	164	159	122	71
rna-NM_001329556.2	975	1110	1074	1155	809	602
rna-XM_011527961.1	757	260	294	990	1026	735
rna-XM_017026768.2	671	823	812	1051	682	699
rna-NM_138924.2	1738	1307	1372	2054	1521	1054
rna-XM_011527904.2	4306	4463	3670	4441	3714	3881
rna-NM_001308226.1	22880	24872	25483	30850	19280	23796
rna-XM_006722608.3	1090	726	999	1533	1615	1816
rna-NM_152482.2	1359	588	594	1992	1763	1599
rna-NM_001174118.1	2449	2313	2188	2448	2105	1308
rna-NM_001281453.1	5932	6891	6629	9765	7502	8324
rna-NM_006830.3	2913	3947	3806	4438	3216	4272
rna-XM_024451674.1	3946	4338	3834	4614	4027	4694
rna-XM_006722654.3	365	252	252	522	367	418
rna-XM_011528144.1	1798	1377	1295	1808	2033	1866
rna-NM_031918.3	3730	2721	2526	4227	3732	2852
novel.1047.1	117	113	117	129	194	138
rna-NM_031213.3	2761	2902	2937	3106	1997	2489
rna-NM_079834.3	5826	4290	3736	7431	6747	3547
rna-NM_138422.3	744	175	215	1009	749	921
rna-XM_005259498.1	7814	7265	7199	9534	8023	8871
rna-XM_005259659.3	1920	3476	2328	1345	1308	1249
rna-NM_001300836.1	547	684	519	692	534	456
rna-NM_007165.4	3129	3679	2788	3254	2506	1966
rna-NM_000479.4	50	104	127	28	29	33
rna-NM_017797.3	4360	5907	6286	5032	3336	3558
rna-NM_199054.2	6713	6099	5173	6056	5874	3822
rna-XM_011527683.3	3167	4604	3533	3373	2972	2497
rna-XM_024451342.1	23	88	43	75	46	61
rna-NM_001261826.2	9564	8028	7073	10426	9825	9529
rna-XM_017026285.1	8	4	0	3	0	2
rna-NM_198532.2	12	7	6	6	3	0
rna-NM_004152.3	16348	23938	20055	24266	16259	27508
rna-XM_017026869.2	940	1511	1145	1020	790	702
rna-XM_011528138.2	911	1177	1214	1190	814	1118
rna-XM_017026822.1	1340	3164	2016	1492	2214	1132
rna-XM_011527978.2	5	9	8	20	17	3
rna-NM_012458.3	2064	2669	2337	2839	1921	2023
rna-NM_032737.3	8427	11750	7154	8184	6906	4778
rna-XM_017026606.1	692	2300	1768	672	203	721
rna-XM_005259695.2	1	2	449	149	0	0
rna-XM_011527713.2	401	149	138	360	152	81
rna-NM_144564.4	1338	1469	1192	1839	1198	1193
rna-NM_003021.3	4983	6020	4477	5971	4443	4776
rna-NM_003249.4	2068	2652	1963	2478	1941	1366
rna-NM_001102651.1	244	248	292	280	209	319
rna-XM_011527716.2	328	367	353	367	379	351
rna-NM_173480.2	120	97	104	154	188	97
rna-NM_021217.2	129	155	122	113	151	113
rna-XM_011528300.2	149	416	433	153	87	61
rna-NM_001300846.1	1224	1522	2356	1537	953	1726
rna-NM_198969.1	9304	18466	17855	15716	10459	18061
rna-NM_002067.4	7839	7659	6323	8287	5699	6450
rna-NM_002068.3	14	4	5	25	15	0
rna-NM_003775.3	4	4	4	3	0	4
rna-NM_020170.3	4700	6469	5375	5389	4144	4502
rna-XM_006722832.1	19	17	25	29	23	11
rna-XM_017026834.2	1220	2978	2068	1397	873	1583
rna-NM_001136503.1	14	2	2	19	17	5
rna-XM_005259492.3	404	65	119	605	488	251
rna-NM_201636.2	194	96	86	196	130	55
rna-NM_001080543.1	1225	1522	1180	1473	1283	1230
rna-NM_001145165.1	1105	606	492	1216	1060	871
rna-XM_017026863.2	2975	4686	4198	2936	2269	3039
rna-XM_006722647.3	4190	2394	2214	4564	4175	3314
rna-NM_001135580.1	136	94	74	137	129	108
rna-NM_006339.2	3856	4327	4578	4076	2530	3221
rna-XM_011527845.1	838	1042	930	999	918	1224
rna-NM_001267561.1	397	176	390	515	324	546
rna-XM_006722950.4	1118	844	835	1386	1215	1080
rna-NM_172251.2	740	1253	971	967	576	608
rna-NM_001319074.1	2	0	0	0	0	0
rna-NM_002378.3	27	0	5	30	13	8
rna-NM_033064.4	14	8	2	23	13	6
rna-XM_011527831.2	0	0	0	0	5	0
rna-NM_001348.2	4293	2968	3310	4276	3747	3856
rna-XM_011528060.2	1246	1512	1197	1371	1361	1321
rna-XM_005259570.5	2223	1876	1935	2853	2406	3313
rna-XM_017026989.1	9439	10325	10448	13903	8569	13860
rna-NM_032607.2	16	0	2	17	6	14
rna-NM_016539.3	538	601	528	683	454	404
rna-XM_024451405.1	32	61	47	55	34	62
rna-NM_001961.3	97807	160947	149908	115789	63103	107756
rna-XM_011527619.2	1176	230	385	1723	2241	1303
rna-NM_018074.5	678	856	628	1026	761	880
rna-NM_020209.3	2	10	2	3	0	2
rna-NM_024333.2	1173	1117	935	1832	1331	1836
rna-NM_017720.2	483	805	822	654	675	557
rna-NM_001300862.1	512	764	956	651	469	429
rna-NM_003025.3	6550	11361	9882	7675	4524	10072
rna-NM_001013706.2	25	2	0	30	31	11
rna-NM_052972.2	32	10	13	32	25	14
rna-NM_005483.2	3516	2761	1405	2787	2568	1156
rna-XM_017027325.1	3360	6002	6099	5048	3003	4768
rna-NM_001348169.1	3403	3802	3880	3683	2792	2532
rna-XM_017027193.1	29	0	9	19	53	8
rna-XM_011527640.2	4241	8288	6761	4546	1558	3456
novel.1019.1	0	0	0	2	0	0
novel.1048.1	2	4	1	9	13	4
rna-NM_018708.2	1643	2246	1656	1975	1544	2026
rna-XM_011527680.2	618	938	1015	670	387	509
rna-XM_017026987.1	1236	1271	1138	1639	1131	1161
rna-XM_011528405.1	3816	3398	2698	4493	4698	5102
rna-NM_001242901.1	22	9	17	16	37	10
rna-NM_182919.3	952	1026	876	1283	1256	1087
rna-NM_005817.4	5689	4638	4588	6978	5268	4947
rna-NM_013282.4	3766	2479	1109	2928	3547	785
rna-XM_005259521.4	2624	6481	6834	1851	1624	2940
rna-NM_002850.3	1940	3600	4821	2355	2585	2462
novel.1020.1	55	158	129	469	43	684
novel.1020.2	9	12	0	0	0	27
rna-NM_001134316.1	24	25	40	41	29	23
rna-NM_020175.2	583	977	662	695	502	381
rna-XM_011528041.2	226	298	497	208	63	197
rna-NM_001040701.1	0	0	5	0	0	11
rna-NM_001097641.1	9	9	22	32	6	57
rna-NM_002034.2	3	24	18	3	3	7
rna-NM_001193375.1	2055	3087	2869	2966	1826	1811
rna-NM_001017921.3	33	81	106	55	39	30
rna-NM_014649.2	2496	2268	1845	2838	2912	3111
rna-NM_001201338.1	4352	4842	4098	4724	4894	4564
rna-XM_017027553.1	19	8	3	49	36	47
rna-NM_001308240.1	1074	1379	1343	1633	1172	1207
rna-NM_001267868.1	513	880	1006	831	296	1075
rna-NM_033643.2	12197	20818	21069	16916	7902	13456
rna-NM_004793.3	6133	10940	9206	7356	4404	5676
rna-XM_011527885.3	4	0	0	6	7	5
rna-NM_001289177.1	2	2	0	3	5	3
rna-NM_004058.4	165	1050	784	274	37	256
rna-NM_007322.2	2458	3059	2459	3019	2587	2678
rna-NM_000635.3	623	918	1005	564	356	422
rna-XM_011528021.1	3315	4472	4019	3537	3050	3456
rna-NM_006012.2	2040	3108	2721	2302	1522	2013
rna-XM_017027355.1	989	1173	1357	1293	684	827
rna-NM_004158.3	44	36	66	59	49	43
rna-XM_024451475.1	5336	6019	5224	5784	4867	5042
rna-NM_173637.3	7	6	15	16	2	13
rna-XM_005259668.5	10541	11265	8485	11794	9535	9318
rna-XM_011528274.2	1709	3811	3408	2186	1454	2123
rna-XM_017027471.1	10	10	6	19	24	11
rna-XM_024451727.1	146	18	18	101	64	35
rna-NM_001289123.1	866	2350	2091	1009	391	760
rna-NM_003811.3	1582	94	257	1730	1977	1253
rna-NM_001330332.1	3602	4376	3655	5487	2266	7068
rna-NM_003807.4	2	0	0	6	0	2
rna-XM_006722940.1	6756	5104	5512	6977	6413	7460
rna-XM_005259467.1	245	33	66	297	310	233
rna-NM_005428.3	114	12	16	73	40	3
rna-XM_011527794.1	170	29	39	349	450	525
rna-XM_017027569.2	2	0	0	0	1	0
rna-NM_001164419.1	0	0	0	0	0	0
rna-NM_144614.3	1	0	0	0	0	0
rna-NM_024341.2	209	199	191	223	248	191
rna-NM_000208.3	657	938	966	510	442	500
rna-NM_000064.3	51687	15645	23356	53508	45893	47051
rna-NM_001080452.1	2861	4293	4728	4646	2544	5857
rna-NM_198534.2	0	0	0	6	4	0
rna-XM_011527836.2	2949	1234	1120	2879	2950	1798
rna-NM_080662.3	38	68	64	74	33	61
rna-XM_005272460.3	2445	3726	3912	4257	2175	5070
rna-NM_001080429.2	413	310	460	485	409	495
rna-NM_020533.2	1835	873	885	2831	3037	3306
rna-NM_001166111.1	6302	7842	9815	10501	10486	15132
rna-NM_020196.2	3579	2980	3104	4016	3536	2923
rna-NM_001171155.1	311	449	471	360	236	260
rna-XM_017026250.2	6	0	0	15	23	11
rna-NM_001272034.1	1432	253	441	1834	2269	1168
rna-NM_021155.3	11	0	2	8	9	0
rna-NM_174894.2	1086	1395	1442	1784	1208	1474
rna-XM_005272458.5	1515	2150	2226	1519	862	994
rna-NM_001190467.1	155	429	427	240	72	104
rna-NM_001268284.2	778	482	467	762	565	236
rna-XM_006722800.2	2195	1900	1717	2642	2328	2124
rna-XM_011527610.2	61	46	52	117	43	29
rna-NM_003083.3	734	1147	1127	815	578	530
rna-NM_206833.3	887	2412	1990	1345	537	1087
rna-NM_006351.3	1234	1566	1132	2018	1415	1487
rna-NM_001419.2	4586	7730	5667	5627	4400	5264
novel.1021.1	15	35	36	46	24	23
rna-XM_017027119.1	0	0	0	0	0	0
rna-XM_017027379.1	3	21	14	4	0	5
rna-XM_011528294.2	1355	1742	2185	1950	726	2061
rna-XM_011528047.2	736	1224	1543	933	469	668
rna-NM_016579.3	2448	3768	2758	3650	2448	2782
rna-NM_005001.4	514	1083	981	637	412	625
rna-NM_001031.4	4932	9388	9105	6472	2321	5202
rna-XM_017026563.2	111	86	124	135	80	50
rna-XM_005272484.3	1221	362	711	1425	2044	1517
novel.1049.1	25	35	33	32	29	15
novel.1022.1	107	378	90	63	107	8
rna-NM_004218.3	2381	3314	2838	3346	2677	3267
rna-NM_005968.4	5379	6564	4585	5370	6261	3485
rna-NM_001146175.1	260	492	363	293	159	268
rna-XM_011528024.2	27	26	37	55	13	25
rna-NM_030957.3	186	213	330	125	52	108
rna-NM_144693.2	527	882	829	572	592	725
rna-NM_024690.2	3	0	6	4	5	3
rna-NM_020933.4	2197	2341	1732	2122	2285	2372
rna-NM_175883.2	9	5	6	0	1	1
rna-NM_198535.2	377	266	227	257	394	180
rna-NM_001202406.1	182	215	205	166	239	147
rna-NM_001172650.2	13	22	57	54	27	26
rna-NM_001172651.1	76	81	93	20	78	72
rna-XM_006722622.2	610	604	627	680	878	677
rna-NM_024106.2	433	795	653	407	476	332
novel.1023.1	8	45	47	13	16	22
novel.1024.2	0	16	3	30	32	4
rna-XM_017027239.1	29	27	14	29	101	38
rna-XM_024451780.1	936	1495	1243	1185	1155	1126
novel.1024.1	58	87	115	103	50	87
rna-XM_005259941.4	498	805	594	527	654	426
rna-NM_001077624.2	61	49	41	76	139	45
rna-XM_017026912.2	706	507	516	664	628	435
rna-NM_001048241.2	1907	2713	2515	2355	1629	1803
rna-XM_011528068.2	2839	3430	2930	3151	2219	1823
rna-NM_001304347.1	290	202	202	379	169	251
rna-NM_015719.3	27	33	29	28	14	14
rna-NM_018381.3	3431	1636	1849	4154	4784	3595
rna-XM_005260091.4	10	4	2	36	14	20
rna-NM_002566.4	0	0	0	0	0	0
rna-NM_020230.6	970	1615	961	1071	1095	806
rna-NM_001040664.2	779	823	912	746	887	802
rna-NM_003755.4	5410	5390	5277	6255	4634	3998
rna-NM_001130823.2	6445	7161	4215	6437	7296	4806
rna-NM_004230.3	378	427	389	480	410	233
rna-XM_011528045.3	1319	2314	1651	1855	1262	1318
rna-XM_011528229.1	420	215	226	407	217	279
rna-NM_000201.2	7626	730	2292	12207	27372	21415
rna-NM_001039132.2	5	0	0	15	88	37
rna-NM_001103167.1	20	8	19	27	38	16
rna-NM_001031734.3	674	476	443	996	810	673
rna-NM_133452.2	3520	4393	3677	4097	3828	3602
rna-NM_002162.4	290	226	256	348	305	238
rna-XM_011528245.1	2778	2758	2506	3289	3237	2468
rna-XM_011527652.3	6288	6373	6141	7205	6317	6667
rna-NM_001111307.1	844	524	517	781	527	225
rna-NM_203500.1	3096	3118	2504	4412	4207	5262
rna-NM_001166215.1	503	299	288	607	490	321
rna-NM_032885.5	1181	1559	1433	1141	595	1038
rna-NM_023008.3	1387	1639	1470	1540	1306	947
rna-NM_079421.2	694	617	568	647	693	436
rna-XM_024451304.1	411	69	96	336	506	107
rna-XM_005259997.2	5552	7573	7446	6167	4648	4498
rna-NM_031209.2	690	1090	917	741	711	324
novel.1050.2	381	580	475	531	399	381
novel.1050.1	11	11	18	29	35	30
rna-NM_017620.2	9370	13765	10359	10404	9852	8995
rna-NM_182513.3	463	711	281	507	368	103
rna-NM_015493.6	2797	4681	5110	2164	1004	1584
rna-NM_018687.6	0	0	5	0	2	3
rna-XM_005260000.2	900	1966	2151	838	289	743
rna-NM_012466.3	0	0	0	4	0	0
rna-NM_004283.3	908	126	283	990	1312	676
rna-NM_001005360.2	6234	9157	7406	7722	6454	7923
rna-NM_006858.3	1970	1508	1267	2365	1822	1687
rna-XM_005259847.5	27	21	11	62	51	21
rna-NM_199141.1	2671	4279	3163	3242	2507	2789
rna-XM_024451696.1	2013	2438	2182	3117	1812	2657
rna-NM_138358.3	606	700	563	792	559	928
rna-XM_006722845.2	3882	9612	6527	2925	1841	2382
rna-NM_000527.4	9421	12695	7083	6585	7487	3843
rna-XM_017026769.1	971	1546	1524	1092	627	752
rna-XM_017026255.1	45	101	112	43	46	26
rna-XM_005260017.2	3148	3416	3552	3934	2913	3040
rna-NM_175871.3	68	32	27	77	63	42
rna-NM_000121.3	1000	451	640	982	1047	895
rna-XM_024451410.1	4	0	2	7	28	0
rna-NM_001161616.2	102	79	91	128	134	86
rna-NM_145045.4	77	88	68	91	53	58
rna-NM_001289103.1	15052	26647	23731	17713	9646	16868
rna-NM_138783.3	365	490	386	349	243	409
rna-NM_016581.4	1521	1767	1562	1895	1232	1314
rna-XM_017026289.1	608	115	128	521	295	63
rna-XM_017027356.1	1475	1888	1654	1522	1027	1346
rna-NM_001111036.2	35	23	32	43	17	19
rna-NM_145295.3	429	658	517	538	339	313
rna-NM_152355.2	23	30	44	14	51	17
rna-XM_005259730.4	22	30	23	22	18	12
rna-XM_005259731.4	249	296	252	162	269	160
rna-NM_001348718.1	100	147	155	62	63	79
novel.1051.1	694	1025	769	679	592	353
novel.1051.2	30	11	12	61	54	50
rna-NM_001080493.3	172	126	155	192	224	208
rna-XM_006722873.4	35	28	27	29	52	56
rna-NM_001271848.1	276	323	282	164	244	204
rna-NM_001012753.1	7	22	32	7	19	18
novel.1025.2	0	4	10	17	0	0
novel.1025.1	49	92	103	57	37	113
novel.1025.3	2	20	24	20	26	19
rna-XM_011527725.2	86	109	89	49	86	74
rna-XM_017027195.1	30	12	15	12	35	15
rna-XM_017026664.1	137	238	282	129	159	238
rna-NM_001348163.1	290	372	375	255	297	117
rna-NM_021143.3	96	146	142	106	124	149
rna-NM_145233.3	12	34	31	11	33	11
rna-NM_003437.4	142	179	150	145	153	103
rna-XM_017027560.1	0	0	0	0	0	4
rna-NM_001164276.1	121	77	130	110	135	74
rna-NM_145276.2	36	55	41	36	50	31
rna-XM_017027316.1	20	17	13	15	28	11
rna-NM_001080821.2	118	75	78	82	156	95
rna-NM_005815.4	85	105	77	66	69	53
rna-NM_152601.3	86	112	102	81	77	56
rna-NM_144976.3	257	237	196	222	249	214
rna-NM_020714.2	133	188	180	145	184	165
rna-NM_153358.2	348	494	442	284	339	330
novel.1052.1	242	333	374	180	202	241
rna-NM_032301.2	450	1076	882	370	199	279
rna-NM_001136196.1	2753	3895	3405	2733	2324	2957
novel.1053.1	1205	1315	1465	1298	826	1084
rna-XM_005259913.2	5822	8160	7701	6027	2980	5632
rna-NM_001099737.2	693	847	825	1063	544	1227
rna-NM_016145.3	1571	3164	2786	2445	1267	2685
rna-XM_011527770.2	1572	2455	2119	1758	953	1109
rna-NM_024038.3	4509	5263	4614	6043	3607	5190
rna-NM_004317.3	4292	5049	4524	5653	3819	4792
rna-XM_005259963.3	14	21	41	42	2	32
rna-NM_013312.2	338	380	391	352	328	299
rna-NM_002229.2	2628	3032	2977	3352	5089	3909
rna-NM_005809.5	5386	15848	13861	8040	3009	8306
rna-NM_006397.2	2988	2441	1157	3213	2475	922
rna-XM_005260089.1	103	5	26	119	105	124
rna-NM_014975.2	556	660	743	605	541	463
rna-NM_001375.2	2744	2833	3069	3678	2426	2801
rna-XM_011527899.2	451	1002	748	569	463	357
rna-NM_001105578.1	58	81	38	56	41	14
rna-XM_024451419.1	4245	5682	4008	5217	3266	3132
rna-XM_024451631.1	4887	9417	6965	6954	3821	5508
rna-NM_052850.3	1977	2514	2134	2391	1461	1339
rna-NM_152654.2	5	10	8	7	6	3
rna-NM_004343.3	44748	48714	43900	66394	25439	48384
rna-XM_005259917.4	3541	14263	13345	3953	1859	3962
rna-XM_024451516.1	2	0	0	0	5	0
rna-NM_001136035.3	1229	1153	1066	1314	1264	743
rna-XM_005259721.3	3784	6570	5637	4399	3143	3997
rna-NM_003765.2	1524	1961	1946	1787	1007	1572
rna-NM_004907.2	1993	3520	2648	3141	4371	3367
rna-NM_023035.2	47	5	12	33	39	9
rna-NM_001320561.1	709	788	880	718	450	456
rna-NM_001031727.3	390	694	598	459	460	376
rna-NM_014047.2	1867	3418	2951	2345	1290	2174
rna-XM_017027153.1	1257	1724	1420	1438	792	1928
novel.1054.1	148	89	185	94	433	130
rna-NM_001098622.2	19	6	8	14	5	0
rna-XM_024451712.1	267	226	141	404	275	299
rna-XM_024451562.1	2043	2047	1735	2549	1826	1725
rna-XM_006722901.1	61	18	17	47	39	12
rna-NM_138353.3	1128	1231	960	1135	802	748
rna-XM_011528167.2	890	664	625	896	737	901
rna-NM_004843.3	936	551	418	987	1568	1380
rna-XM_005259891.4	372	119	142	390	216	201
rna-NM_001291291.1	65	122	124	84	66	126
rna-NM_138352.2	1509	2754	2520	2106	1675	1530
rna-NM_001304349.1	3267	5364	5080	3701	2525	2670
rna-NM_018154.2	4005	3237	1196	3477	2941	565
rna-XM_017026475.1	3116	6848	6454	3543	2201	3715
rna-NM_078481.3	2001	4112	3258	2984	844	3870
rna-NM_005804.3	2333	1992	1100	3107	2273	2449
rna-NM_001204118.1	2	0	0	0	0	0
rna-XM_011528362.2	122	358	282	154	73	146
rna-XM_011527948.2	97	76	102	197	229	276
rna-XM_011528128.1	6336	7547	7677	8675	5074	5965
rna-NM_000955.2	3	0	4	8	16	14
rna-NM_202470.2	5212	5151	4906	6217	3903	4019
rna-NM_006145.2	5606	7543	5710	6632	3886	5494
novel.1055.1	14	26	13	16	13	19
rna-XM_024451790.1	6123	8356	8124	8093	4825	6300
rna-NM_004146.5	1333	2321	2166	1783	1002	1400
rna-NM_033025.5	3147	3228	2651	3615	3608	2497
rna-XM_024451330.1	2224	2850	2620	3008	1784	1923
rna-NM_000435.2	3121	1385	2067	2299	1210	1310
rna-XM_011527854.2	2466	2439	2189	2857	2736	3162
rna-NM_005858.3	1147	984	936	1185	1142	1251
rna-NM_014371.3	2706	2594	2512	2634	3142	2779
rna-XM_011528185.1	7	0	0	0	0	0
rna-XM_006722633.3	10	0	0	3	4	0
rna-XM_011527692.2	2	0	0	6	0	0
rna-XM_005260004.4	2488	4181	3952	3248	2589	4098
rna-NM_001082.4	13	0	8	20	13	0
rna-XM_011528020.3	972	1082	797	1068	955	811
rna-XM_011528386.2	81	19	16	122	160	73
rna-NM_001145160.1	19309	24290	18476	17193	13405	13518
rna-XM_011527898.1	2809	3918	3245	3821	2907	4212
rna-NM_016270.3	224	91	82	344	406	515
rna-NM_001130524.1	3577	4328	3214	4506	3998	3632
rna-XM_017027086.2	1510	2502	1835	1501	1189	1547
rna-NM_145046.4	0	2	2	4	2	2
rna-XM_017027350.2	174	212	187	183	209	191
rna-NM_006387.5	2232	2390	1829	2141	2222	1863
rna-NM_024881.4	3534	8749	6964	4204	2944	5912
rna-NM_004831.3	628	673	507	592	557	715
rna-NM_001300925.1	236	376	260	266	243	318
rna-NM_024074.2	462	631	525	491	353	597
rna-XM_011527930.2	9	228	178	9	3	2
rna-NM_015260.3	1216	1738	1504	1301	1577	883
rna-NM_015692.3	29	4	0	25	13	25
rna-NM_033417.1	746	443	268	651	554	259
rna-NM_004145.3	4389	4918	4359	4171	5241	3606
rna-NM_018467.3	390	569	531	607	352	669
rna-NM_024578.2	706	845	952	1026	760	765
rna-NM_001321417.1	4	2	2	2	4	0
rna-NM_005234.3	2704	2836	2973	3328	2509	3155
rna-NM_001033549.2	2345	4077	3520	3149	2377	2459
rna-NM_152363.5	13	10	13	13	6	7
rna-NM_024527.4	1558	1812	1772	2020	1265	1949
rna-XM_011528189.2	1148	1827	1533	1923	1420	2154
rna-NM_024050.5	1982	2822	2149	2174	1673	2027
rna-NM_020959.2	749	1425	1349	722	484	695
rna-NM_133644.3	750	559	504	1027	1033	561
rna-XM_011528476.3	4	0	0	5	7	0
rna-NM_001190844.1	124	419	415	232	41	216
rna-NM_004335.3	18253	11062	10062	13271	9133	4751
novel.1026.1	42	68	52	105	106	59
novel.1026.2	366	236	211	691	436	176
novel.1026.5	102	115	176	41	243	73
novel.1026.3	54	52	9	12	0	16
novel.1026.4	36	110	66	43	96	98
novel.1026.6	173	0	0	0	74	0
rna-NM_138401.3	1992	2336	2105	2724	1842	2041
rna-XM_011528000.1	1119	2669	3262	1159	401	620
rna-NM_012088.2	2124	2086	2222	3035	1766	2383
rna-XM_017026453.1	0	0	0	0	0	0
rna-NM_024656.3	7353	11793	8797	9157	8424	7327
rna-NM_001080421.2	224	46	78	272	477	310
rna-XM_017026930.2	1890	2203	1802	2029	1654	1737
rna-NM_001161357.1	289	232	331	234	136	143
rna-XM_011527626.2	106	9	8	69	43	14
rna-NM_001265587.1	2	0	0	2	2	2
rna-XM_005259896.3	106	76	139	83	36	28
rna-XM_011528192.2	32	2	6	61	41	8
rna-NM_001136203.1	2237	4101	3343	3167	1960	2867
rna-NM_000980.3	36547	57926	59450	46416	23697	44502
rna-XM_005259905.1	395	164	197	353	168	162
rna-NM_015683.1	1405	1149	1225	1579	1456	1570
rna-XM_011527966.2	27	7	13	31	33	4
rna-XM_006722699.2	590	547	705	657	755	512
rna-NM_005027.3	4992	8436	7979	5959	4723	6116
rna-NM_006332.4	2405	1381	1427	2961	2975	1418
rna-NM_000923.5	22	0	0	20	35	5
rna-NM_001145304.1	23	16	22	25	24	21
rna-NM_032683.2	1009	607	600	1297	984	772
rna-XM_011528164.2	256	813	612	200	126	146
rna-NM_005354.5	6625	6425	6516	9389	8641	8645
rna-NM_012321.4	2819	6679	4810	4378	2344	3803
rna-NM_017712.3	2516	2169	3118	3213	2237	3296
rna-XM_024451789.1	6372	442	793	6248	5918	5712
rna-XM_005259739.4	7	3	2	6	4	3
rna-XM_017026431.1	1491	1507	1420	1925	1366	1876
rna-XM_024451536.1	2852	269	702	4663	5579	4589
rna-NM_006532.3	985	1007	870	956	1016	751
rna-XM_024451439.1	11176	19684	19981	16869	9345	17228
rna-NM_001171949.1	2127	4194	3204	2472	1875	2067
rna-XM_017027198.1	11455	15953	14984	14790	9274	13972
rna-XM_024451571.1	371	661	613	423	248	318
rna-XM_011528422.2	123	73	87	291	124	229
rna-NM_012109.2	442	651	617	859	253	1198
rna-NM_001345981.1	372	601	531	401	364	266
rna-NM_000095.2	12	22	26	18	7	7
rna-NM_001098482.1	453	588	495	769	683	683
rna-NM_021267.4	592	713	563	494	338	553
rna-NM_001492.5	116	189	113	415	236	105
rna-XM_017027105.2	5395	5944	4820	6461	6150	7409
rna-NM_001330469.1	5099	6175	5497	5956	4364	4854
rna-NM_019070.4	1783	2310	1764	2379	1593	1856
rna-NM_004838.3	2177	1034	1168	3529	2982	3260
rna-XM_024451307.1	2161	4249	3001	2336	2642	3530
rna-NM_001199196.1	1204	1379	845	1983	1472	1252
rna-XM_017026670.2	696	334	527	725	644	561
rna-NM_017814.2	1082	1929	1647	1730	976	1315
rna-NM_005919.3	165	162	131	198	126	99
rna-NM_001145785.1	94	79	92	84	71	64
rna-NM_001145784.1	384	466	396	564	500	392
rna-NM_003721.3	970	1422	1084	1350	1062	823
rna-XM_011527688.3	293	239	167	376	341	165
rna-NM_004386.2	2	2	5	0	7	2
rna-NM_023002.2	6	0	2	16	4	0
rna-NM_001001524.2	25	5	0	31	30	8
rna-NM_172231.3	1054	961	1063	1196	1062	947
rna-XM_005259838.4	1261	1531	1171	1384	1401	1436
rna-XM_017026907.1	4207	5596	4483	5048	4793	4822
rna-NM_032037.3	35	61	39	63	55	70
rna-NM_015965.6	3507	5802	5762	4876	3015	4612
rna-XM_005259903.4	20	11	28	21	17	21
rna-NM_153221.2	90	10	27	103	86	74
rna-XM_011528320.3	59	34	28	62	67	43
rna-NM_004720.5	153	59	75	236	275	182
rna-NM_016573.3	471	422	493	773	825	607
rna-NM_020410.2	2600	3745	3634	3694	2609	3658
rna-NM_033204.3	249	311	287	262	342	283
rna-NM_021030.2	175	244	228	166	169	163
rna-NM_001355194.1	13	7	0	12	11	13
rna-NM_001099269.2	75	201	160	73	73	125
rna-NM_021047.2	91	166	140	56	153	79
rna-NM_031218.3	166	141	128	133	174	82
rna-XM_017027455.1	43	38	28	23	44	13
rna-NM_007138.1	36	55	24	60	98	16
rna-NM_052852.3	16	80	69	24	21	38
rna-XM_011528469.2	0	0	0	0	0	0
novel.1056.1	0	0	0	4	7	5
rna-XM_005259697.4	17	8	13	22	51	26
rna-NM_001076675.2	8	0	2	19	59	28
rna-NM_001355197.1	3	0	2	5	25	4
rna-XM_011528263.2	15	45	20	15	31	14
rna-NM_025189.3	169	125	127	77	236	116
rna-NM_182515.3	193	154	114	77	363	64
rna-XM_011527750.2	90	105	84	62	197	67
rna-NM_001256653.1	27	56	52	18	80	24
rna-XM_017027204.2	55	69	67	32	163	46
rna-NM_001355237.1	50	96	74	51	125	40
rna-NM_001076678.2	7	26	27	18	95	19
rna-XM_017026748.2	52	88	115	40	156	69
rna-NM_173531.3	38	92	61	37	103	34
novel.1027.1	0	0	3	10	0	10
rna-NM_001098626.1	4	1	3	7	20	2
rna-XM_011528470.2	2	0	0	2	0	2
rna-NM_020855.2	17	22	12	16	46	18
rna-NM_001080409.2	0	0	0	0	8	0
rna-XM_017026114.1	3	3	0	5	15	3
rna-NM_001355404.1	21	39	17	16	68	10
novel.1057.1	210	356	371	370	289	295
novel.1057.2	4	0	17	5	19	4
rna-NM_003430.3	128	109	131	76	313	68
novel.1058.1	132	147	74	166	150	109
novel.1028.8	198	430	42	90	21	158
novel.1028.6	135	149	271	187	111	376
novel.1028.7	71	145	479	431	78	362
novel.1028.2	31	56	178	169	60	200
novel.1028.1	90	119	335	306	53	268
novel.1028.4	71	16	43	101	38	157
novel.1028.3	9	0	17	73	48	105
novel.1028.5	16	0	0	98	80	139
rna-NM_138330.2	154	86	128	131	377	135
rna-NM_138286.2	91	71	75	49	181	28
rna-NM_001355287.1	1434	1926	1580	1660	1333	1300
rna-NM_001244038.1	0	12	7	5	8	3
novel.1029.1	45	46	42	82	72	127
rna-NM_203282.3	238	264	290	170	436	141
rna-XM_017027549.1	0	0	2	2	0	0
novel.1059.1	141	154	157	192	151	149
novel.1059.2	96	139	111	195	77	170
novel.1059.3	86	143	170	113	36	123
novel.1059.4	44	54	43	78	94	126
novel.1030.1	1	1	1	31	31	6
novel.1030.2	86	78	172	23	5	81
novel.1030.3	131	315	182	302	541	438
rna-NM_006003.2	2974	5077	4000	3890	3301	3610
rna-NM_006627.2	1024	1467	1097	1358	1263	1151
rna-XM_005259256.3	498	241	291	521	535	560
rna-XM_024451734.1	960	1072	869	1348	1410	1662
rna-NM_001238.3	510	598	400	425	601	334
rna-NM_003796.3	1739	3104	2654	1957	1973	2217
rna-XM_011527555.2	73	301	217	36	3	66
rna-NM_020856.3	530	793	562	343	186	378
rna-NM_001136156.1	874	884	653	658	1053	872
rna-NM_001172774.1	783	886	599	749	1077	1227
rna-XM_005259392.5	1134	1536	1109	1293	1374	757
rna-NM_032139.2	1369	1834	1286	1294	1537	1130
rna-NM_207391.2	81	31	45	104	75	90
novel.1060.1	11	23	11	8	27	12
rna-NM_001105570.1	276	434	375	312	486	267
rna-XM_011527471.3	0	6	7	4	17	12
rna-XM_011526402.3	8	2	0	2	3	0
rna-NM_032816.4	471	533	426	449	673	352
rna-NM_152266.4	201	104	67	262	323	119
rna-NM_033103.4	1803	2826	2400	1307	1490	1835
rna-NM_018025.2	220	489	392	253	271	212
rna-NM_173479.3	5	4	12	0	14	2
rna-XM_005258945.1	812	2264	2277	954	266	900
rna-XM_011527119.1	3	0	0	0	6	5
rna-NM_001287424.1	179	361	501	296	253	255
rna-NM_001806.3	1845	1880	1747	2539	1954	1936
rna-NM_000285.3	3401	2740	2799	4129	4142	4060
rna-XM_017027283.1	583	721	478	798	933	676
rna-NM_032346.1	444	572	412	630	497	532
rna-XM_005258719.5	953	1080	884	846	1213	959
rna-NM_014686.3	658	537	462	491	882	583
rna-XM_011526754.3	15844	54426	49392	15682	12351	17887
rna-XM_005258404.3	4752	6111	4786	5090	6008	5411
rna-XM_011526452.3	117	74	47	142	148	97
rna-NM_001025591.3	4	6	11	9	7	9
rna-XM_017026978.1	282	326	276	362	616	330
rna-XM_017026740.1	214	192	162	217	325	201
rna-NM_001007248.2	74	76	85	59	66	66
rna-XM_017027424.1	56	63	67	126	125	78
rna-NM_175872.4	239	262	311	231	197	308
rna-XM_011527153.1	3010	4561	3818	3511	2146	3698
rna-NM_199037.4	124	90	122	140	63	54
rna-NM_182983.2	4	5	14	2	6	0
rna-NM_139284.2	4	1	4	5	4	19
rna-XM_017026875.2	3	2	3	2	2	8
rna-NM_022006.1	4	3	3	6	0	11
rna-NM_001320912.1	1474	1042	901	2026	1600	1449
rna-NM_205834.3	2016	229	437	2279	2385	1909
rna-XM_024451684.1	2937	5378	5042	5143	3115	6182
rna-NM_002361.3	2	0	2	0	0	0
rna-NM_001771.3	37	0	4	29	14	2
rna-XM_011526858.2	3	0	0	0	0	0
rna-XM_017026709.1	2	0	0	3	2	0
rna-XM_011527494.2	945	635	643	1391	1376	1006
rna-NM_001166034.1	16	3	8	21	36	9
rna-NM_014364.4	22	35	34	23	54	26
rna-NM_032635.3	2988	4276	4062	4498	3320	4611
rna-NM_000704.2	2	62	32	6	0	4
rna-NM_015302.1	506	984	750	503	480	236
rna-NM_024321.4	3343	3390	3315	4039	3165	3183
rna-XM_005258652.2	26	50	39	26	12	27
rna-NM_001863.4	3078	4906	4677	4159	2837	4416
rna-NM_001281443.1	47	77	70	68	59	26
rna-XM_017026588.1	1	1	1	0	2	0
rna-NM_014727.2	1841	2018	1799	1791	2355	1945
rna-NM_024660.3	203	209	209	305	247	181
rna-NM_144987.3	153	94	87	221	173	159
rna-NM_172341.3	1300	1438	1585	1486	1332	1391
rna-NM_019104.2	567	331	346	668	607	419
rna-NM_144617.2	6	15	12	13	14	10
rna-NM_021232.1	0	0	0	0	0	0
rna-XM_011526528.1	165	242	144	187	288	172
rna-XM_006722999.2	118	205	154	130	110	81
rna-NM_004646.3	56	0	22	147	319	283
rna-XM_011527362.1	634	53	149	1035	1191	2088
rna-NM_001024807.2	2233	1520	1618	3291	2257	3588
rna-XM_011527419.2	267	42	101	373	846	559
rna-XM_017026193.1	8	7	0	18	15	31
rna-NM_024509.1	998	1233	1144	1603	1201	1554
rna-NM_001042631.2	847	791	778	1234	940	814
rna-NM_001039876.2	0	0	0	2	3	0
rna-NM_032878.3	292	268	241	395	434	218
rna-XM_017027190.1	0	0	0	0	5	1
rna-NM_001290056.2	8	8	15	5	3	2
rna-NM_015526.2	1545	2164	2781	1648	815	890
rna-NM_152658.2	361	467	392	418	305	360
rna-XM_017026665.1	1044	646	314	1007	1051	377
rna-NM_006233.4	762	1184	968	1229	846	968
rna-NM_001281.2	2199	2556	2429	3191	2982	2515
rna-XM_005259296.1	9043	13753	13718	13955	13737	13907
rna-NM_001042474.2	77	78	89	93	108	58
rna-NM_007145.2	1380	2173	1628	1234	1685	990
novel.1061.1	3	10	3	7	12	3
novel.1061.2	14	54	53	20	15	15
novel.1061.4	54	133	53	122	63	70
novel.1061.3	56	101	67	0	161	48
novel.1061.5	95	169	118	177	86	146
rna-NM_001297619.1	124	161	135	127	224	120
rna-NM_001321917.1	92	32	35	126	263	171
rna-XM_006723447.2	268	236	202	323	522	270
novel.1031.1	55	56	74	166	195	192
rna-XM_011526897.2	373	441	475	213	652	259
rna-NM_001145649.1	259	344	273	244	401	290
rna-NM_032825.4	49	117	60	49	35	35
rna-NM_153257.4	176	181	169	168	235	149
rna-XM_017026416.2	154	223	167	118	232	135
rna-NM_001193552.1	139	77	82	79	155	85
rna-NM_001294306.1	6	16	2	9	13	5
rna-XM_005258903.5	154	209	161	152	199	136
rna-XM_017026568.1	59	64	65	63	71	14
rna-NM_001171979.1	84	74	66	55	182	38
rna-NM_198539.3	100	87	111	62	130	59
novel.1032.1	10	15	6	7	16	4
rna-NM_001329515.1	181	194	160	188	169	207
rna-NM_001288800.1	214	301	254	233	340	338
rna-NM_152279.3	262	518	452	379	563	681
rna-XM_011526587.3	132	214	167	182	199	200
rna-XM_017026672.1	467	640	615	638	547	537
rna-NM_032453.1	97	149	118	127	171	114
rna-XM_006723048.4	116	113	89	51	331	100
rna-NM_001300993.2	154	185	150	161	297	162
novel.1062.1	0	0	3	3	0	3
rna-NM_001013659.2	22	14	16	14	40	24
rna-NM_152606.4	27	12	13	26	35	19
rna-XM_017026855.1	89	77	51	85	98	51
rna-NM_001320668.2	222	286	259	278	530	400
rna-NM_152605.3	9	23	25	20	0	0
rna-NM_032689.4	158	198	193	207	276	208
rna-XM_011526446.2	14	32	17	12	25	9
rna-NM_015073.2	1597	1651	1457	1533	2020	1827
rna-NM_001289978.1	195	320	174	236	236	118
rna-NM_033256.2	0	0	0	0	0	0
rna-NM_021102.3	3111	314	947	6329	8682	11574
rna-NM_001039672.2	1696	2405	2098	2713	1855	2248
rna-NM_033520.2	23	1	5	73	132	78
rna-NM_004823.1	239	37	70	237	256	108
rna-NM_021185.4	13	12	22	34	48	17
rna-NM_002812.4	6003	7685	6029	7665	6116	6155
rna-XM_005258619.4	59	46	49	63	42	50
rna-XM_006723219.3	491	1118	596	564	361	687
rna-NM_170604.2	0	0	0	2	0	0
rna-NM_174905.3	325	352	350	410	312	265
rna-NM_000540.2	10	6	3	6	11	3
rna-XM_011526403.1	7	9	7	15	9	13
rna-NM_013234.3	2024	2703	2391	2518	1841	1882
rna-NM_002307.3	0	1	0	3	0	11
rna-NM_001042507.3	0	2	2	6	0	7
rna-XM_024451408.1	1033	936	1244	1488	1021	1344
rna-XM_017027331.2	10085	21562	16950	11634	7891	22328
rna-XM_017026355.2	7	4	5	8	7	4
rna-XM_024451479.1	2608	4205	3185	3231	3625	2051
rna-XM_006723015.3	9	7	4	10	12	9
rna-NM_012237.3	1114	1536	1433	1463	865	2016
rna-NM_002503.4	454	264	236	555	588	751
rna-NM_001145901.1	307	403	294	388	365	328
rna-NM_033362.3	640	616	592	957	712	827
rna-NM_148169.2	479	690	577	684	574	595
rna-NM_178820.4	71	63	90	99	118	89
rna-XM_017026807.2	77	16	20	102	82	88
rna-NM_001014831.2	3071	5118	4330	3599	2416	4171
rna-NM_001001414.1	30	3	5	20	11	3
rna-NM_172140.1	5	0	0	0	0	0
rna-XM_005259102.4	900	1473	1586	949	493	740
rna-NM_004877.3	4	4	0	5	0	4
rna-NM_001001563.3	2130	3454	2716	2662	2116	2170
rna-NM_016941.3	202	157	168	432	127	516
rna-NM_182704.1	8	2	4	10	5	0
rna-NM_152361.2	149	161	120	152	185	135
rna-NM_153232.3	759	1001	956	972	982	1004
rna-XM_011527062.2	2040	2950	2262	2555	2133	3260
rna-NM_019088.3	2955	2349	2069	4032	3666	3734
rna-NM_017592.2	2541	3195	2793	3076	2830	2732
rna-NM_003407.3	566	469	571	1349	2895	1583
rna-XM_011527232.2	1521	1604	1687	1921	1943	1851
rna-XM_005259137.3	20377	31875	32550	25367	12847	21224
rna-NM_001111020.2	5846	6467	5701	6179	5815	5300
rna-NM_003890.2	35	100	116	34	7	18
rna-NM_004714.2	399	718	746	540	236	507
rna-NM_001436.3	3567	5748	3984	3407	2401	2101
rna-NM_006503.3	1948	2054	1778	2244	2169	1522
rna-XM_011526898.3	18	20	15	21	45	20
rna-XM_005258591.5	59	95	102	50	103	49
rna-XM_024451454.1	146	192	199	122	212	170
rna-XM_011526981.2	972	915	935	1279	1007	1579
rna-XM_017026368.2	8	9	4	20	23	49
rna-XM_006723395.3	6	0	4	2	3	6
rna-NM_001626.5	3585	5305	4675	5369	4633	5369
rna-XM_006723036.3	7	6	5	13	5	7
rna-XM_011527171.2	377	325	500	399	364	299
rna-NM_013376.3	1252	510	462	1443	1567	1017
rna-NM_203344.2	960	739	705	971	1042	750
rna-NM_001256440.1	986	760	676	1282	1010	1046
rna-XM_017026546.1	11745	10491	12376	15443	10737	12803
rna-NM_000713.2	2227	1307	1624	2379	1854	1103
rna-NM_020971.2	82	31	53	95	71	51
rna-XM_006723474.2	2976	3031	3373	3858	2991	2675
rna-XM_011527376.2	4649	9981	10302	5041	1880	6086
rna-NM_004756.4	1026	1716	1882	912	903	477
rna-NM_024876.3	710	1451	1265	1040	694	1029
rna-NM_025194.2	896	1310	1501	1020	1033	933
rna-XM_011526774.3	645	931	731	1124	717	560
rna-NM_004596.4	1818	3232	2492	1928	1427	1022
rna-NM_001202553.1	6	26	9	8	3	16
rna-NM_016154.4	389	814	726	553	442	341
rna-NM_080732.3	3545	2168	1902	4495	3848	3083
rna-NM_030622.7	313	44	64	313	254	135
rna-NM_021913.4	8166	8936	8092	8111	6742	3057
rna-NM_020158.3	735	910	696	1002	777	535
rna-XM_005258459.4	11032	17381	14066	13699	10764	13813
rna-XM_017027442.1	330	306	277	455	392	339
rna-XM_011527242.2	3887	5179	4657	5925	4783	6333
rna-NM_030578.3	131	115	125	175	115	174
rna-NM_001098821.1	39	31	40	49	52	27
rna-XM_011526934.2	0	0	2	0	6	0
rna-NM_000709.3	2315	6831	6551	3089	1744	3639
rna-NM_001167867.1	1420	1667	1485	2069	1779	1746
novel.1033.2	0	0	0	0	0	0
novel.1033.1	44	38	23	37	48	41
rna-NM_001783.3	16	11	11	4	5	10
rna-XM_017027113.2	28929	41797	43585	40142	20498	32581
rna-NM_199002.1	3118	3334	3139	3503	3570	2931
rna-XM_017027573.1	39	18	28	54	31	39
rna-NM_006423.2	3500	4352	4843	4972	3547	4778
rna-NM_001256214.1	854	109	231	1348	960	673
rna-XM_011526865.1	12	14	4	16	9	6
rna-NM_001330519.1	939	989	750	1184	966	1035
rna-XM_017026884.2	507	100	117	427	384	94
novel.1034.1	128	9	19	121	154	35
novel.1034.2	34	3	6	28	61	2
rna-XM_017026402.1	1461	1219	1221	1857	1635	1497
rna-NM_133444.2	519	615	468	560	472	306
rna-NM_019884.2	3464	4059	3354	4420	3973	4201
rna-NM_006494.3	4281	4897	4427	4187	4222	4239
rna-NM_001304815.1	5879	7024	6822	6159	6245	6794
rna-NM_001145940.1	1612	1511	1282	2324	1732	1792
rna-XM_005258779.4	169	48	57	241	314	193
rna-XM_005258781.5	115	43	84	176	156	117
rna-NM_001271938.1	2271	6838	7680	3247	1470	4705
rna-XM_005259332.3	26	2	10	52	48	21
rna-NM_198477.2	0	0	0	0	0	0
rna-XM_011526340.2	0	0	0	0	0	0
rna-NM_005357.3	329	264	228	340	232	220
rna-NM_001712.4	674	95	90	511	780	234
rna-NM_021016.3	119	13	19	90	75	20
rna-NM_182707.2	10	0	0	0	8	0
rna-NM_001297773.1	847	130	132	741	562	80
rna-NM_002782.4	19	0	6	24	24	0
rna-NM_002783.2	75	0	0	81	49	7
rna-NM_002785.2	5	0	2	25	6	2
rna-NM_031246.3	101	21	11	148	67	11
rna-NM_001130014.1	203	12	20	174	139	35
rna-XM_017026997.2	501	51	72	292	333	41
novel.1063.1	0	623	60	36	0	242
novel.1063.2	0	0	0	0	0	0
rna-XM_017027004.2	326	18	26	385	263	51
novel.1063.3	1590	5913	5869	3709	18	4634
rna-XM_017027021.2	52	37	50	77	37	99
rna-XM_005259303.3	2	4	2	0	5	3
rna-NM_014400.2	85	31	31	43	36	40
rna-NM_198850.3	347	332	396	412	263	222
rna-NM_014297.4	1091	1260	1650	1447	977	1172
rna-XM_011526793.3	19	38	21	32	75	48
rna-NM_006297.2	1827	1908	1840	1992	1658	1154
rna-XM_011526970.2	37	8	9	33	48	17
rna-NM_001007561.2	728	1323	1480	978	1275	999
rna-NM_024327.2	506	578	401	664	548	606
rna-NM_182498.3	1075	2119	2026	1718	934	1698
rna-NM_001145641.1	19	15	16	19	32	34
rna-NM_145296.1	1365	2491	2682	1680	770	1555
rna-NM_002659.3	1702	1785	1256	1490	2008	1489
rna-XM_017027562.1	2	0	0	4	3	0
rna-XM_005259057.3	1488	1134	822	1949	2108	1802
rna-NM_002250.2	2007	3753	2542	3807	3250	4573
rna-NM_001031749.2	66	19	26	76	89	59
rna-NM_001033719.2	54	72	42	53	87	52
rna-NM_003425.3	630	555	465	691	764	659
rna-XM_017026629.1	123	194	166	162	218	118
rna-NM_006630.2	164	189	208	141	240	153
rna-NM_001319090.1	197	384	298	154	182	122
rna-XM_017027232.2	15	20	25	24	26	12
rna-XM_011527279.3	214	315	291	172	193	137
novel.1064.1	10	10	31	24	12	8
rna-NM_006300.3	192	200	203	143	181	128
rna-NM_001129996.1	162	98	128	137	189	107
rna-XM_017027258.1	154	202	182	113	175	96
rna-XM_024451486.1	38	26	66	29	98	26
rna-NM_001321645.1	281	368	391	236	388	208
rna-XM_011527286.2	142	196	213	162	236	174
rna-NM_001348281.1	105	177	127	100	125	96
rna-XM_011527289.2	322	512	418	383	480	383
rna-XM_024451488.1	51	11	19	47	94	40
rna-NM_004234.4	140	78	58	172	224	133
rna-NM_001291488.1	45	21	24	70	69	55
rna-NM_014518.3	72	10	11	28	48	0
rna-XM_017026317.1	0	0	0	0	0	0
rna-XM_011527280.2	290	282	217	274	380	270
rna-NM_020219.3	43	48	88	38	48	41
novel.1065.2	0	11	17	6	2	40
rna-XM_017026795.1	3	10	11	3	0	3
novel.1065.1	8	38	58	23	6	59
rna-NM_006505.4	3448	4333	2856	4994	3835	4694
rna-XM_011527198.3	1149	2163	2220	1355	892	1594
rna-XM_011526688.2	2	0	0	0	0	0
rna-NM_005581.4	4761	11027	11304	7291	1725	9393
rna-NM_001042724.1	4886	6867	6633	5161	3907	4670
rna-NM_001128917.1	3694	5025	3394	4362	3747	2614
rna-NM_001302688.1	689	76	72	748	418	303
rna-NM_001321066.1	136	17	31	133	146	54
rna-NM_001294.3	6981	9714	9133	9975	7414	10679
rna-NM_006509.3	1710	1013	979	1846	2273	1284
rna-XM_011526396.2	371	524	433	381	676	282
rna-NM_145288.2	131	25	32	165	198	91
rna-XM_005259263.5	713	1055	820	790	776	533
rna-XM_006723159.3	1113	1168	1178	1225	998	1114
rna-XM_011526799.2	16	11	18	10	7	24
rna-NM_024108.2	400	509	469	488	303	348
rna-NM_212550.4	604	333	382	862	849	630
rna-NM_001199867.1	2987	3423	3269	3097	2528	3377
rna-NM_001824.4	5	3	2	5	9	5
rna-NM_005619.4	479	215	315	678	640	661
rna-NM_001080401.1	80	56	66	123	104	109
rna-XM_024451369.1	859	597	570	942	635	465
rna-NM_000400.3	2712	3340	2715	2861	1872	1255
rna-NM_001142502.1	2093	1444	1669	2164	2300	1495
rna-NM_001297590.1	901	1179	838	1071	1172	917
rna-XM_005258636.4	2431	2765	2683	3253	2560	3023
rna-NM_006732.2	445	342	428	1077	2388	1466
rna-NM_003370.3	5081	5369	5172	7637	6744	9243
rna-NM_001017989.2	85	108	77	162	157	135
rna-NM_005282.2	194	24	30	227	125	48
rna-NM_001193268.2	867	329	361	1036	956	747
rna-XM_011526710.2	110	54	72	109	101	192
rna-NM_004597.6	4244	6947	6267	4687	3573	4667
rna-NM_017659.3	1081	1643	1514	1386	1298	1024
rna-NM_001329633.1	1135	1114	1108	1139	974	956
rna-NM_175875.4	967	1094	975	1275	1257	895
rna-NM_001288764.1	2370	974	1318	2968	2042	1858
rna-NM_004943.1	2557	2617	2173	3138	2222	3466
rna-NM_004497.2	107	10	21	107	58	36
rna-NM_030785.3	3	0	0	0	0	0
rna-NM_004819.2	3868	5295	4478	3484	3315	2860
rna-NM_015649.2	2511	2468	2263	3464	2016	4034
rna-XM_017026742.2	532	437	380	692	499	673
rna-NM_002516.3	528	1380	1709	691	402	900
rna-XM_005259191.3	232	252	247	217	229	148
novel.1066.1	4	6	3	22	4	29
novel.1067.6	0	0	0	0	0	0
novel.1067.7	0	91	121	96	1	31
novel.1067.5	101	139	158	51	31	189
novel.1067.3	419	978	1411	739	28	1200
novel.1067.4	46	86	94	85	0	41
novel.1067.2	103	203	661	168	1	401
novel.1067.1	3	5	23	12	0	20
rna-NM_198541.1	2	10	11	9	7	10
rna-XM_017027132.1	6	0	0	17	0	0
rna-XM_017026935.2	3903	5233	3763	4987	4030	4563
rna-NM_032040.4	167	46	30	164	152	34
rna-NM_000960.3	56	18	7	45	37	2
rna-XM_011527524.2	0	0	0	5	0	0
rna-NM_145056.2	263	161	321	247	128	223
rna-XM_005258397.3	6	9	12	20	16	12
rna-NM_005184.3	10497	18104	14370	11490	8264	7791
rna-NM_001079881.1	3520	3092	3404	4373	4636	4352
rna-XM_017027568.1	177	240	226	242	203	269
rna-XM_006723171.2	4556	7228	5687	6162	4490	4503
rna-XM_005259248.2	864	779	519	1130	1189	1189
rna-NM_005628.2	10401	9184	6657	14310	7657	6094
rna-XM_011526423.2	3751	4626	3391	4904	2847	3360
rna-NM_004491.4	5748	7072	6621	5822	5109	7947
rna-NM_002517.3	387	118	97	402	185	136
rna-NM_017854.1	1049	1224	1125	1201	781	941
rna-NM_015168.1	1493	1996	1521	1762	1852	2960
rna-NM_001127240.2	672	379	415	736	1026	371
rna-NM_005500.2	7338	7573	5189	8128	7027	6206
rna-NM_015603.2	843	680	647	800	719	372
rna-NM_178511.5	370	1117	1337	482	212	288
novel.1035.1	0	14	10	6	0	6
rna-NM_001736.3	42	6	16	28	28	7
rna-XM_011526736.2	7	0	0	0	6	0
rna-NM_014681.5	721	445	326	784	1273	960
rna-NM_015063.2	75	13	14	77	29	52
rna-XM_024451612.1	1229	2017	2179	1561	990	1304
rna-XM_017026226.1	419	354	427	709	860	557
rna-NM_003827.3	6465	5572	4726	8203	6495	6984
rna-XM_011527369.2	4	0	0	7	2	4
rna-NM_015711.3	592	573	647	706	539	799
rna-NM_003009.3	3048	4602	4045	4729	3871	4310
rna-NM_000554.5	0	0	0	0	0	0
rna-NM_014601.3	7990	10155	9061	10613	10722	8030
rna-NM_015710.4	7827	8538	10305	7976	5319	5700
rna-XM_017026992.1	1	0	0	1	1	1
rna-NM_001159322.1	132	32	35	131	171	64
rna-NM_000234.2	963	1793	860	932	954	435
rna-XM_006723204.3	932	902	1008	1204	781	1026
rna-NM_001184900.2	567	492	431	496	879	554
rna-NM_001331098.1	467	32	40	359	506	471
rna-XM_024451782.1	27	14	14	28	23	28
rna-NM_001425.2	2679	2865	2784	4141	4160	3411
rna-NM_018273.3	66	215	112	109	109	124
rna-XM_005258693.3	4	6	4	6	0	0
rna-NM_001080434.1	419	50	85	485	350	231
rna-NM_177973.1	97	22	30	120	97	25
rna-NM_017708.3	0	20	16	3	10	3
rna-NM_133498.2	0	4	0	0	2	0
rna-NM_006801.2	9835	13573	11394	11874	8819	9985
rna-NM_000836.2	240	70	86	263	166	148
rna-NM_031485.3	2520	3031	2190	3686	3268	2442
rna-NM_013348.3	31	42	35	49	59	39
rna-XM_006723472.2	1912	1399	1087	1989	1818	1393
rna-NM_001217.4	509	829	945	830	583	891
rna-NM_145807.2	12	4	14	9	10	12
rna-NM_000511.5	34	13	27	46	37	26
rna-XM_017026640.1	36	31	24	55	43	13
rna-XM_024451566.1	54	64	76	60	59	62
rna-NM_182575.2	4	2	0	10	3	0
rna-NM_000148.3	69	39	35	92	75	44
rna-NM_019113.3	7	0	0	5	0	0
rna-NM_000979.3	23750	31261	33889	30729	15698	29492
rna-XM_017027008.1	1030	1056	1062	1711	1301	2251
rna-NM_001352.4	627	2241	2479	1046	502	663
rna-NM_001190.3	686	1074	841	901	861	449
rna-NM_016246.2	1558	325	524	1750	1469	1109
rna-XM_011527157.1	2005	2379	2742	1716	1580	741
rna-NM_014330.3	5299	2627	2009	4349	7243	3059
rna-NM_014475.3	41	11	16	77	38	18
rna-XM_011527252.3	4	3	0	4	2	0
rna-NM_006184.5	11602	14082	14673	13247	9540	12567
rna-NM_001291428.1	2968	2262	2001	3053	2633	2084
rna-XM_024451447.1	47879	56141	93649	54019	42737	35951
rna-NM_002103.4	2652	10552	7942	2623	3662	2379
rna-NM_006666.2	4558	7265	5977	5576	4705	4169
rna-XM_011526975.1	9	4	3	8	6	12
rna-NM_000737.3	3	0	1	2	3	3
rna-XM_005258479.3	1	0	0	1	3	1
rna-NM_033377.1	2	0	0	2	1	1
rna-NM_033043.1	5	0	1	4	4	1
rna-NM_033183.2	4	0	1	4	0	3
rna-XM_024451784.1	36	8	5	58	53	14
rna-XM_011527008.2	26	4	0	25	18	9
rna-NM_031886.2	2	4	0	4	5	0
rna-NM_003089.5	5866	6922	5966	7241	6403	6537
rna-NM_022165.2	103	91	69	90	95	51
rna-NM_018111.2	11	21	10	16	20	16
rna-NM_003660.3	904	693	743	843	825	590
rna-NM_002152.2	2	0	0	2	4	0
rna-NM_017636.3	714	363	458	685	810	539
rna-XM_017026712.1	26	14	27	30	46	64
novel.1068.1	46	37	45	64	64	129
rna-XM_005259435.3	4	17	13	11	10	14
rna-XM_011527399.2	1174	1765	1616	1800	1661	1826
rna-XM_011526724.1	9	14	8	10	9	12
rna-XM_011526488.2	2	0	0	3	0	0
rna-XM_011526299.2	15	0	0	10	0	4
rna-NM_020309.3	513	89	216	517	485	427
rna-NM_017916.2	2339	3848	3299	2712	1645	1916
rna-NM_153329.3	1255	2290	2149	1921	1104	1135
rna-XM_011526675.2	244	237	240	328	231	187
rna-NM_012423.3	56374	81916	84005	69945	37054	60504
rna-NM_001015.4	33907	55543	54944	43031	23289	41236
rna-NM_001136019.2	2781	975	1408	2649	2215	1544
rna-NM_006270.4	2168	1254	1380	2192	1858	1088
rna-XM_024451620.1	4453	569	635	4326	3409	1091
rna-XM_024451528.1	6053	2508	2612	6515	5709	3814
rna-XM_006723286.2	42	16	19	63	78	54
rna-NM_020719.2	1461	1792	1606	1852	1695	1295
rna-XM_011527194.3	3542	4649	4105	4806	4075	3994
rna-XM_024451492.1	2481	1588	1826	3102	2783	2390
rna-NM_138639.1	975	892	658	1005	1024	617
rna-NM_001536.5	6793	10054	7781	8524	6890	7470
rna-NM_001101340.1	49	25	36	44	56	18
rna-XM_024451351.1	1168	786	887	1537	1070	457
rna-XM_011526556.2	5263	6853	6719	5308	4172	3683
rna-NM_001352262.1	721	972	790	1055	619	743
rna-XM_011527353.1	2442	2356	2453	2693	2387	2449
rna-XM_024451541.1	4744	5961	6010	6457	4496	6203
rna-NM_007254.3	1524	1514	1560	2111	1538	1670
rna-NM_001348364.1	5	4	4	13	7	3
rna-NM_032375.5	2606	2567	2351	4086	3813	4024
rna-NM_024682.2	2223	1589	1915	2960	2905	2870
rna-NM_001258017.1	757	140	115	537	558	126
rna-NM_016553.4	3573	3558	2503	3586	3377	2187
rna-NM_012068.5	696	209	216	879	1529	566
rna-NM_016440.3	1100	1069	885	1423	1347	919
rna-NM_015428.3	925	739	544	784	905	601
rna-XM_011527320.2	405	158	231	342	204	51
rna-NM_004977.2	37	266	204	55	14	109
novel.1069.1	0	0	0	0	0	0
rna-XM_011527540.1	7	6	4	10	19	8
rna-NM_007121.5	2497	4040	3521	3663	2923	3440
rna-NM_001308632.1	2372	3200	2390	2666	2056	1485
rna-NM_003121.4	5	0	4	3	5	0
rna-NM_004533.3	8	0	8	6	5	0
rna-NM_001114598.1	2	6	7	0	3	9
rna-XM_011526405.2	29	66	64	34	13	43
rna-XM_006723163.3	1130	2791	2496	1906	1223	2802
rna-NM_001270640.1	537	597	576	826	623	484
rna-NM_001080457.1	789	981	1006	883	395	578
rna-XM_011527391.3	194	121	87	242	251	384
rna-NM_001195076.1	16	61	44	29	25	23
rna-XM_011527013.2	296	107	180	351	483	445
rna-NM_002975.2	85	237	230	129	85	118
rna-NM_033068.2	4	0	0	4	2	1
rna-NM_001290150.1	3662	2153	1474	4011	2937	1485
rna-NM_002257.3	25	9	4	9	8	2
rna-NM_004917.4	9	0	2	9	15	2
rna-NM_001077500.1	3	0	0	8	30	6
rna-XM_011526369.1	0	0	0	0	0	0
rna-NM_001311182.1	3	0	6	0	0	0
rna-XM_017027508.1	19	32	26	14	0	0
rna-NM_145232.3	396	485	355	515	396	292
rna-NM_001101372.2	7	0	3	3	6	0
rna-NM_001163922.2	269	229	174	258	270	164
rna-NM_001014763.1	1430	2568	2553	1882	878	1143
rna-XM_017026245.1	8	14	17	13	5	4
rna-NM_005601.3	1	0	0	0	3	0
rna-NM_001193623.1	0	0	0	0	5	0
rna-NM_001256795.2	0	2	0	1	1	0
rna-NM_033130.4	4	0	0	2	0	0
rna-NM_007147.3	430	730	641	415	440	506
novel.1070.1	22	22	50	23	25	24
novel.1036.1	29	75	73	48	35	45
rna-NM_001098612.1	2	0	0	0	0	0
rna-NM_001523.3	0	2	0	5	0	15
rna-XM_017026299.2	99	133	230	115	55	181
rna-NM_001193306.1	201	12	35	338	228	60
rna-XM_006723120.3	2	2	0	0	0	0
rna-NM_032679.2	26	136	131	50	25	62
rna-NM_023074.3	172	696	434	222	72	193
rna-XM_011527333.2	208	245	248	243	255	261
rna-XM_017027094.1	247	267	270	212	230	199
rna-NM_001321323.1	194	351	309	195	357	252
rna-NM_025040.3	311	694	529	278	384	276
rna-NM_014650.3	248	491	444	270	354	369
rna-XM_017026653.1	106	187	154	85	195	121
rna-NM_178523.4	226	415	365	229	392	350
rna-XM_011526559.3	260	227	185	269	270	285
rna-NM_014225.5	10451	23310	19015	14406	11682	14586
rna-XM_011527460.2	480	633	502	366	606	400
rna-NM_144684.3	207	317	269	138	235	156
rna-NM_001161425.1	49	169	125	23	35	36
rna-NM_001145434.1	33	86	65	41	33	36
novel.1071.1	17	17	14	27	12	18
rna-XM_006723418.2	149	288	248	124	214	177
rna-NM_001143939.2	3	0	4	0	0	0
rna-NM_001039886.3	103	112	96	65	162	85
rna-NM_001172655.1	175	169	138	157	264	177
rna-NM_001277948.1	252	345	247	197	465	242
rna-NM_001161500.1	244	331	264	202	397	233
rna-NM_001321867.1	81	96	90	94	244	108
rna-NM_006969.3	301	395	357	267	584	396
rna-XM_017027575.2	0	0	0	0	0	0
rna-XM_017027443.1	376	412	351	378	663	550
rna-NM_001351773.1	647	632	556	912	2376	1853
rna-XM_017026798.2	215	158	115	230	564	292
rna-NM_001202473.1	46	56	54	21	101	22
rna-NM_001202457.1	172	180	202	195	261	223
novel.1072.1	343	64	1	17	488	129
novel.1072.2	224	0	93	448	570	411
rna-NM_152473.2	14	3	2	12	20	17
rna-NM_001191055.1	16	2	0	13	10	21
rna-XM_024451595.1	4	6	17	4	5	5
rna-NM_001322135.1	605	1630	1260	449	778	755
rna-NM_001172675.1	214	223	219	207	327	205
rna-NM_001353458.1	28	4	11	20	51	31
novel.1037.1	89	17	33	86	276	101
novel.1038.1	0	0	0	7	6	13
novel.1038.2	15	38	34	8	9	3
rna-NM_182609.3	22	21	24	8	20	14
rna-NM_001321522.1	351	295	299	276	462	255
rna-NM_001348156.1	174	167	145	121	346	100
rna-NM_001040185.2	187	247	178	173	320	225
rna-NM_001350496.1	66	35	42	185	54	140
rna-NM_001008401.3	166	284	271	0	480	48
rna-NM_001004301.3	157	105	76	105	159	92
rna-XM_017026937.1	226	264	223	245	337	225
rna-NM_031895.5	145	136	248	124	133	159
rna-NM_145814.1	7	23	8	5	14	4
rna-XM_011526845.1	5	0	1	5	4	13
rna-NM_001290193.1	3159	4052	3726	3368	3077	2791
rna-NM_001316329.1	59	50	75	58	32	54
rna-XM_005259124.4	510	108	354	745	637	801
rna-NM_206818.2	15	6	11	22	25	40
rna-XM_017026833.1	69	166	151	94	57	84
rna-NM_013342.3	70	59	63	89	68	57
rna-NM_015629.3	279	519	421	323	265	287
rna-XM_005278280.2	590	776	644	736	570	601
rna-NM_024316.2	29	19	16	37	25	22
rna-NM_001145303.2	2	1	1	10	4	7
rna-NM_024298.4	1309	1874	1926	1844	1126	1756
rna-NM_001282333.1	473	806	656	594	417	380
rna-XM_024451332.1	2	1	0	2	6	0
rna-NM_024318.3	1	0	0	1	0	0
rna-NM_001321701.1	1568	2862	2750	2189	1072	1872
rna-NM_001005367.2	142	1057	982	219	6	480
rna-XM_005278249.5	215	267	376	158	318	105
rna-NM_001301782.1	83	103	95	67	47	33
rna-NM_145057.3	54	29	34	63	21	26
rna-XM_017026187.1	0	0	0	0	0	0
rna-XM_011526596.2	1	0	0	0	1	0
rna-NM_001174081.2	0	0	0	0	0	0
rna-NM_001083899.2	1	1	0	0	3	0
rna-XM_024451335.1	35	36	30	23	20	12
rna-XM_005259020.2	119	30	27	119	82	29
rna-NM_017607.3	3231	3233	3423	4102	3368	3327
rna-NM_003283.5	3339	3504	4060	5278	3022	4127
rna-NM_000363.4	54	37	36	80	42	31
rna-NM_001256714.1	630	496	612	824	572	854
rna-XM_017027175.1	50	15	27	102	67	124
rna-XM_017027056.1	503	339	463	485	915	417
rna-XM_024451436.1	1601	2302	2012	2467	1787	1968
rna-NM_173804.4	161	164	209	140	96	82
rna-NM_014931.3	5142	6866	6450	6693	6056	7224
rna-XM_011526853.2	0	0	0	2	0	0
rna-NM_001145402.1	0	0	0	0	0	0
rna-NM_032430.1	851	881	845	834	543	717
rna-NM_032701.3	292	441	442	391	328	218
rna-NM_144613.4	166	21	50	92	84	25
rna-NM_000641.3	2030	315	372	1050	1105	355
rna-NM_139172.2	13	3	1	11	12	5
rna-NM_001145176.1	13	8	2	6	17	8
rna-NM_024710.2	1914	3106	2705	2500	1476	1810
rna-NM_001190764.1	59	63	98	114	78	87
rna-XM_024451636.1	21629	34556	32170	25770	14829	21499
rna-NM_014501.2	6857	9193	4354	7656	4872	3729
rna-NM_033113.2	857	872	783	1003	648	1008
rna-NM_020378.3	2376	4393	4187	3340	2055	2993
rna-NM_001144950.1	167	263	213	184	88	135
rna-XM_006723327.3	68	40	19	50	25	20
rna-XM_011526298.2	20	7	8	13	23	12
rna-XM_017026409.2	992	1974	1656	1225	810	1039
rna-XM_011527426.2	542	744	614	839	613	664
rna-XM_011526487.2	519	962	975	799	320	840
rna-NM_001195605.1	1485	2045	2086	1933	1221	2077
rna-NM_203374.1	213	333	218	248	193	204
rna-XM_011527018.2	31	50	68	38	60	46
rna-XM_017026867.1	2424	2348	2476	2397	1388	1830
rna-NM_207115.1	1214	2046	2231	2478	1534	2879
rna-XM_024451477.1	1447	2119	2233	2390	1300	2325
rna-NM_007279.2	8060	9088	6813	11365	11729	13161
rna-NM_001130071.1	5769	9912	9195	8122	4549	8118
rna-NM_176820.3	7	3	0	0	1	3
rna-XM_011526915.3	20	5	0	17	69	7
rna-XM_011527259.1	15	0	0	13	58	11
rna-NM_134444.4	0	0	0	0	8	0
rna-NM_145007.3	6	4	4	8	12	2
rna-NM_001002836.3	1842	2887	2179	2255	1468	1790
rna-XM_024451575.1	1125	1246	1355	1521	1053	1292
rna-NM_001354658.1	0	0	2	0	0	0
rna-XM_017027298.1	161	171	144	196	222	209
novel.1039.2	0	0	0	53	61	0
novel.1039.1	81	39	42	3	2	8
rna-NM_001320371.1	27	39	38	52	13	32
novel.1040.1	19	24	21	43	7	27
rna-XM_017026349.1	74	142	84	70	36	38
rna-XM_024451637.1	337	810	596	187	196	123
novel.1041.1	228	401	329	226	107	149
novel.1041.2	69	152	113	69	19	40
rna-NM_020813.3	33	72	96	31	27	15
rna-NM_020828.1	264	553	340	192	116	141
rna-NM_001001668.3	339	1088	782	136	143	138
rna-XM_017027078.1	362	511	488	376	264	270
rna-XM_017026303.1	5	24	24	7	17	14
rna-NM_003417.4	727	1227	1219	895	879	1157
rna-NM_001015878.1	6	26	28	12	16	19
rna-NM_001023563.3	349	351	328	343	482	326
rna-NM_006635.3	102	115	76	97	126	193
rna-NM_213598.3	148	276	230	177	242	145
rna-NM_001290318.1	480	760	832	446	384	516
rna-NM_001355204.1	198	307	254	194	173	193
rna-NM_173631.3	39	41	57	82	61	61
rna-NM_001172773.1	364	712	505	360	272	351
rna-NM_001330617.1	248	353	272	281	228	251
rna-NM_001023561.3	219	305	263	172	276	202
rna-NM_020633.3	5	5	15	5	13	6
rna-NM_001024596.2	327	977	712	339	255	168
rna-NM_001098491.1	226	423	349	266	206	214
rna-NM_198542.2	171	314	220	202	190	184
rna-NM_001199295.1	361	498	383	292	292	284
rna-NM_001277092.1	233	327	231	170	254	187
rna-NM_017879.2	240	493	410	312	175	212
rna-NM_001010879.3	177	772	445	190	57	212
rna-NM_020880.4	171	256	150	137	130	85
rna-NM_003435.4	756	1378	1060	683	559	553
rna-NM_001265597.2	485	597	563	532	472	626
rna-NM_001085384.2	0	17	25	11	11	10
rna-XM_011526607.2	2	0	2	6	2	0
rna-NM_138347.4	119	397	214	110	118	109
rna-NM_024833.2	123	217	191	151	52	119
rna-NM_173632.3	565	1161	949	682	535	710
rna-NM_017652.3	154	330	205	144	175	119
rna-NM_024762.3	207	134	149	195	298	179
novel.1042.2	0	0	0	0	0	0
rna-NM_001204818.1	119	206	178	155	192	104
rna-NM_032828.3	556	995	868	511	777	621
rna-NM_001144989.1	136	245	356	137	223	199
novel.1042.1	19	53	70	28	42	24
rna-XM_011526473.3	140	226	211	124	189	152
rna-XM_017026305.2	34	90	65	48	17	40
rna-NM_005773.2	126	246	165	82	93	65
rna-NM_152474.4	7	4	2	7	12	2
rna-NM_025027.4	121	105	116	132	161	63
rna-NM_001145542.1	587	62	138	496	567	193
rna-XM_011527310.2	322	34	63	232	402	138
rna-NM_133502.2	780	751	644	660	788	528
rna-XM_011526738.2	876	961	723	832	887	645
novel.1043.1	19	49	39	25	21	39
rna-NM_021089.2	308	384	247	304	276	364
novel.1044.2	729	623	380	877	719	544
novel.1044.1	15	22	33	38	59	25
novel.1044.3	116	134	125	175	167	239
rna-NM_181846.2	215	287	279	345	255	282
rna-NM_130786.3	87	83	111	98	65	58
rna-NM_001207009.1	212	165	135	213	248	141
rna-NM_138466.1	97	130	130	144	122	121
novel.1073.1	0	44	0	122	0	61
novel.1073.4	0	0	0	32	14	0
novel.1073.6	0	62	67	0	0	66
novel.1073.2	86	109	0	118	150	270
novel.1073.3	347	268	405	498	508	528
novel.1073.5	97	349	360	229	172	237
rna-NM_173548.2	897	1436	1025	1141	760	864
rna-NM_003433.3	218	330	310	202	170	103
rna-NM_207395.2	341	420	390	383	329	260
novel.1074.1	70	83	104	90	47	58
rna-XM_005258713.4	858	941	817	994	825	944
rna-XM_005259052.5	593	527	613	727	474	650
rna-NM_012254.2	269	411	300	315	173	171
rna-NM_001009.3	25742	44423	42711	33111	17724	28916
rna-NM_001316980.1	498	912	668	766	588	740
rna-XM_024451309.1	17449	20675	18062	19655	15653	15647
rna-XM_005258747.3	2709	6443	5995	4295	2675	4485
rna-NM_003969.3	6415	8188	6227	8424	5572	5800
rna-XM_005259204.3	556	526	607	629	438	872
novel.1045.1	1215	2441	1763	1536	998	1858
novel.1045.2	48	123	147	85	24	138
novel.1045.3	16	13	19	16	12	13
rna-NM_153269.2	335	321	303	552	395	575
rna-NM_033089.6	851	1118	897	1033	1157	749
novel.1094.1	86	193	131	131	160	138
rna-NM_006943.3	2621	4223	3547	3460	3160	2253
rna-XM_017028182.1	8	11	7	10	15	5
rna-NM_001323684.1	2632	4281	4050	4154	3589	3851
novel.1095.1	33	16	14	59	55	43
rna-NM_001301201.1	3475	2361	1920	7635	5148	3960
rna-XM_011529137.2	4711	2688	2796	5660	5486	4280
rna-NM_144628.3	3747	2662	2341	4375	4930	5383
rna-XM_024451837.1	3303	4449	3392	4467	4214	5439
rna-NM_080725.2	1919	3134	2651	2525	2343	2766
rna-XM_005260655.4	2	3	4	11	9	16
rna-NM_001289145.1	574	224	190	518	362	169
rna-NM_015985.3	4	0	1	8	7	0
rna-NM_178578.3	5134	6199	5417	6447	6692	5669
rna-XM_011529281.2	77	36	46	70	163	74
rna-NM_001009612.2	6	0	9	9	5	9
rna-XM_006723602.2	4	2	4	18	18	6
rna-XM_011529402.2	979	392	619	1338	1010	1127
novel.1096.1	58	7	9	62	44	13
rna-NM_080489.4	90	82	76	211	161	355
rna-NM_000801.4	12033	11648	10461	15130	14507	13314
rna-XM_011529300.2	3823	3220	3049	4726	5726	3756
rna-XM_005260708.4	23	7	6	20	23	6
rna-NM_178460.2	16	0	6	24	11	11
rna-XM_017027577.1	1685	85	144	1665	1146	585
rna-NM_018556.3	57	2	7	76	30	15
rna-NM_001330728.1	2490	2540	2483	2794	2996	2667
rna-NM_080836.3	1989	1137	1211	1992	2376	1685
rna-XM_017027848.2	0	0	0	0	0	0
rna-NM_198216.1	9051	6662	5514	10240	9228	6916
rna-NM_001282497.1	442	459	358	496	693	502
rna-NM_006392.3	5283	3555	2542	5491	6162	3740
rna-NM_001330763.1	2679	3121	2630	3550	3660	3520
rna-XM_017027984.1	387	926	1272	646	117	942
rna-NM_019609.4	10	3	6	19	4	0
rna-NM_001501.1	0	0	0	0	2	0
rna-NM_030811.3	1481	1910	1468	2300	1933	1970
rna-NM_001256538.1	0	0	0	0	0	0
rna-NM_001318207.1	0	2	0	0	0	0
rna-NM_022760.4	868	988	929	1333	1295	1183
rna-NM_022575.3	1192	1079	1106	1428	1275	1087
rna-NM_002836.3	4520	6493	5976	4762	6340	5087
rna-NM_014948.3	435	520	558	636	701	691
rna-NM_021826.4	981	784	574	871	1441	1209
rna-XM_005260890.3	1418	671	857	1894	2231	2616
rna-NM_001009984.2	525	869	631	516	868	571
rna-NM_023935.2	1996	1376	1526	2989	3367	3156
rna-XM_006723564.3	1036	857	750	1517	1699	1333
rna-XM_005260856.5	687	358	460	995	1675	1329
rna-NM_139321.2	2377	4734	4768	2045	2197	3168
rna-XM_005260843.1	17	4	3	20	15	5
rna-XM_011529325.2	5	0	5	11	0	4
rna-NM_052970.4	133	17	31	150	100	34
rna-NM_001039140.2	1948	2728	2180	2778	2084	1884
rna-NM_015417.4	19	23	54	28	15	19
rna-NM_001810.5	5727	5648	6576	8293	6371	6965
rna-NM_001204446.1	544	733	566	1025	799	806
rna-NM_021873.3	13226	20805	18793	16752	13501	13372
rna-NM_020746.4	3851	5811	5588	4514	4779	4537
novel.1097.1	6	11	11	14	12	6
rna-NM_153638.3	2823	2112	2339	3513	3703	5609
rna-NM_001134338.2	2587	6021	6381	4504	3496	10303
rna-NM_001270691.1	2756	4072	3271	3235	3095	4248
rna-NM_000678.3	10	74	72	33	2	52
rna-NM_000311.4	6733	6822	6861	7421	7473	7811
rna-XM_011529410.1	763	4157	3187	816	635	1745
rna-NM_203327.1	1462	2340	1950	2053	1677	7766
rna-XM_024451879.1	684	1493	1386	1003	794	1324
rna-NM_019593.3	320	332	272	199	499	268
rna-XM_011529177.2	91	88	60	130	75	207
rna-NM_001819.2	107	406	420	418	30	1721
rna-NM_002592.2	11538	7830	4037	11740	11961	4954
rna-NM_003818.3	3194	3410	3486	3903	4299	4457
rna-NM_015939.4	1278	887	649	1593	1751	1931
rna-NM_001281521.1	830	939	430	644	1582	714
rna-NM_019095.5	1803	2384	2347	2336	2296	2589
rna-NM_152611.4	275	38	100	433	624	509
rna-XM_024451935.1	262	1309	836	209	386	200
rna-NM_001200.3	169	969	874	147	52	132
novel.1075.2	156	1158	1288	59	0	28
novel.1075.1	56	310	261	45	0	33
novel.1075.3	44	246	238	42	0	57
novel.1075.4	15	68	67	5	0	15
rna-NM_021156.3	865	2250	2152	1201	980	1739
rna-NM_015192.3	30	48	57	35	145	113
rna-XM_017027960.1	0	6	6	4	0	0
rna-XM_005260724.2	475	58	101	260	867	303
rna-NM_022096.5	143	236	180	138	222	103
rna-NM_001322907.1	93	22	15	78	43	30
rna-NM_170784.2	1306	1652	1398	1943	1634	2086
rna-XM_017027647.2	108	89	116	98	261	96
rna-NM_000214.2	2048	3907	2797	1726	1573	2708
rna-NM_181443.3	1058	3865	2770	1021	1400	1890
novel.1098.5	0	24	25	0	0	57
novel.1098.1	48	93	25	223	0	391
novel.1098.4	15	26	41	30	0	48
novel.1098.3	7	14	0	31	0	18
novel.1098.2	11	23	48	90	0	81
rna-NM_018327.3	116	138	171	80	23	9
rna-NM_080826.1	11	21	8	6	12	6
rna-NM_017714.2	212	298	243	250	257	224
rna-NM_001276380.1	280	232	298	175	960	226
rna-NM_024120.4	343	398	275	426	401	492
rna-XM_006723646.3	0	0	0	0	0	0
rna-XM_005260750.3	367	179	159	260	588	427
rna-NM_003092.4	2114	2395	1757	2097	2220	1650
rna-NM_001195.4	101	128	87	301	171	715
rna-NM_001351661.1	159	49	74	175	379	184
rna-XM_011529205.2	15	26	32	28	23	19
rna-NM_006870.3	13055	13226	12930	18419	18077	27163
rna-NM_004587.2	8354	6405	5949	7619	8565	5179
rna-NM_152227.2	2621	3809	2927	2408	2778	2306
rna-XM_011529394.1	1655	1045	895	1814	2234	1128
rna-NM_021220.3	13	10	12	12	9	9
rna-NM_001164811.1	227	190	160	184	175	121
rna-NM_020536.4	995	1441	1181	1362	1268	1581
rna-NM_001282996.2	659	495	516	811	670	563
rna-XM_011529268.2	119	112	102	112	233	142
rna-NM_006466.3	512	631	461	482	763	387
rna-NM_006606.2	1062	1669	1406	1500	1404	1806
rna-NM_001348957.1	725	989	856	982	715	540
rna-NM_032985.5	3274	4403	3126	3833	3861	4093
rna-NM_001318043.1	613	1242	929	830	586	494
rna-XM_017028183.1	6	6	4	5	11	9
rna-XM_011529255.2	1082	589	691	906	1431	689
rna-NM_016100.4	1641	2230	1647	1770	1888	1415
rna-NM_016652.5	1311	1243	1093	1271	1376	1071
rna-XM_005260688.3	2	0	0	2	4	0
rna-NM_002196.2	3	17	6	2	0	6
rna-XM_006723598.1	1553	3458	2493	1589	1634	3541
rna-XM_011529296.3	324	377	421	310	260	331
rna-XM_024452027.1	0	0	2	0	0	0
rna-NM_002509.3	5	24	28	35	3	18
rna-NM_001317960.1	5319	5966	4764	6040	6977	6930
rna-NM_021784.4	6	0	8	5	13	5
rna-NM_000361.2	25	10	13	68	110	57
rna-NM_013248.2	1412	1184	967	1911	1690	1553
rna-XM_011529321.3	1001	1120	883	1029	1302	1003
rna-NM_001283018.1	313	326	419	337	433	549
rna-NM_001288614.1	9080	11435	11500	10822	7553	8472
rna-XM_017028184.1	3	0	3	0	0	0
rna-XM_011529347.3	8	31	32	3	0	21
rna-NM_003650.3	7	2	0	0	0	0
rna-NM_020531.2	5078	5113	5338	6357	5913	6764
rna-NM_032501.3	247	125	159	294	361	105
rna-NM_014588.5	2	3	5	0	0	0
rna-NM_001247.4	3273	3898	3093	4151	4033	2731
rna-NM_152667.2	835	822	604	742	948	569
rna-NM_015655.3	334	617	479	384	517	382
novel.1100.1	83	66	83	108	133	101
novel.1076.1	95	70	89	125	142	124
rna-NM_002862.3	24503	36969	32091	31897	13492	18491
rna-NM_015600.4	2750	2697	2076	3278	2575	2734
rna-NM_021067.4	775	1323	599	878	867	353
rna-XM_017027732.1	260	66	94	244	591	126
novel.1101.1	38	64	78	48	46	88
novel.1101.2	102	154	108	131	268	151
novel.1102.1	16	20	33	38	52	40
novel.1077.2	665	620	609	827	985	1305
novel.1077.1	185	301	354	419	275	354
rna-XM_017027782.1	2	0	0	0	0	0
rna-NM_178581.2	17551	9729	9382	19924	17431	12792
rna-XM_017028193.1	23	4	8	19	12	10
rna-NM_002165.3	2569	1227	1754	3428	4504	1566
rna-NM_033118.3	12	49	28	5	8	0
rna-NM_004118.3	7	6	21	7	4	0
rna-XM_017027654.1	136	36	39	129	101	67
rna-XM_011528618.1	6	4	3	11	8	6
rna-NM_001317920.1	16311	15752	10888	20381	16709	15667
rna-NM_012112.4	6729	5272	2483	5367	5570	1884
rna-NM_030815.2	1622	876	651	2179	2534	1632
rna-NM_001011718.1	2	2	0	4	0	0
rna-XM_011528566.2	54	17	21	47	31	6
rna-NM_002110.3	65	6	6	37	46	8
rna-NM_014742.3	8268	8494	7416	9944	11141	11006
rna-NM_002657.3	2800	1268	1105	2811	3621	3789
rna-NM_015352.1	5372	6349	4860	5810	6173	5678
rna-NM_004798.3	3386	3371	3007	2873	3389	3146
rna-XM_011528648.3	8105	4960	4201	6521	9433	7023
rna-NM_001256798.1	818	1098	1222	827	685	597
rna-NM_182584.3	6	3	6	2	0	0
rna-XM_005260299.4	716	941	795	906	522	502
rna-NM_006892.3	338	321	200	160	256	50
rna-XM_011528696.2	10777	11151	7904	11594	13569	9548
rna-NM_001143967.1	2	0	2	2	10	8
rna-NM_016082.4	1671	1226	1008	1824	1857	993
rna-NM_003098.2	2637	2376	2449	2585	1888	960
rna-XM_011529101.2	1883	1024	1064	1619	2173	1330
rna-NM_007238.4	841	697	566	885	695	306
rna-NM_001282933.1	237	160	143	275	350	182
rna-NM_031232.3	1367	1221	1236	1239	993	587
rna-NM_080825.3	8	4	7	9	6	5
rna-NM_001024675.1	22	2	10	32	37	24
rna-NM_005225.2	7216	3186	1706	8039	6759	2166
rna-NM_176812.4	6375	4610	4305	6899	6860	5346
novel.1103.1	14	14	12	12	37	13
rna-NM_016732.2	9393	6780	5536	9648	9379	5030
rna-NM_003908.4	8695	5961	5175	10182	11045	8070
novel.1078.1	12	25	20	50	31	60
rna-XM_011528657.2	6655	7151	5378	8136	6707	4832
rna-XM_005260412.3	3	0	0	5	0	0
rna-XM_017028185.2	0	0	0	0	0	0
rna-NM_001324197.1	4344	2612	2395	3478	6465	3205
rna-NM_001319157.1	2582	2597	2257	3804	3144	3765
rna-XM_011529084.2	432	507	532	800	565	741
rna-NM_080476.4	1359	1543	1036	1400	1242	897
rna-NM_021202.2	3144	1758	2035	3469	3770	2430
rna-XM_017027739.1	3638	2838	2340	3583	4866	3402
rna-NM_178026.2	1176	877	880	1302	1150	1174
rna-XM_011528905.1	3714	2604	2127	4226	5256	2010
rna-NM_001322494.1	3194	2818	2463	3901	4584	2593
rna-XM_017027986.1	8	0	2	7	9	4
rna-NM_015638.2	6914	5299	4752	6830	7313	5332
rna-NM_178468.5	4	0	0	0	0	0
rna-NM_018217.2	2238	1368	1189	2463	2276	1783
rna-NM_001355008.1	52	70	77	53	45	31
rna-NM_006404.4	2644	970	867	2679	2421	1102
rna-NM_006690.3	41	36	45	36	38	26
rna-NM_001355004.1	1287	2842	3043	2040	1476	1331
rna-NM_002212.3	7792	5057	3979	9423	7379	4770
rna-XM_011528877.1	3018	2241	1968	3472	4018	3207
rna-NM_001355428.1	0	0	0	0	0	3
rna-NM_001319138.1	11	0	12	14	10	5
rna-XM_006723690.4	1456	1695	1298	1168	2004	969
rna-NM_198398.1	9719	10421	10589	12580	9549	11352
rna-NM_016436.4	2857	2332	2216	2086	2742	1447
rna-NM_003116.2	304	88	80	268	349	73
rna-NM_003915.5	14684	9477	9088	18008	16150	15832
rna-NM_001198838.1	2177	3660	2073	1839	2085	1186
rna-NM_021100.4	1309	1331	1013	1669	1620	1113
rna-XM_017027678.1	1753	1106	1313	1943	1642	897
rna-NM_184234.2	2474	2785	2268	2583	6022	2480
rna-NM_033630.2	2582	2103	2107	4125	2981	2748
rna-XM_011528590.2	10	8	5	15	18	10
rna-XM_011528667.1	3308	3065	3390	3225	2255	2333
rna-XM_006723770.3	2578	2164	1699	3422	2820	2571
rna-XM_011528688.3	4192	5138	5059	4444	4584	4587
rna-NM_006097.4	11795	1632	2597	15364	11026	3830
rna-NM_001199514.1	2108	2716	2484	1853	1575	1586
rna-NM_001199535.1	3460	2443	2264	4298	3641	3038
rna-NM_199483.2	2782	2035	1665	3479	3151	2506
rna-XM_024451956.1	1281	884	493	917	1510	384
rna-XM_006723837.4	3740	3637	3305	4994	4191	4557
rna-NM_001145315.1	3352	1170	769	3332	3727	1272
rna-NM_080627.3	1738	2887	2015	1384	1150	1236
rna-NM_080628.2	237	41	54	171	316	57
rna-NM_015474.3	14388	7322	6211	13115	15126	9874
rna-NM_022077.3	1597	1512	1270	2079	2086	1588
rna-NM_152503.5	16	28	40	28	27	16
rna-NM_001324301.1	16617	13315	11997	14680	16227	13549
rna-XM_017028026.1	3861	1524	1518	4369	4075	2412
rna-NM_001322802.1	0	0	0	6	12	0
rna-NM_006698.3	4641	1563	1831	4529	5090	2628
rna-NM_030877.4	4513	2918	2503	4510	4862	2841
rna-NM_080607.2	22	48	57	31	22	17
rna-NM_001303457.1	1663	1314	941	1683	1913	867
rna-NM_021215.3	2463	1844	1439	2199	2898	1227
rna-NM_001029864.1	3	0	0	5	0	0
rna-NM_001323316.1	11319	1648	4058	13098	26516	11094
novel.1079.2	183	45	35	297	196	103
novel.1079.1	125	38	37	221	107	85
novel.1079.3	100	4	26	55	0	31
novel.1079.5	8	21	22	12	74	22
novel.1079.4	3	4	4	8	2	25
novel.1079.6	13	9	9	20	25	35
novel.1104.1	0	0	10	34	0	0
novel.1104.5	0	0	0	0	58	71
novel.1104.7	0	0	0	0	0	35
novel.1104.8	0	0	0	0	0	2
novel.1104.10	0	0	129	19	74	10
novel.1104.12	0	0	0	0	0	0
novel.1104.15	0	0	0	0	0	0
novel.1104.16	0	286	112	0	0	1
novel.1104.24	0	91	0	170	0	0
novel.1104.3	98	239	104	66	28	45
novel.1104.2	1	167	6	361	0	561
novel.1104.4	236	0	0	0	0	0
novel.1104.6	14	0	0	0	0	0
novel.1104.9	315	161	113	551	150	0
novel.1104.11	56	0	0	1	0	1
novel.1104.13	11	0	83	85	31	0
novel.1104.14	1	0	0	0	0	14
novel.1104.17	137	192	68	68	123	41
novel.1104.20	141	184	150	162	192	84
novel.1104.18	162	75	14	121	289	13
novel.1104.21	132	0	43	121	251	62
novel.1104.19	48	0	50	102	80	85
novel.1104.23	134	147	4	142	62	82
novel.1104.25	146	0	45	86	134	87
novel.1104.22	68	0	42	125	145	69
novel.1104.26	116	85	1	50	46	33
rna-XM_005260462.3	3850	2880	2222	3086	4884	2873
rna-NM_001164431.1	106	0	8	188	154	56
rna-NM_024855.3	770	290	222	899	977	485
rna-XM_011528768.3	76	9	18	47	39	15
rna-NM_030919.2	1523	1018	477	928	1096	530
rna-NM_021931.3	741	476	379	728	972	457
rna-NM_005461.4	63	60	55	62	32	83
novel.1105.1	100	10	25	78	46	6
rna-NM_003286.3	6803	6426	4323	4778	7011	3687
rna-XM_011528997.3	816	100	173	749	1944	234
rna-NM_052846.1	512	52	56	602	323	72
rna-XM_005260438.2	8697	6602	5825	8411	9378	5542
rna-XM_005260341.4	5380	4682	3604	4718	5242	4167
rna-XM_017028099.2	7680	3167	2892	4687	7679	4082
rna-XM_024451820.1	0	0	0	0	0	0
rna-NM_006275.5	2525	1989	1695	2901	4970	2610
rna-NM_032107.4	36	32	32	25	48	28
rna-NM_016276.3	34	7	23	26	116	41
rna-NM_016004.4	1731	1719	1552	1919	2011	1633
rna-NM_002466.3	8696	5179	1960	7738	5720	1457
rna-NM_176791.3	2	2	0	0	0	0
rna-XM_006723884.1	1959	156	333	2052	1498	609
rna-NM_020433.4	2537	487	471	2498	2666	539
novel.1080.3	0	10	0	0	0	0
rna-NM_016470.7	3491	2051	1910	3534	3368	2347
novel.1080.2	26	52	72	34	29	28
novel.1080.1	4	57	7	17	17	5
novel.1080.4	77	21	87	89	112	139
novel.1080.6	106	43	30	107	47	144
novel.1080.7	101	24	24	201	287	206
novel.1080.5	48	3	3	45	24	7
rna-NM_001080472.3	713	1243	1176	1028	910	1044
rna-NM_024331.4	3163	1330	1182	2971	3683	2016
rna-NM_198941.2	3903	2835	2560	4097	4834	5155
rna-NM_181805.2	684	1373	1078	1001	661	1589
rna-NM_000022.3	864	2839	1751	985	377	651
rna-NM_003881.3	14	29	36	12	2	2
rna-NM_022358.3	24	15	19	29	10	7
rna-NM_001205317.1	3	8	4	0	2	0
rna-NM_001124756.2	122	41	65	77	253	88
rna-NM_006809.4	2386	2433	1975	2864	3642	2158
rna-NM_003404.4	16896	14486	12751	17607	19911	15227
rna-XM_005260530.2	3185	2671	2511	3013	4468	2812
rna-XM_017027846.1	714	92	113	646	740	316
rna-NM_002638.3	20	20	38	65	223	270
rna-NM_003064.3	801	406	605	1409	3217	1449
rna-XM_005260597.1	6	12	0	12	30	19
rna-NM_014276.3	4	0	0	0	3	0
rna-NM_002999.3	14004	4464	5341	14287	20223	10963
rna-NM_001197129.1	3019	1891	2034	4298	3571	4418
rna-NM_014477.2	31	21	19	26	32	62
rna-NM_001048225.2	2311	1140	1198	3242	3168	3638
rna-NM_006103.3	321	37	158	676	1078	1134
rna-NM_147198.3	0	0	0	0	0	0
rna-NM_080753.2	0	0	0	0	0	0
novel.1081.1	102	52	45	198	473	521
rna-NM_015937.5	6410	8619	8690	7889	6575	6820
rna-NM_080752.3	315	157	147	329	362	272
rna-XM_005260611.4	504	400	432	613	624	311
rna-XM_011528553.2	29	154	144	34	12	23
rna-NM_052951.2	2887	3244	3303	3371	4295	2531
rna-NM_007019.3	3409	2384	904	2892	2691	728
rna-NM_003279.2	3	4	9	11	4	3
rna-NM_033421.3	1288	1191	1419	1771	2433	1368
rna-NM_005469.3	1030	1078	1004	1634	1257	1067
rna-XM_017028186.1	28	22	21	48	90	57
rna-NM_022104.3	2707	3093	3056	3136	2650	3170
rna-NM_022095.3	1369	1011	865	1327	2023	1655
rna-NM_004994.2	62	12	9	94	53	73
rna-NM_001134771.1	76	47	45	75	71	54
rna-XM_024451826.1	56	23	15	49	98	25
rna-NM_080749.3	11	3	4	21	19	6
rna-NM_000308.3	20111	7542	9673	22837	26894	18119
rna-NM_006227.3	6153	893	1241	5371	4240	1160
rna-NM_020967.2	2482	1397	1123	2794	3316	2974
rna-XM_017028135.1	5469	582	974	4572	5889	2504
rna-NM_021248.2	8	32	40	3	0	4
rna-NM_001281458.1	1637	1603	1492	2558	2241	1741
rna-NM_182764.2	2782	1623	1567	3183	3420	2820
rna-XM_024451937.1	29	2	9	43	42	2
rna-NM_022829.5	243	22	21	162	189	36
rna-NM_033550.3	2459	1556	1434	2314	2373	1669
rna-XM_011529060.2	196	482	348	183	210	87
rna-NM_005244.4	23	83	55	10	0	5
rna-XM_005260356.4	9456	5635	3844	8293	7111	5945
novel.1082.1	11	29	29	13	0	15
rna-NM_181659.2	5514	1108	1391	4725	10234	8084
rna-XM_006723828.2	2774	10705	9686	3044	166	5351
rna-NM_020820.3	3375	1877	1656	2564	1684	914
rna-NM_006420.2	2484	1860	1659	1919	3892	2374
rna-NM_001316.3	10478	8204	5422	9196	12545	4698
rna-NM_001322932.1	12457	10388	9603	14053	17292	17753
rna-NM_004975.3	282	71	171	271	451	214
rna-NM_000961.3	491	25	26	322	199	91
novel.1106.1	0	0	0	0	0	0
rna-NM_001348187.1	4337	2310	2055	4677	5450	3008
rna-XM_006723836.1	12506	5927	5054	10566	15079	7872
novel.1083.1	1896	2284	2367	2355	2177	2379
novel.1083.5	2199	1550	1498	2268	2297	1795
novel.1083.3	108	187	154	155	105	138
novel.1083.4	199	93	166	281	241	151
novel.1083.2	147	175	205	224	225	201
novel.1084.1	17	9	9	24	24	20
rna-XM_011528736.2	562	608	532	799	894	762
rna-NM_004776.3	14154	7382	7325	14974	20782	14168
rna-NM_006038.3	1338	704	665	1532	1651	1216
rna-NM_005985.3	311	47	92	423	601	320
rna-NM_018683.3	6790	5347	4605	6311	6836	5500
novel.1085.2	21	9	11	21	12	10
novel.1085.1	31	32	36	38	41	14
rna-NM_199203.2	8868	9954	4878	5146	7741	4872
rna-NM_001257393.1	145	269	3445	4562	2222	1800
rna-NM_199129.2	3009	4419	4381	3589	2697	1949
rna-NM_005194.3	12228	2641	3864	14492	12003	8570
rna-XM_006723680.4	10	11	16	7	4	2
rna-NM_002827.3	5176	3550	3081	4584	5782	4663
rna-XM_005260294.3	9	0	3	10	7	3
rna-NM_032521.2	456	125	187	469	1420	716
rna-XM_011528886.2	831	460	424	938	709	419
rna-XM_011528748.2	6930	6855	5291	6949	7163	6933
rna-NM_001317034.1	2335	2372	2004	2392	2448	1540
rna-NM_014484.4	812	679	551	976	987	622
rna-XM_011528804.1	155	79	52	191	187	36
novel.1107.1	238	19	19	506	405	127
rna-XM_011528824.2	7	4	8	11	35	16
rna-NM_006045.2	1997	6037	4380	1658	1053	1162
rna-NM_020436.4	16	4	9	2	22	5
novel.1108.2	315	152	105	353	272	155
novel.1108.1	201	6	65	219	310	212
rna-NM_018197.2	676	924	650	865	936	811
rna-XM_017027640.1	263	1317	1059	142	0	236
rna-XM_011529036.1	4721	6663	6194	3936	6896	6976
rna-XM_005260587.3	2	0	2	10	8	16
rna-XM_017027692.2	17	3	0	14	13	12
rna-XM_017027879.1	1080	1057	755	1240	1138	1050
rna-NM_018431.4	46	10	16	92	151	150
rna-NM_080821.2	2198	4196	3511	1911	1546	1176
rna-XM_017028034.2	2343	1187	675	1456	2094	510
rna-NM_001033521.1	2437	2068	1605	2233	2564	1662
rna-NM_001164116.1	22	0	7	14	27	5
rna-NM_080615.1	0	3	5	5	5	0
rna-NM_001012971.3	0	0	0	2	6	4
rna-NM_001283035.1	6524	6560	6071	7748	7363	6240
rna-XM_017027849.1	4	0	7	3	12	3
rna-NM_003222.3	2471	1006	762	1981	2084	1057
rna-XM_024452026.1	0	3	0	0	0	2
rna-NM_001719.2	650	5797	4145	691	2	634
rna-NM_001190472.1	0	0	0	0	2	0
rna-XM_005260583.2	2096	1379	1236	2481	2641	1717
rna-NM_001291780.1	2804	5652	5734	3149	2641	3017
rna-NM_001269043.1	0	0	0	0	0	0
rna-NM_030776.2	22	10	5	6	31	7
rna-NM_020182.4	3153	10276	6125	2687	1502	2956
novel.1086.1	48	57	39	56	49	32
novel.1109.1	129	43	70	85	143	58
rna-NM_020673.2	3082	1459	1536	2946	4278	3061
rna-NM_004738.4	3498	3649	2987	3929	4129	2991
rna-NM_001304787.1	100	19	19	51	31	5
novel.1087.1	4	3	0	8	7	0
rna-XM_017028198.1	2	0	0	3	4	0
rna-NM_001001433.2	3226	3498	3084	3583	5471	4289
rna-NM_024663.3	1306	245	369	1141	1449	330
rna-NM_198976.2	3475	4205	3049	4324	5346	4651
rna-NM_001336.3	2000	222	503	2638	3068	2397
rna-NM_030773.3	25	31	16	28	43	40
rna-NM_006886.3	2914	4648	4189	3974	3124	4036
rna-XM_017027812.2	42295	64984	57205	56835	45124	68131
rna-NM_016045.2	3324	2415	2164	3095	4668	2779
rna-XM_011528487.3	12	0	3	6	36	5
rna-XM_011528986.2	725	245	272	601	1067	448
rna-NM_006242.3	323	111	162	433	514	302
rna-NM_001794.4	1448	5577	5052	2138	177	4492
rna-NM_003185.3	783	629	516	682	928	529
rna-XM_011529123.2	1	1	3	1	12	4
rna-XM_005260266.3	0	0	1	3	0	0
rna-XM_011528605.2	2980	2630	2437	2611	3083	1906
rna-NM_002792.3	10028	8661	7675	11127	11689	9189
rna-XM_005260389.3	191	225	115	158	275	185
rna-XM_017027805.1	2302	1793	1595	3094	3427	2622
rna-XM_011529124.1	2	0	0	0	0	0
rna-XM_017028163.2	1045	818	663	1177	1458	1091
rna-XM_024451814.1	7551	4912	4861	9263	8825	7173
rna-XM_006723796.3	21192	27669	31964	22059	7047	22123
rna-NM_080833.2	10	0	0	0	4	0
rna-NM_080473.4	11	0	2	28	20	22
rna-XM_024451959.1	8205	8673	9094	10042	6570	7201
rna-NM_031215.2	1876	1368	1314	1867	1522	1298
novel.1088.1	22	0	3	23	18	22
novel.1089.1	0	0	0	0	65	0
novel.1089.2	0	2	0	0	6	0
novel.1110.1	218	202	113	82	32	48
novel.1110.2	514	1129	932	748	446	340
novel.1110.3	104	138	65	152	121	191
novel.1110.4	16	30	22	0	0	0
novel.1090.2	0	0	8	0	0	17
novel.1090.1	152	11	15	211	226	155
rna-NM_002531.2	80	13	26	37	59	40
rna-XM_017028199.1	18	5	12	8	19	4
rna-XM_017028200.2	3	23	23	15	6	6
rna-NM_018270.5	4954	4474	3677	5019	4974	3981
novel.1091.2	0	0	0	0	0	0
novel.1091.3	0	0	0	3	0	0
rna-XM_011528792.3	42998	20855	21819	57378	65822	65012
novel.1091.1	136	59	72	140	379	241
rna-NM_007346.3	10462	6634	7011	11279	10926	7823
rna-NM_022082.3	0	0	4	0	0	0
novel.1092.1	0	20	18	12	58	32
rna-NM_001853.3	120	195	155	153	81	74
rna-NM_080750.4	59	108	63	71	63	137
rna-XM_024451808.1	816	1408	1274	787	676	959
novel.1092.2	15	23	15	21	0	26
novel.1092.3	58	58	34	68	52	77
rna-XM_011528505.2	3502	3913	2847	3451	4836	5012
rna-NM_017896.2	3858	4542	4061	4218	3695	3681
rna-NM_017798.3	5873	3813	3369	6627	7213	5990
rna-NM_139317.2	1	0	0	0	2	4
rna-XM_011528527.2	22	0	2	24	27	12
rna-XM_011528901.2	5630	2904	2914	5935	5875	4404
rna-XM_011528810.2	36	3	6	31	6	5
rna-NM_001958.3	49335	32077	35997	63831	42429	41710
novel.1093.3	0	10	25	7	7	0
rna-NM_012384.4	1719	1149	935	1957	1982	1696
novel.1093.1	73	99	57	123	112	120
novel.1093.2	13	26	43	3	13	41
rna-NM_015894.3	3363	970	1734	4765	5479	3084
rna-NM_024299.3	3865	5660	4625	5222	3608	2983
rna-NM_005975.3	4	24	8	21	7	15
rna-NM_080823.3	5	12	15	12	25	14
rna-XM_017028060.1	57	10	11	54	55	51
rna-XM_024452006.1	26632	14315	11763	26213	31039	20698
rna-NM_001283009.1	802	668	570	896	1372	419
rna-NM_003823.3	15	11	26	20	45	9
rna-NM_003224.5	2017	1418	1397	3272	2930	2627
rna-NM_032527.4	1832	844	896	2107	2493	1739
rna-NM_017806.3	112	52	97	83	203	43
rna-NM_020062.3	2966	3019	2646	2894	2719	1240
rna-NM_025224.3	966	712	724	972	768	1124
rna-XM_024451915.1	1865	1211	1142	2111	2007	1616
rna-NM_080622.3	295	199	214	541	578	396
rna-NM_199360.2	7686	4969	4449	9867	10728	7105
rna-NM_025219.2	8440	8423	8368	9841	9085	9214
rna-XM_024451950.1	3279	2188	2029	3786	4387	3395
rna-NM_018419.2	44	154	170	90	20	83
rna-XM_005260229.4	1253	2607	2922	2122	962	1799
rna-XM_011528565.2	250	48	59	329	357	121
rna-NM_012469.3	8143	6063	5540	8892	8769	6115
rna-NM_001348090.1	14	11	16	7	19	18
rna-XM_011528484.2	1268	535	570	1652	1716	1283
rna-NM_001318853.1	88	75	79	178	142	205
rna-XM_024451849.1	10	6	14	10	11	4
rna-NM_005286.2	0	0	1	0	0	0
rna-NM_004535.2	147	47	48	147	121	101
rna-NM_018257.2	848	868	1131	945	1407	1132
rna-XM_006723899.2	154	35	51	194	407	230
rna-XM_017028514.2	283	597	551	523	394	502
rna-XM_006723910.2	849	906	544	871	1037	495
rna-XM_011546082.3	403	301	332	337	600	352
rna-XM_017028206.1	232	67	68	166	311	108
rna-XM_006723918.4	4	0	3	5	4	2
rna-XM_011546086.2	12	4	4	14	15	3
rna-NM_001320643.2	974	805	990	810	1120	799
rna-XM_017028510.1	0	0	0	1	0	0
rna-XM_017028511.1	1	2	1	6	4	0
novel.1126.1	15	3	4	4	12	3
rna-XM_017028222.2	380	101	97	279	544	169
rna-XM_024452144.1	2	7	3	3	4	5
rna-XM_017028210.1	1397	568	727	2171	1965	1548
rna-NM_001320646.1	1500	1504	1242	1832	1709	1366
rna-NM_001314050.2	2	2	8	5	8	7
rna-XM_017028225.1	338	93	90	249	478	159
rna-XM_006723942.3	234	58	60	161	315	116
rna-NM_001313692.1	146	326	233	236	148	187
rna-XM_006723945.4	2	2	5	4	8	12
rna-XM_006723946.2	42	43	62	48	6	40
novel.1128.1	0	16	11	27	5	45
novel.1129.4	0	145	208	0	14	24
novel.1129.5	0	0	0	0	22	71
novel.1129.7	0	7	0	0	0	1
novel.1129.1	4	35	26	6	27	0
novel.1129.2	87	0	1	122	24	11
novel.1129.3	2	4	2	3	1	2
novel.1129.6	8	40	43	14	0	18
rna-XM_011544009.2	1	0	0	3	0	0
novel.1130.1	0	3	3	2	0	3
novel.1130.2	0	2	4	4	4	4
novel.1111.2	0	12	3	0	23	12
novel.1113.2	0	6	4	0	19	11
novel.1111.1	39	79	70	52	38	24
novel.1111.3	2	11	2	0	0	0
novel.1112.1	29	98	76	22	23	40
novel.1113.1	44	96	106	62	50	36
rna-XM_024452143.1	1540	2246	2802	1764	2545	1847
novel.1114.1	14	36	24	22	10	32
novel.1115.1	239	333	240	215	87	346
novel.1127.1	7	15	7	10	5	12
rna-NM_182482.2	0	16	11	7	0	19
rna-XM_017028520.1	0	0	0	0	0	1
rna-NM_199261.3	15	14	10	9	0	6
rna-NM_198996.3	0	0	0	0	0	2
rna-NM_001320602.1	59	8	17	72	41	5
rna-NM_001256370.1	5	0	4	6	12	10
rna-NM_001256579.2	5	0	4	5	0	3
rna-NM_006948.4	6227	3953	3578	5841	7256	6280
rna-XM_011529752.1	1844	1650	1754	942	2163	1176
novel.1117.4	0	45	19	18	1	23
novel.1117.5	0	11	7	2	0	7
novel.1117.6	0	1	83	0	0	0
novel.1117.1	18	53	51	33	12	54
novel.1117.2	7	8	3	6	0	0
novel.1117.3	24	136	142	38	3	75
rna-NM_001283041.2	2538	1275	1354	2587	4786	4452
rna-NM_001338.4	814	1388	1692	815	882	1490
rna-XM_011529441.1	2078	1101	975	1607	2524	1131
rna-NM_001100420.1	1053	703	789	842	1190	1027
rna-XM_011529453.2	12	25	24	32	13	58
rna-XM_011529655.1	0	0	0	0	0	0
rna-XM_011529576.3	31	5	4	45	33	3
novel.1118.2	14	32	32	5	10	20
novel.1118.1	10	0	0	19	0	0
rna-NM_080794.3	895	794	600	895	1149	562
rna-NM_001270408.1	274	182	139	248	264	215
novel.1131.1	18	16	15	20	26	24
rna-NM_001003701.1	1531	1794	1606	1978	1657	1672
rna-NM_001197297.1	695	701	757	592	1036	811
rna-NM_001320768.1	243	32	70	350	535	508
rna-NM_006988.4	3098	236	323	1700	2563	1799
rna-NM_007038.4	358	12	55	202	642	270
rna-NM_013240.5	87	108	68	121	136	81
rna-NM_015565.2	1207	1006	1009	682	1659	745
rna-NM_016940.2	768	728	561	872	961	527
rna-NM_001032410.1	500	841	679	458	739	416
novel.1119.1	0	2	0	2	3	4
rna-NM_000484.3	50572	38794	45369	58474	85642	103619
rna-NM_006585.3	8466	7457	5385	8008	9786	6024
rna-NM_020152.3	232	49	51	114	64	19
rna-NM_001186.3	1814	1149	811	1033	1953	1192
rna-NM_001330994.1	8	1	5	0	8	8
rna-XM_011529712.1	1004	704	695	686	840	720
rna-NM_001321023.1	9	9	8	9	10	4
rna-NM_000454.4	3724	3801	3707	4124	4358	3139
rna-NM_020706.2	1630	1378	1135	1413	1922	1550
rna-NM_014586.1	17	99	27	13	3	59
rna-XM_017028400.1	116	103	68	125	135	84
rna-NM_178817.3	0	1	0	0	0	0
rna-NM_014825.2	1641	1965	1235	1372	1887	1068
rna-NM_058187.4	420	304	206	408	259	523
rna-NM_144659.6	0	0	0	0	0	3
rna-NM_001350338.1	26	22	39	21	9	66
rna-NM_021254.3	1131	1028	893	1342	1280	1021
rna-NM_003895.3	558	365	328	437	710	620
rna-NM_016631.3	529	365	299	441	1105	484
rna-NM_001162496.2	2	0	2	2	0	0
rna-NM_005806.3	18	132	77	27	0	6
rna-NM_138983.2	13	134	104	7	0	19
rna-NM_001289125.1	1065	869	762	936	1585	757
novel.1132.1	279	191	178	261	417	212
rna-NM_000628.4	1420	1219	1206	1575	1521	1151
rna-NM_000629.2	2631	2695	2347	2369	3279	2730
rna-XM_011529553.1	1489	799	772	1575	1976	1174
rna-XM_011529746.2	716	512	605	830	841	658
rna-NM_001320746.2	36	7	17	40	60	19
rna-NM_145858.2	433	544	501	455	399	299
rna-NM_003024.2	1208	681	595	983	1563	862
rna-NM_001136006.1	3662	3771	2269	3456	3925	2543
rna-NM_138927.2	6539	8060	5894	5281	9132	6814
rna-NM_017613.3	1417	818	500	1201	1801	537
rna-NM_001697.2	3883	5086	4406	4067	3457	3361
rna-XM_017028342.1	20	22	36	25	3	17
rna-XM_017028282.2	949	2181	1814	1822	1156	7016
rna-XM_017028406.1	9	3	0	12	4	2
novel.1122.1	2	9	7	5	0	0
rna-XM_011529766.2	2089	3982	3626	1717	1902	2612
rna-XM_011529637.2	210	304	180	325	389	280
novel.1120.2	0	8	12	59	21	58
novel.1121.2	0	60	32	0	0	149
novel.1121.3	0	0	0	17	0	34
novel.1120.1	359	58	168	408	1039	460
novel.1133.1	39	9	8	63	46	51
rna-NM_032476.3	9547	10908	10986	13998	11637	17095
rna-NM_006933.6	27277	18903	27682	25338	33899	29740
novel.1121.1	6	0	0	0	0	4
novel.1121.4	74	3	0	128	27	161
novel.1121.5	17	21	38	0	0	45
rna-NM_172201.1	56	36	41	64	5	123
rna-NM_058182.4	151	332	240	249	165	201
rna-NM_001282537.1	1	1	4	2	8	8
rna-NM_001757.3	3404	3259	2912	3350	2794	1755
rna-NM_001236.3	259	130	136	168	180	66
rna-NM_001320714.1	821	766	639	550	830	434
rna-NM_015358.2	1732	919	1143	1247	3057	2489
rna-XM_017028477.1	994	836	452	942	982	156
rna-NM_005069.5	725	73	97	426	469	130
rna-NM_001352514.1	671	781	659	733	767	674
rna-NM_018962.2	13	6	0	12	6	4
rna-NM_153681.2	169	284	225	251	235	209
rna-XM_017028458.1	2895	3593	4307	1968	4478	3556
rna-NM_006052.1	2734	2048	1799	2541	2678	2436
rna-NM_001396.4	2964	1975	1769	2834	3522	3028
rna-XM_017028523.1	9	3	7	21	16	6
rna-NM_002240.4	53	9	12	36	51	10
rna-NM_001276439.1	8	3	0	10	12	0
rna-NM_001256295.1	3750	1000	1187	5045	3981	6601
rna-NM_003720.3	1257	910	618	1126	1327	593
rna-NM_018963.4	409	394	402	224	827	384
rna-XM_011529549.2	4176	3882	3099	4525	5220	3489
rna-NM_004627.5	945	915	940	1111	1083	1346
rna-NM_001317744.1	20	49	59	74	92	44
rna-XM_011529468.1	10	9	6	15	17	13
rna-NM_007341.2	39	49	75	34	0	52
novel.1134.1	18	0	0	5	0	0
rna-XM_011529472.2	0	0	0	2	0	0
rna-NM_033172.2	3	4	3	6	3	0
rna-NM_012105.4	2654	5427	5161	2565	1377	2933
rna-XM_011529648.2	4	4	5	2	1	0
rna-NM_002463.1	5120	2057	1524	3968	4698	1500
novel.1135.1	49	16	17	48	64	16
rna-NM_001135099.1	40	18	12	30	16	28
rna-XM_011529568.2	14155	7699	5863	12719	10415	3127
rna-NM_020639.2	717	123	266	852	1467	923
rna-NM_022115.4	108	129	91	124	178	174
rna-XM_011529522.2	771	602	583	565	998	826
rna-XM_011529588.2	1321	1484	1047	1154	1966	1331
rna-XM_024452141.1	48	156	326	88	18	206
rna-NM_024022.2	18	53	70	38	0	41
rna-NM_080860.3	15	13	8	7	2	13
rna-XM_011529614.3	130	85	76	112	95	22
rna-XM_017028524.1	59	30	24	72	45	5
rna-NM_002606.2	420	1216	918	434	88	563
rna-NM_033661.4	356	269	228	352	517	252
rna-XM_011529586.2	813	930	853	1138	1011	672
rna-NM_004571.4	961	847	560	796	1032	783
rna-XM_011529774.2	1161	328	485	1720	1737	1365
rna-NM_006758.2	1445	1494	1192	1836	1635	1335
novel.1136.1	160	136	98	237	256	247
rna-NM_000394.3	2	2	4	5	8	6
rna-NM_173354.4	669	431	454	494	707	485
rna-XM_011529443.2	74	75	71	89	73	42
rna-NM_017445.2	14	2	3	11	15	8
rna-NM_015056.2	2933	3259	2110	2878	3056	2361
rna-XM_005261195.2	4513	4433	4345	4326	5005	3491
rna-XM_011529811.1	16	3	13	14	21	4
rna-NM_000100.3	2608	2825	2712	3305	3271	2604
rna-NM_003683.5	1921	1426	973	2163	2050	1483
rna-XM_011529662.2	2541	3968	3309	3160	3394	3046
rna-XM_011529714.2	1332	1020	869	1154	1921	1420
rna-NM_005049.2	435	434	257	407	499	228
rna-NM_004649.7	1016	1692	1345	1464	979	1291
rna-XM_024452060.1	146	38	58	209	416	233
rna-NM_001320350.1	252	35	53	349	175	35
rna-XM_006724011.1	7363	13437	13106	8176	8425	6867
rna-NM_001271441.1	532	526	633	723	484	720
rna-NM_030891.5	855	110	183	801	570	241
rna-NM_144991.2	0	2	0	5	5	14
rna-NM_198691.2	0	0	0	0	0	0
rna-NM_198693.3	0	0	0	0	0	0
rna-NM_198696.2	0	0	0	0	0	0
rna-NM_198687.2	0	0	0	0	0	0
rna-NM_198694.3	0	0	0	0	0	0
rna-NM_198688.3	0	0	0	0	0	0
rna-NM_198689.2	0	0	0	0	0	0
rna-NM_198695.2	0	0	0	0	0	0
rna-NM_198690.2	0	0	0	0	0	0
rna-NM_181688.2	0	0	0	0	0	0
rna-NM_198692.2	0	0	0	0	0	0
rna-NM_198698.1	0	0	0	0	0	0
rna-NM_198697.2	0	0	0	0	0	0
rna-NM_181684.2	0	0	0	0	0	0
rna-NM_181686.1	0	0	0	0	0	0
rna-NM_198699.1	0	0	0	0	0	0
rna-NM_003343.5	2437	3650	2765	2690	3231	2496
rna-NM_001286416.1	4944	4851	4137	6384	6393	4940
rna-NM_001127491.2	56	35	27	65	23	16
novel.1137.1	251	300	295	396	304	286
rna-NM_058190.3	947	783	561	996	791	630
rna-NM_004339.3	14150	11662	11648	16421	13750	16905
rna-XM_011529812.2	5	0	6	5	7	5
rna-XM_017028242.2	2290	2485	2066	2483	1926	3189
rna-XM_024452058.1	2653	2896	2440	3103	2283	3911
rna-XM_017028526.2	382	675	582	584	563	665
novel.1123.1	119	40	23	125	231	89
rna-XM_024452087.1	37	5	0	16	16	8
novel.1124.1	101	132	166	211	75	207
novel.1139.2	178	602	480	318	4	455
novel.1139.1	49	191	213	175	0	203
novel.1138.1	14	7	16	19	21	38
rna-NM_130444.2	10845	7601	8999	12549	11222	14259
rna-XM_011529696.2	1489	2402	1757	1768	1269	1105
rna-NM_001848.2	49014	125353	141318	55768	11723	82461
rna-XM_011529434.3	8	10	7	12	3	9
rna-NM_001350598.1	1	1	0	0	0	0
rna-XM_017028480.2	443	599	627	496	204	294
rna-XM_011529565.2	2051	5455	5172	2316	1935	2324
rna-NM_001849.3	28342	23430	27331	26695	10867	19674
rna-NM_003906.4	3694	5030	4004	3957	3765	4980
rna-XM_011529634.2	198	264	263	310	224	286
rna-XM_011529620.3	280	405	209	274	220	150
rna-XM_011529594.3	1606	2363	1527	1440	1975	1781
rna-XM_011529492.2	1247	1621	1301	1029	1270	1451
rna-NM_006272.2	19	69	63	9	0	36
rna-XM_005261111.4	2737	4494	3885	4279	2978	4442
novel.1125.1	52	72	86	66	40	80
rna-NM_001136213.1	0	0	0	0	0	0
novel.1140.4	0	1	0	0	0	0
novel.1140.14	0	0	0	10	117	0
novel.1140.20	0	0	90	31	0	12
novel.1140.21	0	0	0	11	0	0
novel.1140.1	24	0	34	73	64	39
novel.1140.3	19	0	44	75	295	80
novel.1140.2	11	14	49	0	0	3
novel.1140.5	122	156	78	56	685	80
novel.1140.6	59	0	0	46	0	65
novel.1140.8	50	0	23	0	0	0
novel.1140.7	21	48	0	0	59	53
novel.1140.15	278	167	143	191	0	214
novel.1140.11	103	102	81	59	0	53
novel.1140.10	32	7	19	23	3	146
novel.1140.13	37	0	0	62	8	83
novel.1140.9	57	316	160	328	184	247
novel.1140.12	2	0	1	26	86	14
novel.1140.19	136	0	19	0	0	0
novel.1140.17	686	301	514	448	822	392
novel.1140.18	78	43	20	208	3	42
novel.1140.16	11	100	26	0	0	3
rna-XM_017028600.1	29	4	6	8	26	6
rna-NM_014339.6	1279	918	1043	1487	1327	1326
rna-XM_011546124.2	6	14	2	7	18	16
rna-NM_033070.2	1543	3482	2995	1846	1714	1842
rna-NM_001290047.1	27	83	66	18	8	16
rna-XM_011546149.2	24	69	36	19	11	25
rna-NM_001288707.1	1	0	2	0	0	4
rna-NM_001696.3	5369	4119	3529	5850	5914	5651
rna-XM_011546119.1	2883	3416	2851	3830	4690	6654
rna-NM_197966.2	1874	2235	1984	2406	2209	2412
rna-XM_011546137.2	3128	3296	2380	2307	2942	1955
rna-NM_017929.5	1212	2391	1809	1663	1648	1722
rna-NM_018943.2	61	39	41	55	45	56
rna-NM_017414.3	3358	1458	1041	3163	3906	1479
rna-XM_024452265.1	15	2	8	22	44	21
novel.1158.1	0	0	0	0	84	55
novel.1158.3	0	0	0	1	3	2
novel.1158.2	74	42	66	149	298	254
rna-NM_015672.1	43	62	44	65	62	36
rna-NM_005675.4	109	223	229	190	119	146
rna-NM_016335.4	36	43	27	23	18	7
rna-NM_005137.2	4747	4725	5084	5538	5137	5198
rna-NM_053006.4	133	34	38	140	98	124
rna-XM_005261282.4	1526	848	931	1797	1387	1123
rna-NM_001256534.1	4524	6312	5594	4979	4712	3105
rna-NM_007098.3	334	392	264	466	590	294
rna-NM_003325.3	2334	2287	1900	2530	2832	2810
rna-NM_003776.3	1229	1305	1025	1562	1380	919
rna-NM_173793.4	517	626	476	701	595	523
rna-NM_005659.6	1959	1848	1440	2426	2206	2047
rna-NM_001178010.2	1006	917	299	1003	1061	242
rna-NM_003277.3	15	5	6	16	17	6
rna-XM_017028925.1	87	209	180	29	5	32
rna-NM_002688.5	1000	974	928	1408	915	830
rna-NM_000407.4	186	129	175	213	124	100
rna-NM_053004.2	316	438	348	429	233	360
rna-NM_024627.5	686	822	696	682	764	378
rna-NM_006440.4	913	1195	1026	1252	1125	698
rna-XM_011529886.2	2583	2998	3191	3489	2945	3890
rna-XM_006724243.3	564	352	327	480	479	258
rna-NM_001322141.1	615	525	475	904	905	695
rna-NM_022720.6	899	717	914	962	1142	1020
rna-NM_001331039.1	1306	967	937	1970	1586	1075
rna-NM_001278639.1	4389	4954	3000	5073	5138	3355
rna-NM_001185024.1	1304	1112	1090	1804	1754	1480
rna-XM_005261238.3	12	34	10	14	0	9
rna-NM_023004.5	537	243	218	623	586	248
rna-NM_033257.3	1423	2003	1785	2221	1554	1607
rna-XM_017029164.1	118	61	48	136	169	58
rna-NM_003426.3	359	524	504	524	544	584
rna-NM_153334.6	2457	1130	927	1858	1160	692
rna-XM_017029018.2	583	671	636	638	467	501
rna-NM_001003891.2	2867	3600	3263	2814	2684	2605
novel.1159.1	12	9	14	9	0	9
novel.1141.1	41	28	28	53	40	18
rna-NM_000185.3	0	0	0	0	2	0
rna-XM_017028829.1	3270	4507	3717	3098	3488	4402
rna-NM_004782.3	1937	1290	1213	2102	2355	1802
rna-NM_005207.3	5621	7381	6656	5385	5460	6654
novel.1142.3	0	0	0	0	4	0
rna-NM_144704.2	18	8	7	17	30	15
rna-NM_006767.3	1623	1967	1917	2407	2363	2290
rna-NM_001008695.1	619	496	449	933	686	629
novel.1142.1	26	32	15	26	23	25
novel.1142.2	37	47	46	83	73	56
novel.1160.1	39	9	27	52	82	26
rna-XM_011530498.2	41	52	61	53	44	21
rna-NM_001291006.1	0	2	0	0	2	0
rna-XM_017029186.2	0	0	0	1	0	0
rna-NM_001128635.1	39	25	34	36	42	17
rna-NM_015094.2	225	136	228	177	283	185
rna-NM_001207052.1	15	11	15	26	21	6
novel.1161.1	12	20	18	34	30	25
novel.1162.1	54	195	214	70	97	131
novel.1162.2	94	0	0	63	2	5
rna-XM_006724159.2	3	0	6	12	15	7
rna-NM_022044.2	697	630	538	1191	544	374
rna-XM_017029165.1	11	15	18	17	35	10
rna-NM_001128633.1	18	20	16	26	25	16
rna-NM_001256355.1	4548	6070	5264	6231	5489	6274
rna-NM_001017964.1	634	706	607	1120	874	521
rna-XM_011530041.3	739	1002	758	963	1078	733
rna-NM_013313.4	138	163	152	127	100	41
rna-NM_002745.4	4062	6710	5332	3659	4873	3784
rna-NM_014634.3	1517	1591	1247	1888	1935	1561
rna-NM_001282113.1	452	350	407	693	825	605
novel.1143.4	0	0	0	182	308	0
novel.1143.5	0	64	9	0	0	0
novel.1143.6	0	0	0	0	68	69
novel.1163.1	0	1	0	0	0	1
novel.1164.1	0	0	0	2	0	1
novel.1144.1	0	0	0	0	0	0
novel.1143.1	42	66	192	167	148	173
novel.1143.2	264	205	288	138	232	279
novel.1143.3	232	292	67	127	149	149
rna-NM_080764.3	113	83	66	93	136	15
rna-XM_005261815.3	3	2	6	3	4	0
rna-XM_017028774.1	3	4	0	5	0	6
rna-NM_002073.3	321	333	355	442	297	301
rna-XM_006724381.4	171	479	435	190	74	94
rna-NM_004327.3	3056	2606	2614	3851	3277	4305
rna-XM_011530206.1	0	0	4	0	6	11
rna-XM_011530169.2	3	0	0	0	0	0
rna-NM_001329424.1	14	13	18	48	103	17
rna-NM_021916.3	218	149	146	195	251	148
rna-NM_013378.2	4	0	0	8	0	0
rna-XM_024452158.1	4	0	0	2	3	0
rna-NM_001301339.1	173	21	34	270	211	126
rna-NM_005940.4	60	22	29	58	32	41
rna-XM_011530345.2	1223	1537	1097	1784	1705	1528
rna-XM_017029078.2	34	28	13	23	23	9
rna-XM_011530666.1	0	0	0	0	0	0
rna-NM_001282864.1	207	85	110	254	220	198
rna-NM_002415.1	2870	359	725	4204	4763	2987
rna-NM_001080843.3	88	66	57	125	148	115
rna-XM_011529816.3	106	122	125	142	163	107
rna-NM_001355.3	676	797	770	838	823	621
rna-NM_019601.3	314	332	294	369	190	287
rna-XM_024452184.1	2558	4855	3945	2767	2740	2713
rna-XM_011530133.2	260	99	77	250	90	81
rna-NM_015330.4	3566	2576	2151	3429	4229	4665
rna-NM_001278500.1	500	98	136	716	586	698
rna-XM_011530222.2	6	0	3	10	7	6
rna-NM_001284251.1	2663	2441	2198	3087	3453	2459
rna-NM_004175.4	3299	3967	3127	3363	2811	2200
rna-NM_013430.2	123	293	291	100	47	84
rna-NM_207644.2	51	66	70	47	43	11
novel.1147.1	30	14	17	27	19	25
rna-NM_001039948.3	41	14	30	27	24	42
rna-NM_001008496.3	0	0	0	0	0	1
rna-XM_011530094.2	0	0	0	0	0	0
rna-XM_011529902.3	0	29	34	0	2	34
rna-XM_011529900.2	0	0	0	0	14	9
rna-XM_005261794.4	1370	2013	1939	1295	1518	1772
rna-XM_017029085.1	46	38	29	26	48	18
novel.1148.2	147	250	112	181	245	416
novel.1148.1	159	90	157	164	222	155
novel.1148.3	166	86	94	103	100	164
novel.1148.4	83	148	120	186	159	180
novel.1148.5	3	6	4	75	47	48
novel.1148.6	2	0	2	7	8	48
rna-NM_005160.3	607	363	397	503	784	531
rna-NM_020437.4	2155	788	876	3355	3750	7163
rna-XM_011530485.2	896	746	596	1715	1867	3247
rna-NM_001013694.2	508	624	428	655	543	939
rna-NM_001346861.1	2094	1829	1610	2485	2575	2559
novel.1149.1	38	97	90	84	51	47
novel.1150.1	75	137	130	97	15	143
rna-XM_024452294.1	1993	3936	2984	2329	805	3305
rna-XM_011529899.3	3	36	39	15	0	20
rna-XM_017028598.1	3	10	8	9	0	6
novel.1151.1	23	69	111	30	11	27
novel.1151.2	15	32	16	26	10	12
rna-NM_001350812.1	2	0	0	0	0	0
rna-NM_002430.2	124	228	321	149	142	131
rna-XM_011530052.2	2351	2389	1658	2538	3806	2692
novel.1152.1	29	37	46	35	70	30
rna-NM_001145418.1	1323	1755	1490	1050	1549	1305
rna-XM_011529839.2	370	426	215	402	510	288
rna-NM_172002.4	332	260	313	395	453	360
rna-NM_173510.3	1656	1108	909	1572	1929	1516
rna-NM_001079539.1	5486	2765	2038	7580	6576	4699
rna-NM_001206998.1	589	1208	870	504	420	517
rna-NM_032045.4	204	246	178	131	129	102
novel.1166.1	41	20	23	50	35	15
rna-XM_011529868.3	180	124	132	158	93	75
rna-XM_024452208.1	810	612	734	1202	1178	1000
rna-XM_011529995.3	5834	8144	6060	6357	7308	5968
rna-XM_011529825.1	1671	1961	2553	2085	1309	2111
rna-XM_011529821.1	5	0	5	6	4	0
rna-NM_001127.3	3494	5901	5341	4169	3470	3948
rna-NM_021076.3	10	2	5	13	28	6
rna-XM_005261797.1	1184	1244	1160	1454	1604	1166
rna-NM_003634.3	3334	6354	5486	3987	2920	2941
rna-NM_000268.3	2437	3480	3163	2821	3157	3000
rna-NM_182527.2	46	33	22	56	46	52
rna-NM_001318129.1	681	563	546	763	594	648
rna-NM_013387.3	1463	2191	1684	2116	1594	1635
rna-XM_024452287.1	1611	2038	1828	1989	1704	1792
rna-XM_011529914.2	0	4	0	1	2	0
rna-XM_017029028.1	1747	1616	1555	1717	2498	2186
rna-NM_002309.4	1701	448	536	1484	4270	1251
rna-NM_001037666.2	162	278	314	151	199	100
rna-NM_001204240.1	802	525	586	811	806	536
rna-NM_005877.5	4167	4352	3255	4396	4960	3692
rna-XM_024452258.1	141	81	125	189	205	178
rna-NM_001017981.1	421	801	770	588	641	537
rna-NM_012429.4	1579	2943	2366	1493	1975	1531
rna-NM_016498.4	1262	2201	1705	1636	1407	1272
rna-XM_011530518.2	33	32	34	54	25	45
rna-NM_014303.3	2950	4235	3499	3272	3204	2061
rna-NM_000355.3	1048	3332	3040	1269	556	1597
rna-XM_017028794.1	805	566	607	1077	1042	1052
rna-NM_001304795.1	61	29	37	65	80	94
novel.1153.4	0	75	47	91	38	30
novel.1153.8	0	78	61	1412	283	23
rna-NM_030758.3	708	627	658	674	555	415
rna-XM_011530004.2	1649	1488	1205	1772	1961	1470
novel.1153.3	909	1827	1097	385	1103	1108
novel.1153.1	450	393	669	444	817	246
novel.1153.2	297	671	723	201	243	308
novel.1153.6	363	1287	655	173	422	559
novel.1153.5	455	360	570	354	763	165
novel.1153.7	914	753	1233	465	644	305
rna-XM_017028913.1	1158	402	502	950	1166	328
rna-NM_080430.3	1770	187	358	2069	2262	929
rna-NM_001284285.1	343	236	297	435	328	271
rna-NM_015715.4	8	6	6	0	4	2
rna-NM_001031801.1	558	636	502	569	501	287
rna-NM_152267.3	3396	1747	1629	3468	3287	2109
rna-NM_052880.4	167	110	227	184	191	127
rna-NM_014323.2	1648	1485	1003	2073	2213	1819
rna-NM_004147.3	2810	2483	1953	2817	2762	1754
rna-XM_006724281.4	884	967	799	891	1218	1050
rna-XM_011530570.2	301	308	230	320	443	237
rna-NM_001326411.1	1822	754	633	2513	3122	3237
rna-NM_173566.2	731	769	601	637	1155	679
rna-NM_001302819.1	11	4	0	3	5	7
rna-XM_005261862.1	347	278	215	319	465	250
rna-NM_003405.3	3663	3109	2080	4390	5569	3543
rna-XM_011529827.3	6	0	2	0	5	1
rna-NM_014306.4	3561	4203	3520	3951	3709	3662
rna-NM_012179.3	4650	8345	6928	6562	4564	7890
rna-XM_011530406.3	203	427	496	373	2	403
rna-NM_000362.4	5306	6247	4885	7597	2092	8949
rna-NM_004737.5	305	1432	1092	466	77	783
rna-XM_006724100.4	927	1071	766	761	999	618
rna-NM_001135732.1	1975	1073	1419	2650	2913	2384
rna-NM_002133.2	1924	622	1178	1649	2986	919
rna-NM_006739.3	4966	3464	1906	6319	5988	1756
rna-XM_017028701.1	231	103	88	176	78	42
rna-NM_203377.1	15	11	16	15	10	7
rna-XM_011530392.3	2033	1088	923	1803	3211	1914
rna-NM_145640.2	351	173	151	243	209	53
rna-NM_145660.2	12	51	67	13	4	22
rna-XM_006724185.2	1837	1870	1705	1524	1711	1103
rna-XM_017028724.1	2350	1053	1184	2244	3680	1374
rna-NM_145343.2	2533	646	832	2166	4268	1822
rna-XM_005261508.1	1730	2805	2388	2773	1872	2188
rna-NM_001102371.1	1170	1454	963	1765	1506	1225
rna-NM_003753.3	5092	8230	7096	5637	5221	4074
rna-NM_001177701.2	386	154	176	494	274	213
rna-XM_011529903.2	19	4	0	9	15	0
rna-NM_002473.5	34286	49447	32763	28929	37833	21194
rna-NM_001270483.1	841	753	745	1167	824	820
rna-NM_021126.5	2889	2134	2365	3768	2788	2952
rna-XM_024452167.1	5	3	0	18	7	12
rna-NM_001346222.1	16	43	27	19	2	2
rna-XM_024452152.1	219	1344	1022	223	77	203
rna-XM_005261721.4	5	0	0	4	3	3
rna-XM_011530374.2	1130	1305	1148	1666	1342	1493
rna-NM_002872.4	753	140	107	841	511	143
rna-NM_013385.4	24	4	2	18	11	5
rna-NM_002405.3	30	103	113	12	15	5
rna-NM_052906.4	716	507	549	775	631	265
rna-NM_014550.3	1308	1447	1430	1195	1100	634
rna-XM_006724109.1	3432	3408	3093	4198	3584	2627
rna-NM_006498.2	3	7	6	8	5	4
rna-XM_024452213.1	762	1202	1220	1014	866	906
rna-NM_018957.4	1514	765	694	1452	1243	718
rna-NM_024313.2	261	286	209	331	299	175
rna-NM_001039141.2	1721	1348	1474	1971	2208	1603
rna-XM_011530647.2	12	6	6	6	10	0
rna-NM_020315.4	2245	3855	2692	2436	1955	1627
rna-NM_002305.3	11729	12244	10134	12014	9759	9094
rna-XM_017028674.2	511	1215	915	725	677	580
rna-NM_005318.3	20639	15701	13951	16519	17226	6254
rna-NM_012407.3	542	459	375	677	675	295
rna-XM_005261751.4	41	5	8	14	17	4
rna-XM_006724332.4	142	283	360	161	171	250
rna-NM_003614.1	0	2	1	6	4	8
rna-NM_006941.3	0	0	3	0	0	0
rna-XM_011529877.2	1018	865	849	1383	1150	1457
rna-XM_006724260.4	7920	10057	9868	8621	6653	8268
rna-XM_011530471.2	3673	3340	2969	6397	6635	7400
rna-XM_005261782.3	203	312	349	283	287	340
rna-NM_001301130.1	995	1061	901	1363	1174	1125
rna-NM_152868.2	108	250	317	154	18	171
rna-NM_001894.4	0	0	0	0	0	0
rna-NM_001161572.1	2517	1333	624	2140	2677	2395
rna-XM_017028754.2	5290	3982	4077	6615	5661	10183
rna-NM_001289912.1	4094	4962	4019	4082	3907	3983
rna-NM_016657.2	1544	928	721	1532	1315	753
rna-NM_001098504.1	7728	8729	5725	7746	10238	7571
rna-XM_011529835.2	6	0	0	2	11	2
rna-XM_006724291.2	6	15	6	7	22	3
rna-NM_001002880.1	666	815	853	690	585	482
rna-NM_020243.4	1263	1729	1284	1720	1460	1461
rna-XM_005261878.3	3748	4333	3354	4080	4276	3558
rna-XM_017029099.2	1659	1909	1427	1765	1834	985
rna-XM_024452203.1	4057	4048	4447	4967	3565	5302
rna-NM_005740.2	414	533	537	558	418	367
rna-NM_014293.3	1732	1722	2051	2346	1984	1732
rna-NM_014292.4	3524	5954	5750	4495	3400	3371
rna-NM_145699.3	4	0	0	8	0	0
rna-NM_004900.4	534	72	66	489	513	152
rna-XM_024452218.1	1403	1291	1230	1784	1651	961
rna-XM_024452178.1	801	518	480	943	864	418
rna-XM_017028596.2	100	69	77	117	145	97
novel.1154.1	19	4	6	29	24	55
rna-XM_017028903.1	389	340	296	556	473	383
rna-XM_011529991.3	8	6	8	10	13	4
rna-XM_006724174.4	426	558	631	540	374	311
rna-NM_002608.3	832	2215	1170	522	528	204
rna-NM_004711.4	1461	342	411	1474	1076	853
rna-NM_006116.2	1516	1638	1573	1978	1678	1572
rna-XM_005261608.5	472	197	186	378	194	126
rna-NM_000967.3	42639	62276	60237	46505	28116	38061
rna-NM_194326.3	1972	1899	1774	3493	2098	3111
rna-NM_001304564.1	671	1103	902	890	836	955
rna-XM_017028807.2	14810	6883	6215	19607	20325	21167
rna-NM_021096.3	23	14	18	39	10	2
rna-NM_152512.3	2	0	0	0	0	0
rna-NM_004810.3	4	30	25	6	4	0
rna-NM_001162501.1	1245	1345	1231	1012	1437	2076
rna-XM_011529977.3	1962	2782	2300	2422	2352	1489
rna-XM_024452219.1	1163	2112	2231	1591	1078	1567
rna-NM_001318139.1	1603	1495	1650	1880	1900	2387
rna-NM_005297.3	2	0	2	2	2	12
rna-NM_006358.3	1081	1351	918	1084	1007	773
rna-NM_014248.3	1524	2012	1969	1933	2052	1705
rna-NM_003932.4	8979	12440	11443	10149	8679	10677
rna-NM_022098.3	292	378	354	259	391	263
rna-NM_145174.1	41	47	30	55	55	57
rna-NM_001429.3	2725	2677	1803	2398	3908	3788
novel.1167.1	58	39	47	46	34	18
rna-XM_011529933.2	0	2	3	3	4	3
rna-NM_031488.4	1044	1650	1093	1413	1607	915
rna-NM_003216.3	664	1093	997	1162	714	821
rna-XM_005261695.1	9645	5103	4180	11368	11046	7702
rna-NM_017590.5	4980	6344	5102	4696	5723	3272
rna-NM_016272.3	2495	2750	2620	2510	3109	2894
rna-NM_032758.3	1298	1279	919	1622	1476	1166
rna-XM_024452250.1	3543	6754	5799	4392	3494	4150
rna-NM_001282884.1	2926	2825	2668	4262	3498	3223
rna-NM_014460.3	110	718	765	170	8	222
rna-XM_011530229.2	1491	1170	1193	1641	1384	1034
rna-XM_005261571.4	374	778	580	640	519	499
rna-NM_001469.4	15391	19242	15601	18125	17421	14714
novel.1168.1	8	9	10	17	21	19
rna-NM_001003796.1	3979	4300	3243	4733	4020	3811
rna-NM_001142964.1	450	512	599	591	620	667
rna-XM_011529945.3	4	0	5	0	5	0
rna-XM_005261748.3	655	526	487	857	1018	792
rna-NM_001353438.1	16	27	23	12	5	20
rna-NM_004599.3	9315	17168	14853	12047	7742	14239
rna-NM_052945.3	14	7	6	27	33	4
rna-XM_011530368.2	595	437	207	763	586	197
novel.1155.1	2	0	0	5	6	0
rna-XM_017028862.1	133	343	314	199	79	132
rna-NM_000262.2	1479	1765	1680	1689	1552	921
rna-NM_033318.4	193	253	259	251	162	202
rna-NM_002490.4	233	307	257	319	271	273
rna-NM_000106.5	1	2	2	0	1	2
rna-XM_017029174.2	3	6	4	4	5	7
rna-NM_001348386.1	0	1	1	0	3	5
rna-NM_005650.3	390	274	215	316	444	255
novel.1169.2	13	69	115	29	0	57
novel.1169.1	15	31	32	5	0	0
rna-NM_145912.6	6	15	30	18	9	12
rna-NM_015703.4	3737	2533	1959	4753	3977	2200
rna-XM_024452196.1	97	100	84	95	93	60
novel.1170.1	34	16	31	41	41	23
rna-NM_001278657.1	4024	4644	4648	5030	4093	5696
rna-NM_001165877.1	0	0	0	0	0	0
rna-NM_001171660.1	9076	10052	10525	12978	13161	14313
rna-NM_001318038.2	2353	537	891	3312	3491	2303
rna-NM_014570.4	2177	2066	1892	1880	2571	1409
rna-NM_001349969.1	6018	3417	3277	6687	6807	6616
rna-NM_012263.4	309	386	384	409	344	413
rna-NM_001197.4	120	40	41	162	121	144
rna-NM_173467.4	823	735	646	1103	929	1120
rna-NM_000714.5	2959	3644	3979	4291	3437	3747
rna-NM_015140.3	2377	5353	4225	3321	3004	3077
rna-XM_005261752.1	4	0	0	3	0	0
rna-XM_017028910.2	7	19	10	6	2	6
rna-NM_138814.3	3	0	0	5	0	0
rna-NM_025225.2	181	171	125	190	213	66
rna-NM_015380.4	1490	1611	1430	2212	2068	1571
rna-XM_011530302.2	34	8	5	29	39	12
rna-NM_001003828.2	355	63	118	616	730	397
rna-XM_005261790.3	951	824	765	743	679	424
rna-NM_032287.2	2332	3256	2646	2697	2167	2262
rna-NM_001198721.1	667	72	117	717	640	391
rna-NM_181334.5	83	0	29	52	77	38
rna-NM_001017526.1	23	11	3	28	18	33
rna-NM_138415.4	93	44	48	93	268	218
novel.1171.1	181	215	180	395	294	592
rna-NM_007172.3	2452	1896	1508	2422	3883	4229
rna-NM_015264.1	4517	4229	4356	5532	4312	5214
rna-XM_011530254.3	344	389	251	389	463	401
rna-NM_148674.4	0	3	0	0	4	2
rna-NM_015653.4	77	10	14	44	43	8
rna-NM_006486.2	6347	2660	2114	7401	4445	4531
rna-NM_013236.3	3134	4260	3575	3169	3060	3445
rna-XM_011530366.1	713	1255	685	1304	533	3102
rna-NM_018280.2	17	14	9	4	10	15
novel.1156.1	9	20	23	0	15	56
novel.1156.2	91	0	0	49	0	24
novel.1156.3	325	247	314	435	1139	470
rna-XM_006724269.3	570	515	364	393	476	705
rna-XM_011529960.2	102	176	181	223	207	121
rna-NM_006071.1	25	15	20	5	13	11
rna-NM_017931.2	1347	1518	1490	1744	1582	1508
rna-XM_005261627.4	1526	1122	410	1229	1312	481
rna-NM_018006.4	469	428	319	581	683	651
rna-XM_006724383.3	1493	209	353	1655	2275	1836
rna-XM_005261396.3	796	1240	1547	959	1039	1146
rna-NM_022766.5	1161	2025	1698	1169	975	1808
rna-XM_017028742.2	871	1374	1387	954	913	846
rna-NM_001304808.2	803	1058	851	613	774	415
rna-NM_014838.2	1124	1560	1149	1005	1327	934
rna-NM_024105.3	1230	890	873	2047	1840	1768
rna-XM_005261737.3	873	810	871	1295	1018	775
rna-NM_001001852.3	5398	3544	3939	5591	4398	5421
rna-XM_017028798.1	18	4	0	14	9	0
rna-XM_024452172.1	2	0	0	0	4	0
rna-NM_015166.3	286	1622	1287	336	3	573
rna-XM_011530696.1	23	36	35	54	30	47
rna-NM_052839.3	231	299	498	266	122	192
rna-XM_011530716.2	1124	1167	1135	1483	1246	1272
rna-NM_031454.1	1581	1279	1721	1617	1417	1411
rna-NM_020461.3	484	597	640	585	970	437
rna-NM_032019.5	419	336	410	485	472	231
rna-NM_002969.5	1078	1210	1257	1576	1247	1169
rna-NM_002751.6	527	281	348	624	586	419
rna-XM_024452242.1	152	223	349	167	78	192
rna-XM_011530682.2	15757	13946	14248	13046	10471	8094
rna-XM_017029117.1	2087	2432	2459	2266	2226	2203
rna-XM_017029177.1	3	0	6	5	8	4
rna-XM_011530709.2	5289	6483	6014	6633	5577	6879
rna-NM_138433.4	80	6	19	131	62	66
rna-NM_001123225.2	3	4	2	4	0	6
rna-NM_017584.5	0	0	2	6	6	4
rna-NM_001253845.1	676	80	146	1096	919	528
rna-NM_033200.2	5442	1627	1945	5515	5193	2808
rna-NM_001185011.1	3914	2679	2113	4289	3527	2297
rna-NM_001169109.1	175	66	115	377	311	213
rna-NM_001257989.1	1503	162	328	1705	1894	682
rna-NM_001014440.3	84	34	46	106	127	48
rna-NM_001145135.1	131	74	107	95	352	147
rna-NM_005198.4	369	314	401	460	648	331
rna-XM_011530679.2	3222	344	608	4192	4511	3298
rna-XM_017028800.1	1731	830	1078	2679	2353	2344
rna-NM_033517.1	456	240	257	675	636	726
rna-NM_001097.2	2	0	0	0	1	2
rna-NM_001350010.1	417	472	400	679	798	699
novel.1157.1	243	119	216	366	312	496
novel.1157.2	100	331	225	181	172	0
novel.1157.3	183	98	33	171	228	192
rna-XM_017030129.2	0	0	0	1	0	0
rna-XM_017030130.1	5	11	5	7	6	5
rna-XM_017030161.1	1	0	0	1	0	1
novel.1254.1	21	56	54	38	39	24
rna-XM_017030164.1	14	7	22	12	6	15
rna-XM_006724934.2	138	280	285	251	158	205
rna-XM_006724935.4	61	78	58	55	42	24
rna-XM_006724446.3	165	122	104	187	213	73
rna-NM_012227.3	453	603	521	651	579	571
rna-NM_013239.4	90	96	50	123	77	94
rna-NM_022148.3	10	2	2	10	0	3
rna-NM_001161530.1	12	0	2	11	13	2
rna-XM_005274431.5	9	3	2	3	3	7
rna-NM_001636.3	6011	7513	6951	6720	3519	5409
rna-XM_011546186.1	5	4	5	11	6	9
rna-XM_005274434.3	752	729	873	721	445	570
rna-XM_006724443.3	2	2	2	6	3	8
rna-NM_004043.2	0	0	0	1	0	0
rna-NM_005088.2	362	284	240	413	416	474
rna-NM_145177.2	295	328	319	302	227	287
rna-NM_004729.3	570	849	734	670	505	663
novel.1255.2	0	37	22	0	3	6
novel.1256.1	9397	10971	16014	10862	16597	11020
novel.1255.1	6465	9711	9818	6750	11231	7234
novel.1256.2	960	0	0	0	0	651
novel.1255.3	309	3765	485	372	442	356
novel.1257.1	2	4	3	7	0	3
novel.1257.2	27	101	108	46	11	41
novel.1190.1	5	42	71	5	1	5
novel.1172.1	28	34	27	36	31	38
novel.1172.2	20	39	21	18	5	27
rna-NM_002414.4	2249	3482	3220	2886	1753	3314
rna-NM_003918.2	395	553	557	376	182	295
rna-NM_001669.3	260	410	346	374	469	255
rna-NM_001282628.1	467	114	92	395	363	94
rna-XM_011545522.1	5	21	14	4	0	16
novel.1173.1	20	58	14	10	0	9
novel.1174.1	30	83	104	54	34	34
rna-NM_005044.4	930	1822	1733	829	770	860
novel.1191.2	0	29	0	53	0	56
novel.1191.4	0	0	0	0	26	0
novel.1191.1	93	0	1	2	12	12
novel.1191.3	107	3	0	79	0	3
novel.1191.5	74	0	18	81	121	0
novel.1191.6	369	38	68	354	568	99
novel.1191.7	186	24	31	178	209	58
novel.1192.1	0	0	0	0	0	0
rna-XM_005274564.3	534	3194	2268	423	0	988
rna-NM_001135565.1	600	660	505	617	500	752
rna-NM_001320750.1	371	552	501	448	492	705
rna-NM_001142389.1	124	15	39	142	96	23
rna-NM_000216.3	209	16	36	117	96	34
rna-XM_024452345.1	0	0	0	0	0	0
rna-NM_001139466.1	1540	2148	1910	1777	992	2055
rna-NM_000273.2	3	5	6	8	2	18
rna-XM_006724448.3	2	5	0	0	0	0
rna-NM_001649.3	386	1563	717	326	30	430
rna-NM_015691.3	1031	2450	1946	858	199	1041
rna-NM_001830.3	781	244	238	617	696	526
rna-NM_033290.3	1397	835	735	915	754	623
rna-XM_024452368.1	1693	1404	993	1668	1465	1018
rna-NM_182680.1	0	0	0	0	0	0
rna-NM_013427.2	248	25	30	179	204	123
rna-NM_078629.3	799	706	531	891	839	735
rna-XM_005274632.3	2	12	6	5	0	2
rna-NM_001039091.2	1877	2525	1663	1559	1785	1025
rna-NM_016610.3	0	0	0	0	0	0
rna-NM_016562.3	6	4	2	2	0	4
novel.1193.1	20	142	105	11	0	12
novel.1194.1	77	83	47	79	26	28
novel.1175.2	49	221	215	37	0	31
novel.1175.1	17	89	80	31	0	6
rna-NM_001167890.1	0	0	0	0	0	4
rna-XM_017030004.1	0	0	5	0	2	2
rna-XM_017029316.1	40	86	69	78	36	42
rna-NM_021109.3	39603	111666	94367	39876	17941	55008
rna-NM_004251.4	1262	1336	1213	1206	1286	1561
rna-NM_001128835.2	102	124	127	101	141	63
rna-NM_003611.2	225	270	296	187	421	160
rna-XM_005274555.3	265	327	335	252	186	185
rna-NM_002063.3	0	0	4	0	0	2
rna-NM_001001995.2	1716	7223	6214	1775	11	3194
rna-XM_017029283.1	57	186	132	63	59	46
rna-XM_011545470.2	185	101	59	150	201	63
rna-NM_152581.3	599	406	322	482	723	346
rna-NM_004469.4	1	7	0	0	4	0
rna-NM_002641.3	382	518	367	279	398	275
rna-NM_001018109.2	320	629	529	277	243	143
rna-NM_021804.2	4	0	4	2	12	0
rna-NM_020665.5	70	25	18	29	18	19
novel.1177.5	0	0	0	0	17	0
novel.1177.8	0	0	0	0	0	0
novel.1177.9	0	0	0	15	0	0
novel.1177.4	78	33	47	136	63	170
novel.1177.1	105	15	20	119	74	29
novel.1177.3	27	0	0	70	34	66
novel.1177.2	226	190	0	173	159	0
novel.1177.6	90	51	36	121	41	252
novel.1177.7	221	420	492	123	272	200
novel.1177.10	35	177	134	220	92	65
rna-XM_005274442.5	162	107	118	213	217	286
rna-XM_017029881.2	843	1068	907	896	872	1211
rna-XM_017029925.1	582	1012	807	618	599	953
rna-NM_005314.2	17	21	7	22	8	28
rna-NM_001277307.1	2	4	2	1	0	3
rna-XM_017029841.1	0	0	0	0	0	0
rna-XM_011545545.2	488	840	622	373	281	240
rna-NM_032796.3	1775	2777	2548	1830	1661	1935
rna-NM_018360.2	1081	899	643	749	1114	893
rna-NM_001198719.1	5094	6206	4871	5017	4226	5670
rna-XM_011545603.2	223	49	39	165	101	432
rna-XM_005274578.2	560	390	293	299	599	326
rna-NM_001291867.1	30	31	63	34	52	68
rna-XM_006724459.2	2	12	9	7	2	10
rna-NM_006089.2	354	133	82	258	387	154
rna-NM_000330.3	0	0	0	0	0	0
rna-NM_003159.2	52	69	21	27	63	52
rna-NM_006240.2	0	5	5	6	3	11
rna-XM_006724496.4	438	885	707	393	434	333
rna-XM_006724455.3	18	31	22	5	8	13
rna-NM_001173454.1	2759	4983	3919	2971	2424	2980
rna-NM_001001671.3	140	16	29	118	219	153
rna-XM_011545475.2	191	288	286	190	233	210
rna-XM_011545498.3	6486	2644	2897	8742	10804	10883
rna-XM_006724481.2	2	0	0	9	8	0
rna-NM_001412.3	2910	4819	3617	2444	2425	1700
rna-NM_014927.4	59	97	67	50	34	70
rna-NM_015884.3	612	1954	1312	654	470	487
rna-NM_206923.3	58	164	103	66	91	121
rna-XM_011545555.1	1204	1434	1063	1033	1199	1152
rna-XM_017029753.2	9930	36015	25369	6740	3410	5613
novel.1178.1	31	121	94	15	5	7
rna-NM_000444.5	57	123	86	39	31	25
rna-NM_152577.3	2	0	0	0	0	0
rna-XM_011545449.3	39	241	189	42	0	177
rna-NM_006406.1	3188	4964	4486	3525	2207	2177
novel.1179.1	85	48	66	73	93	62
rna-NM_001037171.1	1332	990	1066	1194	1369	825
rna-XM_024452421.1	7097	7940	7515	9450	8110	15839
rna-XM_011545473.2	0	2	0	7	3	0
rna-XM_011545586.2	464	722	483	433	242	340
rna-NM_030624.2	677	538	475	559	787	594
rna-NM_001415.3	6127	10044	8264	5665	4736	3853
rna-NM_001330327.1	1090	719	696	850	1748	1237
rna-NM_001142386.2	1263	3750	4085	1734	1064	6820
rna-NM_004845.4	124	1331	997	111	14	120
rna-NM_001330360.1	2135	2282	1090	1532	1622	894
rna-NM_139058.2	6	2	19	6	20	9
rna-NM_173699.3	2	0	0	0	0	0
rna-XM_024452372.1	2	2	0	2	0	0
rna-XM_011545491.2	387	323	253	326	346	179
rna-XM_017029399.1	305	194	245	257	536	432
rna-NM_014271.3	12	0	0	26	9	0
rna-NM_203408.3	2	0	0	0	8	7
rna-NM_031442.3	1264	250	388	872	1385	551
rna-NM_001304548.1	2	0	3	0	0	0
rna-XM_017030005.1	2	0	0	0	0	0
rna-XM_006724468.2	600	180	177	359	536	232
rna-NM_000950.2	1285	705	714	983	1499	1489
rna-NM_001170331.1	6	25	39	16	12	33
rna-NM_021083.3	23	66	25	19	27	16
rna-NM_012274.1	0	0	0	0	0	0
rna-XM_017029972.1	31	88	55	23	20	20
rna-NM_006520.2	1079	1836	1882	1184	1481	1795
rna-NM_006307.4	1088	2395	2176	1400	719	1970
rna-NM_001034853.1	81	95	84	98	138	73
rna-NM_000531.5	0	0	0	0	0	0
rna-NM_004615.3	36	60	57	100	37	140
rna-NM_021242.5	1951	2983	2588	2943	2030	3811
rna-XM_005272616.1	1023	1861	1218	634	714	602
rna-XM_017030006.1	1	0	2	1	0	0
rna-NM_005765.2	5408	6513	6815	5468	5943	8946
rna-XM_017029302.1	703	1233	1100	1141	1155	1435
rna-NM_004229.3	2867	2489	1926	2597	3350	3487
rna-NM_001289773.1	16	19	11	17	30	26
rna-XM_005272675.4	6119	8202	6550	4261	6663	7425
rna-NM_001356.4	10856	8620	7329	9619	16594	23586
rna-XM_017030007.1	2	0	1	4	11	8
rna-XM_005272597.4	0	2	0	0	0	2
rna-NM_080817.4	0	0	0	0	0	0
rna-XM_011543993.2	1667	2094	2021	1818	2289	2810
rna-NM_000240.3	300	440	534	438	330	414
rna-NM_000266.3	19	193	113	6	0	11
rna-NM_025184.3	6	11	3	11	8	0
rna-NM_173794.3	576	526	435	891	945	737
rna-XM_011543958.3	807	694	626	573	894	506
rna-NM_001129898.1	189	218	174	193	348	200
rna-NM_001039891.2	148	83	72	138	260	152
rna-NM_019886.3	1226	1053	940	1286	1144	744
rna-NM_001257291.1	1012	1564	1401	1027	1180	1299
rna-NM_006915.2	1486	1135	928	1280	2006	1640
rna-NM_001077445.2	790	820	767	925	1018	838
rna-NM_019056.6	3423	3754	3638	4986	3520	4236
rna-XM_024452457.1	1200	2342	1742	1432	1528	611
rna-XM_017029777.1	15550	18149	19273	22617	22361	26438
rna-XM_011543920.3	3611	6586	5981	4882	4957	3933
rna-NM_004651.3	6232	4553	3914	7224	7535	5138
rna-NM_003446.3	8	9	9	7	9	17
rna-NM_001324155.1	536	441	378	494	911	871
rna-XM_006724529.3	2329	2921	2460	3412	3201	3218
rna-NM_006950.3	10	16	21	19	5	29
rna-XM_017029766.2	4985	4093	3992	8403	7563	9174
rna-NM_002621.2	2	0	0	5	7	2
rna-NM_005229.4	2934	3441	2755	3805	3610	3633
rna-NM_153477.2	1453	1728	1710	2077	1648	1914
rna-XM_017029486.1	296	344	376	244	442	420
rna-NM_001178099.1	277	169	222	264	647	335
rna-NM_001282201.1	44	55	40	47	71	14
rna-XM_005272694.3	10	11	2	10	9	4
rna-NM_012280.3	2513	4103	2525	2845	2106	2171
rna-XM_024452425.1	573	1140	1070	819	486	692
rna-NM_006579.2	3228	2920	2106	3945	3791	1981
rna-NM_001348262.1	1734	1302	1147	2191	2294	2815
rna-XM_024452413.1	2445	5412	3758	1683	2513	1203
rna-NM_017883.5	1614	1716	1858	2532	2020	2294
rna-XM_017029786.1	5	25	17	23	12	23
rna-NM_001282166.1	986	712	379	956	1104	492
rna-XM_011543897.2	11	0	2	0	0	0
rna-NM_001321225.1	2055	2197	1985	2329	2479	1825
rna-NM_013271.4	309	357	417	452	223	434
rna-NM_001167947.2	1516	1702	1460	2291	1788	1782
rna-NM_001032383.1	2773	1313	1361	3717	3520	3073
rna-NM_001282651.1	2598	1423	1340	2515	2841	2474
rna-NM_006875.3	928	818	665	1077	1289	920
rna-XM_024452378.1	271	56	80	441	338	390
rna-XM_005278039.4	3798	3306	2944	4775	4735	3976
rna-XM_011543935.1	1607	1408	1333	1969	2163	1702
rna-NM_001163321.2	196	177	251	242	282	279
rna-NM_006521.5	4513	4023	4066	5469	6605	5953
rna-NM_007213.2	1452	2327	2306	2364	1602	2066
rna-NM_007075.3	1563	1355	1747	2653	2617	3080
rna-XM_017029415.2	1775	1542	1294	2144	2368	1592
rna-NM_024859.3	38	41	46	70	105	74
rna-NM_002668.2	5077	6828	5345	7668	5472	5931
rna-NM_006150.4	1076	849	866	1024	1132	644
rna-NM_003179.2	201	33	107	407	453	468
rna-NM_014008.4	927	762	696	1136	1177	738
rna-XM_017029567.1	2	14	7	9	5	0
rna-NM_033215.4	232	250	308	525	190	1014
rna-NM_001098413.3	0	0	0	0	0	0
rna-NM_001127345.2	0	0	0	0	0	0
rna-NM_001098405.2	0	0	0	0	0	0
rna-NM_001098409.2	0	0	0	0	0	0
novel.1195.1	25	20	10	50	111	47
rna-NM_001145073.2	203	183	210	214	269	247
rna-XM_017029258.1	438	375	268	387	684	693
rna-XM_017029915.1	43	33	32	40	69	62
rna-XM_017029682.2	89	613	411	80	53	140
rna-NM_153183.3	1	4	3	0	0	4
rna-NM_018159.3	86	366	309	67	2	131
rna-NM_018094.4	84	505	397	179	0	126
rna-NM_001005333.1	9282	6305	6036	8666	8705	5177
rna-NM_001242362.1	1552	824	870	1240	1044	574
rna-XM_017029430.1	0	0	0	0	0	0
rna-NM_001272061.1	1421	784	799	1138	956	522
rna-NM_001321181.1	217	169	176	241	346	167
rna-NM_001242497.1	207	131	150	195	299	161
rna-NM_018969.5	669	971	1249	918	680	1167
rna-XM_017029726.2	610	432	421	747	1534	924
novel.1181.1	92	74	128	86	312	116
rna-NM_004187.3	5000	5866	5369	5587	7199	8554
rna-XM_006724579.3	783	437	551	949	1257	1322
rna-NM_006306.3	4201	5584	2950	4622	5883	4671
rna-NM_001031745.4	55	53	51	49	55	32
rna-NM_004493.2	3294	2597	2546	4147	3825	2938
rna-XM_005261996.1	817	757	713	1147	1457	1099
rna-NM_017848.5	435	1365	1118	460	379	543
rna-XM_017029744.1	99	191	153	77	104	94
rna-XM_017029191.1	9154	12387	7913	7952	12341	10348
rna-NM_058163.2	2460	2204	1945	3065	2999	2533
rna-NM_004463.2	590	676	547	614	515	338
rna-NM_001184819.1	881	1120	767	1216	1755	1058
rna-NM_177433.2	5076	4545	4437	6615	5103	5754
rna-NM_001039705.2	384	405	344	476	364	516
rna-NM_014481.3	1688	1183	875	1838	1460	904
rna-XM_024452475.1	92	280	212	154	90	154
rna-NM_014061.4	244	176	156	246	212	143
rna-XM_017029301.1	33	2	6	35	51	6
rna-NM_016656.3	246	431	553	320	297	416
rna-NM_001324104.1	41	14	19	39	67	51
rna-NM_013444.3	1094	1392	1217	1172	1389	1132
rna-NM_001348129.1	509	1340	1161	759	475	916
rna-XM_017029315.1	167	336	175	200	173	156
rna-XM_005262008.5	155	191	176	157	104	92
rna-XM_017029598.1	33	40	36	23	21	22
rna-NM_007157.3	322	521	425	332	434	305
rna-NM_007156.4	85	172	134	115	87	72
rna-NM_001012968.2	619	412	269	511	871	266
novel.1197.2	157	244	256	229	131	0
novel.1197.3	153	250	95	175	153	227
novel.1197.1	6	84	101	106	70	88
rna-NM_001353923.1	470	586	519	464	446	315
rna-NM_152424.3	281	275	172	252	305	156
rna-NM_130388.3	16	6	11	8	14	20
rna-NM_017677.3	106	35	32	77	94	25
rna-NM_018684.3	628	926	713	689	530	527
rna-XM_017029484.1	76	178	177	116	141	233
rna-NM_031206.4	1277	1381	871	1389	1380	740
rna-NM_138737.4	77	188	221	62	0	166
rna-XM_011531001.1	33	20	11	21	50	4
rna-NM_000044.4	240	1593	1330	319	72	445
rna-XM_011530959.1	17233	32364	28619	24668	28892	42524
rna-NM_002547.2	703	799	538	653	1109	1945
rna-NM_173834.3	2164	2695	2128	2305	2731	3072
rna-XM_005262314.4	275	73	60	231	198	48
rna-NM_004429.4	736	1049	991	837	627	774
rna-NM_145119.3	1175	1290	1091	1243	1324	1285
rna-NM_015686.2	16	0	0	10	9	4
rna-XM_011530876.2	6	2	0	6	0	0
rna-NM_001399.4	36	33	25	40	34	45
rna-XM_017029489.1	2325	2435	2596	2567	2088	2326
rna-XM_017029518.1	0	0	0	3	0	1
rna-XM_011530948.3	17	27	26	36	11	27
rna-XM_017029568.2	1342	1754	1680	1715	1721	1431
rna-NM_012310.4	1413	1256	458	1065	1206	384
rna-XM_011531081.2	0	0	0	0	4	4
rna-NM_001171192.1	8	59	64	0	0	10
rna-XM_006724625.2	726	594	515	700	641	410
rna-NM_005938.3	760	601	692	1031	910	1238
rna-NM_000206.2	18	9	5	65	44	75
novel.1182.1	5	0	2	0	2	0
novel.1198.1	11	7	17	11	10	26
rna-NM_001256185.1	3000	3594	3166	4054	4024	3304
rna-NM_005120.2	1518	2211	1677	1704	2406	1786
rna-NM_181303.1	21	22	19	7	22	12
rna-NM_001097642.2	2	2	0	0	0	0
rna-NM_012278.3	6	4	8	7	8	7
rna-XM_005262295.1	723	1134	780	548	1163	762
rna-NM_005096.3	2256	3008	2627	2498	3080	2259
rna-NM_001145408.1	16205	22348	18070	18603	18284	14529
rna-NM_181672.2	4890	2785	2916	5329	9229	10049
rna-XM_011531063.3	21	12	18	23	167	65
rna-NM_001013627.2	24	40	16	13	20	6
rna-NM_001024455.3	218	170	132	219	220	175
rna-NM_207422.2	0	2	0	0	0	3
rna-NM_001144885.1	23	48	37	104	18	486
rna-XM_011530986.3	584	853	694	733	664	621
rna-NM_002637.3	430	936	664	572	666	2396
rna-NM_001039840.3	423	304	346	372	673	675
rna-NM_006223.3	675	732	599	675	589	607
rna-NM_017669.3	704	422	124	487	678	266
rna-NM_001007.4	22174	28304	26939	26196	19356	26795
novel.1183.1	32	69	111	90	0	90
novel.1184.4	0	4	0	11	68	19
novel.1184.2	97	36	57	67	0	73
novel.1184.3	33	176	47	119	312	87
novel.1184.1	3	0	0	0	29	0
novel.1184.6	7	0	4	5	1	4
novel.1184.5	8	17	5	11	13	8
novel.1184.7	107	25	187	26	70	135
novel.1184.8	26	39	7	50	23	24
novel.1185.1	13	0	30	19	24	7
novel.1200.1	10	38	17	19	12	51
rna-NM_006517.4	1272	2334	2204	1258	995	1141
rna-NM_016120.3	2673	3225	2663	2093	3079	2356
rna-NM_004299.5	697	1008	928	614	812	546
rna-NM_145052.3	443	742	582	427	475	490
rna-NM_144969.2	81	100	82	89	109	72
rna-NM_016500.4	429	337	237	472	679	390
rna-NM_020932.2	207	114	118	189	220	104
rna-NM_000489.4	784	837	1232	513	2045	906
rna-NM_032121.5	3677	4517	3904	3694	3303	3952
rna-NM_001866.2	2020	2663	2401	2449	1829	2413
rna-NM_000052.6	648	1082	862	413	598	670
rna-NM_001029891.2	77	175	175	92	56	105
rna-NM_152694.2	10	9	6	5	6	17
rna-XM_005262126.3	6	4	8	0	8	2
rna-NM_004867.4	8	0	2	6	4	18
rna-NM_153252.4	501	647	639	323	887	751
rna-NM_030763.2	41	17	14	21	80	42
rna-XM_011531013.1	1254	1527	1559	1397	1987	1956
rna-XM_017029423.2	253	28	60	158	488	222
rna-NM_144657.4	184	154	116	193	387	188
rna-XM_017029271.1	67	74	46	86	148	91
rna-NM_001012980.2	12	31	36	25	26	11
rna-XM_011531019.1	81	10	19	76	204	106
rna-NM_000291.3	38108	109080	86743	35676	23502	55194
rna-NM_015975.4	915	1615	1802	748	811	973
rna-NM_000390.3	885	784	709	726	1343	1136
rna-NM_057162.2	76	16	14	53	76	56
novel.1201.1	782	1437	1026	1094	846	798
novel.1201.2	23	61	85	51	15	32
rna-NM_004538.5	24	4	12	14	22	9
rna-XM_011530911.2	3	30	23	6	0	5
rna-NM_006729.4	433	362	285	251	582	303
rna-NM_013347.4	4	6	2	2	3	4
rna-NM_001184880.1	906	5738	5644	1089	4	2585
rna-NM_003270.3	1483	1748	1794	2268	1470	3684
rna-NM_014467.2	381	487	497	379	121	929
rna-XM_024452481.1	552	434	398	529	556	601
rna-NM_001306206.1	639	592	398	687	962	442
rna-NM_007052.4	10	9	4	10	11	10
rna-NM_212559.2	15	3	9	2	4	0
rna-NM_001162491.1	0	0	0	0	0	0
rna-XM_005262196.2	504	689	625	669	720	472
rna-XM_011530897.2	919	409	217	643	981	196
rna-NM_001939.2	19	9	4	2	20	6
rna-XM_006724664.1	2	0	0	0	0	0
rna-NM_004085.3	292	317	189	266	284	190
rna-NM_001287344.1	4	0	2	0	8	2
rna-NM_021029.5	6366	9818	9308	5696	4068	6314
rna-NM_001199973.1	455	470	568	5062	849	511
rna-NM_000169.2	1686	1088	906	1688	2256	1382
rna-NM_019597.4	2297	2709	2355	279	2609	2296
rna-NM_001256155.2	183	66	49	108	206	41
rna-NM_016608.1	983	278	274	673	576	212
rna-XM_011530976.2	1012	563	469	1400	1381	1058
rna-NM_016607.3	2509	1747	1871	2129	2741	2535
rna-NM_014782.6	529	212	225	394	351	131
rna-XM_005262212.4	8	4	13	9	9	3
rna-NM_080390.3	78	12	2	81	53	6
rna-NM_001006938.2	0	0	0	3	0	3
rna-NM_001012978.2	46	4	11	38	27	22
rna-NM_022053.3	0	0	0	0	1	0
rna-NM_001099686.2	0	0	0	0	1	0
rna-NM_021992.2	110	31	27	125	135	40
rna-NM_001168479.1	151	167	129	109	221	90
rna-NM_001199818.1	44	168	100	11	28	77
rna-NM_014710.4	7	7	5	2	8	0
rna-NM_001184876.2	132	141	126	116	89	0
rna-NM_001142524.1	197	280	230	224	169	190
rna-NM_001031834.1	3	0	0	1	4	4
rna-NM_022052.1	3	3	0	0	3	0
rna-NM_001080425.3	286	66	66	239	186	46
rna-NM_018476.3	2419	344	402	1665	1762	250
rna-NM_001006684.1	1495	1433	1188	1604	1495	857
rna-NM_001012979.2	16	5	7	27	18	3
rna-NM_152278.4	16	0	6	7	11	0
rna-NM_001168399.1	397	83	126	405	337	127
rna-NM_016303.2	3096	1913	1671	2833	3467	1869
rna-NM_001282674.1	5788	3823	3803	6853	6132	3892
rna-NM_080879.2	18	19	29	31	35	14
rna-NM_001300901.1	1294	1560	1627	1302	1542	981
rna-NM_001006933.1	891	722	714	1003	854	449
rna-NM_001006640.1	550	482	409	480	695	440
rna-NM_001142420.1	7072	9343	6629	6738	6690	5209
rna-NM_001024452.2	0	0	0	2	0	5
rna-NM_182541.2	4	3	0	0	0	0
novel.1202.1	14	0	7	4	19	57
rna-NM_001128834.2	23	51	33	18	9	12
rna-NM_016370.3	84	95	67	150	152	180
rna-NM_001350213.1	68	87	63	87	137	107
novel.1203.1	11	8	7	8	9	10
novel.1203.2	21	15	14	18	46	26
novel.1203.3	14	24	21	19	9	14
rna-XM_017029515.2	32	71	40	25	22	33
rna-XM_011531012.3	55	45	77	45	105	100
novel.1204.1	15	27	22	23	27	45
rna-NM_207318.3	3283	2544	2613	2701	4418	3722
rna-XM_011530857.1	2	10	16	3	0	22
rna-NM_198465.3	256	27	42	174	616	86
rna-NM_018015.5	82	88	63	55	71	24
rna-NM_194463.1	27	4	4	12	16	18
rna-NM_017752.2	382	306	229	254	497	252
rna-NM_138382.2	0	16	4	2	0	0
rna-NM_001171092.1	18	57	16	5	4	2
rna-NM_024657.4	1247	1582	976	1043	1202	744
rna-NM_001324243.1	174	138	174	139	543	181
rna-NM_017681.2	44	25	10	22	20	2
rna-NM_032428.2	161	106	83	205	207	257
rna-NM_002764.3	4513	2542	1842	3747	4062	1723
rna-XM_005262099.1	6620	5258	4093	13117	7511	11175
rna-NM_001348372.1	4	0	0	0	2	0
rna-NM_012216.3	495	773	778	857	767	2074
rna-XM_017030015.1	0	0	0	2	18	0
rna-NM_031273.2	3	0	0	2	0	0
rna-XM_005262127.4	8	2	9	15	40	18
rna-NM_002814.3	1400	1891	1659	1643	1691	1836
rna-NM_052936.4	495	568	441	672	649	863
rna-XM_006724617.3	152	177	127	117	90	139
rna-XM_011531061.1	2	2	0	4	10	4
rna-NM_001522.2	3	3	0	0	0	0
rna-XM_011530849.2	1040	1377	1373	804	915	1157
rna-NM_018698.4	540	550	485	697	921	792
rna-NM_012282.3	8	0	2	9	9	0
rna-XM_024452351.1	3114	2205	1691	2157	3490	2501
rna-XM_011531090.3	25	18	11	19	50	21
rna-NM_001353849.1	190	200	133	143	141	115
rna-XM_005262239.1	465	583	505	373	395	233
rna-NM_015365.2	238	351	216	214	342	221
rna-XM_017029695.1	7	13	0	14	21	13
rna-NM_001143981.1	2381	207	262	1224	1448	368
rna-NM_001128168.2	120	338	245	70	88	55
rna-NM_014289.3	8	10	2	11	18	0
rna-XM_011531028.2	183	388	257	185	372	220
rna-XM_011530943.2	7	6	5	7	9	6
rna-XM_011530875.2	1023	2369	2253	966	254	982
novel.1206.1	1	2	2	3	0	18
rna-NM_000640.2	15	24	33	33	37	32
novel.1205.4	0	0	0	40	0	58
novel.1205.1	9	13	52	39	0	5
novel.1205.2	2	7	6	18	0	11
novel.1205.3	18	57	28	21	0	129
rna-XM_011537536.2	6	0	0	0	0	0
rna-NM_001145346.1	0	0	0	0	0	0
rna-NM_020871.3	498	520	439	356	542	355
rna-NM_007231.4	2	0	0	4	0	0
rna-NM_005032.6	5347	5394	4616	5124	6190	5081
rna-XM_011531409.3	703	3316	2665	876	167	2294
rna-NM_019045.4	1005	1054	1011	863	1391	1072
rna-XM_005262368.4	373	303	405	249	501	498
rna-XM_011531336.1	2326	2820	3036	1973	2759	2343
rna-NM_173798.3	6	8	2	14	15	8
rna-XM_005262476.2	134	52	55	157	278	334
rna-NM_006667.4	4024	7210	5832	4330	3598	6142
rna-NM_145305.2	462	179	179	403	731	339
rna-NM_001152.4	12025	17129	13176	13608	10860	10643
rna-NM_022101.3	823	998	780	1048	967	811
rna-NM_003336.3	2710	2773	2099	2995	3508	2782
rna-NM_001173487.1	1090	1248	1063	1186	1157	1215
rna-XM_011531317.3	936	1026	755	905	841	1020
rna-NM_001105576.2	422	29	54	366	326	136
rna-NM_001000.3	11410	16166	13134	15876	8586	13163
rna-XM_017029737.1	255	66	91	197	427	227
rna-NM_006978.2	559	775	624	708	607	526
rna-NM_004541.3	930	1178	1421	1312	1075	1264
rna-NM_178813.5	0	3	3	2	0	4
rna-NM_024528.3	480	499	452	434	556	459
novel.1207.1	11	14	37	17	27	12
rna-NM_006777.3	1612	2020	1578	1449	2415	1431
rna-NM_017938.3	122	994	1028	117	0	168
rna-NM_001122606.1	4855	5909	6184	5063	4897	6409
rna-NM_001137554.1	978	1483	1201	1201	1161	841
rna-XM_005262481.1	6138	3738	3385	4192	6506	3643
rna-NM_001011551.2	1281	1222	1170	1423	1628	1309
rna-NM_012084.3	9	16	8	4	13	10
rna-XM_017029662.1	1151	1415	1066	817	2333	1403
rna-NM_001204401.1	1507	1601	1310	1273	1933	1623
rna-NM_001042749.2	4588	3844	3668	3210	5480	4856
rna-NM_002351.4	2	4	3	0	2	0
rna-XM_017029210.2	159	358	311	108	4	413
novel.1208.1	5	4	7	6	1	13
rna-NM_178470.4	755	94	107	443	592	120
rna-NM_001282874.1	1953	2630	2654	2741	4717	6253
rna-NM_001318784.1	1590	2483	1796	1807	2098	1854
rna-NM_017413.4	139	853	543	110	49	24
rna-NM_016032.3	2809	8996	6341	3020	2036	2762
rna-NM_006649.3	776	692	613	783	833	445
rna-XM_005262453.4	1401	1078	1100	1363	1636	1343
rna-NM_001127197.1	1668	1590	1231	1578	1770	794
rna-NM_004208.3	2405	3709	3184	2676	2248	3881
rna-NM_017666.4	269	302	243	296	456	389
rna-NM_001282197.1	183	275	185	238	260	276
rna-NM_016024.3	525	540	471	563	607	392
rna-XM_011531244.3	257	207	233	326	429	304
rna-XM_011531330.1	26	36	34	19	0	45
rna-NM_016542.3	633	1271	873	842	1266	2554
rna-NM_001271186.1	880	1059	1053	993	1400	1176
rna-NM_001077188.1	186	1177	619	182	0	184
rna-XM_005262431.3	46	405	236	74	0	81
rna-NM_001448.2	1463	6399	4230	1418	233	1373
rna-NM_001353453.1	32	182	200	31	6	89
rna-NM_001164617.1	6	7	8	2	0	2
rna-NM_032458.2	1882	2966	2618	2189	4105	4337
rna-NM_000194.2	1728	3108	2519	1944	2106	1132
novel.1210.1	5	4	7	2	13	0
rna-XM_011531257.2	38	10	6	22	22	10
rna-XM_011531282.2	774	968	689	702	922	425
rna-XM_005262382.1	39	19	8	22	35	14
rna-NM_019556.2	862	348	340	692	804	447
rna-NM_001163438.1	79	148	96	86	68	27
rna-NM_001078173.1	490	857	763	729	681	542
rna-NM_001078171.1	2916	6730	6501	3788	3271	3377
rna-NM_001078172.1	1341	2717	2416	1992	1799	1599
rna-NM_001348255.1	75	67	112	50	48	25
rna-XM_024452314.1	2	0	2	0	1	1
rna-NM_001358449.1	0	0	0	0	0	0
rna-XM_024452323.1	3	0	1	0	1	1
rna-NM_007131.4	418	283	335	417	683	564
rna-NM_152695.5	183	224	202	193	311	253
rna-NM_203306.2	66	154	144	49	47	47
rna-NM_001351601.1	146	123	96	155	307	119
rna-XM_011531352.1	7	0	3	10	16	7
rna-XM_011531340.3	15	2	6	18	21	9
rna-NM_001007551.4	9	2	5	15	15	6
rna-XM_011531351.2	4	2	3	12	10	4
rna-XM_011531389.2	2	1	1	5	4	3
rna-XM_011531229.3	4	1	3	11	10	4
rna-XM_011531241.2	3	1	2	5	4	3
rna-NM_001321271.1	4	2	2	6	4	3
rna-NM_001291529.1	2	0	2	6	3	2
rna-NM_001330000.1	2108	2311	1907	2382	2198	2362
rna-NM_001042537.1	1648	1444	1387	1515	1792	2007
rna-XM_006724743.2	5467	4364	3939	6982	5501	8810
rna-XM_024452448.1	682	400	284	465	847	448
rna-NM_001163280.1	1627	1712	1715	1838	2475	2416
rna-XM_017029975.2	336	3248	2748	334	25	395
rna-NM_002139.3	4657	6412	4122	4452	4974	3470
rna-XM_005262413.4	4	0	0	14	12	2
rna-XM_024452352.1	94	452	427	97	22	86
rna-XM_017029439.2	824	978	757	1007	1595	4175
rna-NM_001271560.1	11	37	96	15	6	10
rna-NM_005634.2	49	56	33	51	17	30
rna-NM_004065.2	2	6	0	0	2	0
rna-NM_012317.3	1437	1865	1720	2178	1920	1515
rna-NM_138702.1	1	0	0	0	6	0
rna-NM_001184749.2	117	13	36	59	101	84
rna-NM_002024.5	1530	1380	1253	1295	2716	1476
rna-NM_002025.3	26	177	117	31	0	46
rna-NM_000202.7	4355	8421	7505	4638	3903	6482
rna-XM_005278193.3	0	0	0	0	0	0
rna-NM_005366.4	0	0	0	0	0	0
rna-XM_024452381.1	0	0	0	0	0	0
rna-NM_001166400.1	0	0	0	0	0	0
rna-NM_001324275.1	328	567	433	307	371	276
rna-NM_001323079.1	16	28	30	28	23	35
rna-NM_001164415.2	27	18	20	25	28	36
rna-NM_032508.3	784	727	704	1049	1047	1212
rna-NM_016153.2	33	23	25	46	40	45
rna-NM_001351114.1	40	52	58	70	56	71
rna-XM_005274700.2	568	763	593	737	710	550
rna-XM_011531092.3	556	285	297	450	362	324
rna-XM_011531172.1	485	558	634	338	587	680
rna-XM_005274765.3	1155	1511	1146	1101	1295	1416
rna-NM_001242614.1	2211	4162	3904	2473	1843	2227
rna-NM_001301231.1	816	1296	730	656	665	334
rna-XM_011531125.2	1599	3302	2515	1760	2034	1939
rna-NM_033085.2	0	0	0	0	0	0
rna-NM_004961.3	94	7	14	81	154	32
rna-NM_018558.3	68	16	16	66	84	23
rna-XM_005274676.3	7	2	0	2	3	3
rna-XM_006724857.3	1	1	1	3	4	2
rna-NM_001102576.2	79	218	149	96	0	102
rna-NM_001166387.3	92	347	225	103	0	150
rna-NM_004344.1	1383	1468	1499	1662	1579	1595
rna-XM_017029564.1	1642	1106	914	2167	2185	1292
rna-XM_017029821.1	1684	232	330	1084	1304	452
rna-NM_001184924.1	4	0	0	0	0	0
rna-NM_032882.5	109	13	12	88	65	16
rna-NM_001080485.3	483	813	563	426	373	421
rna-XM_024452426.1	0	0	0	0	0	0
rna-XM_017029281.1	215	23	27	185	238	89
rna-NM_080701.3	72	6	9	75	54	11
rna-NM_017518.7	1086	536	351	1106	945	249
rna-NM_001711.5	4831	1297	1196	6072	4601	1725
novel.1187.1	0	0	0	0	0	0
novel.1187.3	0	13	7	0	0	0
rna-NM_152274.4	649	816	646	828	823	616
novel.1187.2	14	45	38	10	16	12
rna-XM_011531123.1	114	379	224	130	65	33
rna-NM_001039582.3	19	42	57	30	5	19
rna-NM_005629.3	5303	15025	11305	5139	3974	6321
rna-NM_001139457.2	6497	9378	9462	8738	6658	9306
rna-NM_000033.3	777	1369	1621	739	496	534
rna-NM_001163257.1	859	2718	2828	664	196	603
rna-NM_001303512.1	506	581	710	696	320	566
rna-NM_014370.3	0	7	17	0	7	0
rna-NM_004135.3	2363	3331	2908	2914	2742	2645
rna-NM_001204526.1	4340	6885	6817	6599	3845	6273
rna-XM_006724828.3	41	0	5	46	8	14
rna-NM_001164741.1	83	65	96	106	56	75
rna-NM_001278116.1	15850	2444	3390	12923	11326	6525
rna-NM_003491.3	3301	2730	2390	3920	3473	2609
rna-XM_006724815.3	3392	4013	3079	4097	5191	2973
rna-NM_003492.2	187	319	326	391	222	365
rna-NM_001569.3	6314	15012	10743	9566	7255	8007
rna-NM_001110792.1	1136	890	719	1345	1384	1661
rna-XM_011531116.1	0	0	0	0	0	0
rna-NM_012253.3	17	92	80	32	2	27
rna-NM_001110556.1	67184	86689	69262	72548	57072	44646
rna-XM_024452349.1	2873	4340	3461	3471	3103	2705
rna-NM_001256577.2	24966	31290	31823	28618	21172	24403
rna-NM_001009934.2	751	616	640	694	659	437
rna-XM_006724836.1	487	507	423	667	584	620
novel.1211.1	46	40	31	81	49	50
rna-NM_001183.5	10254	8496	9059	11499	10019	11507
rna-NM_001493.2	7027	9651	8412	9683	7397	9218
rna-NM_004699.3	4866	2602	2705	5752	4971	3803
rna-NM_017514.4	1469	1394	1495	1682	2088	1526
rna-NM_006014.4	462	552	549	841	631	496
rna-NM_014235.4	2364	3206	2619	3648	2513	2802
rna-XM_006724847.3	1154	666	626	1318	1556	761
rna-XM_024452415.1	1432	1676	1587	1541	1347	1148
rna-NM_020994.4	1	0	0	0	0	0
rna-XM_011531103.1	10	10	4	7	10	6
novel.1212.1	0	0	0	23	263	0
novel.1212.2	0	99	167	243	11	0
rna-NM_000402.4	5909	7975	10282	6268	5223	4645
rna-NM_001099856.4	697	527	481	733	797	514
rna-NM_139250.1	1	0	1	0	0	0
rna-NM_001327.2	1	0	1	0	0	0
novel.1212.3	261	0	0	0	0	143
rna-NM_001363.4	2504	2876	1764	2923	3642	2625
rna-NM_002436.3	561	394	406	535	474	440
rna-NM_001162936.1	0	0	0	0	0	0
rna-NM_001007524.1	244	149	179	331	398	294
rna-NM_080720.1	53	6	31	102	140	106
rna-NM_018196.3	309	581	411	289	305	232
rna-NM_001304990.1	20	28	17	30	59	27
rna-NM_001185183.1	802	847	764	895	1145	1026
novel.1189.1	8	19	39	21	213	15
novel.1189.2	7	162	49	0	26	33
novel.1189.3	1	1	0	213	8	96
novel.1189.4	157	6	107	17	80	17
rna-NM_000132.3	145	297	258	236	239	228
rna-NM_001017990.1	28	1	14	57	76	47
rna-NM_012151.3	1029	433	527	1321	1788	1042
rna-NM_023934.3	1955	2791	2378	2406	1775	2744
rna-NM_001018024.2	273	359	364	361	309	164
rna-NM_001018025.3	58	55	36	47	90	62
rna-XM_005274751.4	657	926	786	542	1137	543
rna-NM_001303543.1	2004	2586	1862	2490	2545	2524
rna-NM_171998.3	154	221	212	171	125	206
rna-NM_001289.5	10	17	22	2	12	14
novel.1188.1	57	149	117	58	64	50
rna-NM_001017991.2	68	4	34	134	189	133
rna-NM_001007523.1	298	186	202	400	472	334
rna-XM_006724867.3	146	103	95	174	198	73
rna-NM_012227.3-2	428	557	474	592	534	521
rna-NM_013239.4-2	78	84	48	101	69	79
rna-NM_022148.3-2	8	2	2	10	0	3
rna-NM_001161530.1-2	12	0	2	10	8	2
rna-XM_005274780.5	7	2	2	3	2	5
rna-NM_001636.3-2	5688	7088	6584	6351	3323	5098
rna-XM_017030090.1	5	4	3	8	6	8
rna-XM_005274783.3	688	665	802	643	399	526
rna-XM_006724864.3	2	2	2	6	3	4
rna-NM_004043.2-2	0	0	0	1	0	0
rna-NM_005088.2-2	337	260	231	385	384	448
rna-NM_145177.2-2	272	309	289	270	205	249
rna-NM_004729.3-2	541	787	681	623	484	623
rna-NM_002414.4-2	2120	3193	3011	2817	1631	2969
rna-NM_001164471.1	0	0	0	0	0	0
rna-NM_001243721.1	1	0	0	0	0	1
rna-NM_001077697.2	1	0	0	0	0	1
rna-NM_003308.4	1	0	0	0	0	0
novel.1214.1	5	0	3	8	17	21
novel.1215.1	11	8	7	2	4	24
novel.1215.2	23	33	21	15	6	5
novel.1215.3	12	17	20	0	4	11
rna-XM_011531426.2	1	6	5	0	0	5
rna-XM_017030092.2	0	0	0	1	0	0
rna-XM_017030097.1	0	0	0	1	0	0
rna-XM_017030098.2	2	0	0	2	0	0
rna-NM_005840.2-2	20	25	17	25	55	23
rna-NM_001185183.1-2	784	820	724	858	1108	977
novel.1213.3	0	0	0	0	0	0
novel.1213.1	122	150	101	180	121	135
novel.1213.2	22	17	0	32	101	0
novel.1258.1	0	0	0	0	16	0
novel.1259.2	0	0	0	0	0	0
novel.1259.1	24	19	9	37	41	18
rna-NM_001347681.1	155	73	92	186	438	289
novel.1224.1	61	70	59	64	133	28
novel.1224.2	55	32	35	59	28	30
novel.1224.4	36	38	34	21	69	1
novel.1224.5	88	56	41	98	222	97
novel.1224.3	16	34	14	37	56	25
novel.1228.2	0	124	48	0	19	63
novel.1228.3	0	119	157	0	73	92
novel.1228.1	72	11	8	176	115	11
novel.1228.4	146	0	0	0	31	26
novel.1228.5	123	96	83	139	170	208
novel.1228.6	17	9	88	38	103	42
novel.1230.1	0	0	2	0	0	0
novel.1231.3	0	0	2	3	0	0
novel.1230.2	2	0	0	2	5	0
novel.1231.1	3	0	0	4	7	2
novel.1231.2	3	0	0	4	5	0
novel.1232.1	71	11	10	61	88	13
rna-XM_011546266.2	0	1	3	1	1	1
rna-XM_011546267.2	2	0	0	2	3	7
rna-XM_017030171.1	3	0	2	5	3	2
novel.1227.1	0	0	0	0	0	0
novel.1226.1	4	0	0	0	2	0
novel.1261.1	1	20	15	0	3	13
novel.1261.2	3	9	16	7	5	16
novel.1261.3	3	15	7	14	0	8
novel.1219.4	0	193	129	115	76	31
novel.1219.6	0	60	0	40	148	96
novel.1219.1	7	60	8	4	9	0
novel.1219.2	80	175	194	139	164	221
novel.1219.3	20	0	13	28	38	76
novel.1219.5	88	11	72	7	73	83
novel.1219.7	61	124	204	64	0	0
rna-NM_001009611.4-2	0	0	0	0	0	0
rna-NM_001291381.1-2	0	0	0	0	0	0
rna-NM_001291381.1-3	0	0	0	0	0	0
rna-NM_013358.2-2	37	60	31	29	21	6
rna-NM_016233.2-2	77	41	35	58	23	8
rna-NM_012387.2-2	22	10	5	19	19	1
novel.1229.1	6770	10425	10951	7237	11952	7895
rna-NM_018715.3-2	3735	4557	3363	4501	4406	3143
rna-NM_001102398.2-2	2294	3022	2263	2197	2868	2370
rna-NM_001077195.1-2	484	951	673	677	567	940
rna-NM_003196.2-2	16	9	20	14	11	8
rna-NM_017707.3-2	453	719	811	349	248	202
rna-NM_004091.3-2	269	402	149	324	249	136
rna-NM_002167.4-2	531	656	614	575	833	409
rna-NM_001006665.1-2	2624	1404	1395	3216	3040	2215
rna-NM_014280.2-2	340	387	266	455	426	379
rna-NM_016311.4-2	536	551	498	640	509	376
rna-NM_031459.4-2	1000	376	447	1271	1214	948
rna-NM_017638.2-2	285	295	259	409	427	346
rna-NM_001291281.2-2	423	942	880	301	119	186
rna-NM_013386.4-2	979	537	468	965	1539	859
rna-NM_003051.3-2	4080	8152	6050	3576	3399	4430
rna-NM_019605.4-2	441	200	338	324	398	364
rna-NM_001170587.2-2	126	113	115	107	132	115
rna-NM_001134855.1-2	1	0	0	1	4	2
rna-NM_033445.2-2	289	179	198	287	248	223
rna-NM_175055.2-2	6	7	3	5	7	2
rna-NM_001010858.2-2	2863	4394	4124	5551	2986	5535
rna-XM_011544354.3	8	11	15	11	23	9
rna-NM_021205.5-2	74	293	294	119	146	190
rna-NM_001287801.1-2	418	256	231	425	427	238
rna-NM_152490.4-2	339	443	372	332	451	356
rna-NM_001098721.1-2	162	139	106	200	106	206
rna-NM_017759.4-2	218	107	139	149	460	189
rna-NM_001098199.1-2	44	16	18	32	22	4
rna-NM_001199984.1-2	1707	2083	1452	1716	1876	1731
rna-NM_001959.3-2	2185	3534	3060	2851	2305	2041
rna-NM_020923.2-2	279	303	343	139	469	136
rna-NM_006891.3-2	1	0	0	0	0	0
rna-NM_001017915.2-2	74	31	22	65	80	3
rna-NM_030803.6-2	685	431	332	686	756	632
rna-NM_152879.2-2	9	28	8	19	19	19
rna-NM_001144382.1-2	115	117	126	84	97	51
rna-NM_001287349.1-2	29	11	17	26	43	19
rna-NM_018651.3-2	17	10	16	17	16	3
rna-NM_001351733.1-2	20	0	0	0	0	0
rna-NM_173658.3-2	1	6	5	4	5	2
rna-NM_001323293.1-2	183	230	234	189	227	183
rna-NM_003420.3-2	157	130	89	212	240	186
rna-NM_033210.4-2	7	0	2	10	17	0
rna-NM_001258280.1-2	31	89	70	37	22	17
rna-NM_020696.3-2	571	866	731	529	745	385
rna-NM_020242.2-2	154	161	59	78	153	24
rna-NM_144638.2-2	177	210	193	284	212	188
rna-NM_003241.3-2	17	4	10	31	18	19
rna-NM_001349377.1-2	219	399	405	209	147	284
rna-NM_004742.2-2	27	16	21	13	10	20
rna-NM_173471.3-2	232	236	229	315	256	246
rna-NM_015541.2-2	3173	16327	16058	1639	90	3074
rna-NM_012234.6-2	1795	1855	1433	1415	1725	1629
rna-NM_001167674.1-2	1	0	0	0	0	1
rna-XM_017030301.2	10	3	2	12	10	18
rna-NM_001171747.1-2	72	10	19	69	101	11
rna-NM_001190259.1-2	10	1	3	6	12	2
rna-NM_183061.2-2	2	0	0	0	0	0
rna-NM_021937.4-2	783	1218	985	900	506	632
novel.1321.1	3	10	2	2	0	0
rna-NM_182485.2-2	69	24	14	59	110	122
rna-NM_001358235.1-2	23	9	13	15	12	10
rna-NM_001286820.1-2	2	0	0	1	3	1
rna-NM_004477.2-2	175	230	150	203	175	134
rna-NM_004477.2-3	175	231	150	203	175	136
rna-NM_001286820.1-3	2	0	0	1	3	1
novel.1305.1	80	52	39	133	108	121
rna-XM_024452589.1	1	0	2	2	2	1
rna-XM_024452591.1	0	0	1	1	0	0
rna-XM_024452587.1	1	0	0	0	0	1
rna-XM_024452590.1	0	0	1	1	0	0
rna-XM_024452585.1	1	0	1	0	0	1
rna-XM_024452588.1	1	0	1	0	0	1
rna-XM_024452586.1	1	0	0	0	0	1
rna-NM_014244.4-2	11	2	0	18	12	3
rna-NM_025158.4-2	874	1055	910	1090	980	1307
rna-NM_005520.2-2	1628	1258	1201	1129	3002	1112
rna-NM_001164444.1-2	1	0	2	0	0	0
rna-NM_014757.4-2	1552	1562	1312	1224	1383	1659
rna-NM_001746.3-2	22551	39049	32673	25371	14617	31756
rna-NM_198868.2-2	3861	8012	7239	4414	4031	5860
rna-NM_145649.4-2	129	471	474	102	25	190
novel.1307.1	0	0	0	0	0	0
rna-NM_054013.3-2	6669	5563	6213	8278	6783	8779
novel.1306.1	49	31	30	111	14	72
novel.1306.2	193	248	294	281	295	328
rna-NM_003900.4-2	18929	6199	7991	18431	18478	12830
rna-NM_016175.3-2	28	41	45	35	51	33
rna-NM_001145020.2-2	5	10	9	12	7	13
rna-NM_017906.2-2	537	565	390	518	575	350
rna-NM_001165258.1-2	2130	2323	1940	2165	1990	1349
rna-NM_015525.3-2	434	939	681	458	715	522
rna-NM_006670.4-2	1066	1479	1324	1316	1619	2154
rna-NM_012115.3-2	297	180	232	143	699	152
rna-NM_001170794.1-2	28	66	48	14	7	11
rna-NM_020429.2-2	14	12	5	12	14	13
rna-NM_001145715.2-2	1	0	0	0	3	0
rna-NM_002736.2-2	138	349	251	128	86	173
rna-NM_001008405.2-2	599	634	604	739	1371	1039
rna-NM_005295.2-2	0	0	0	1	0	0
rna-NM_001244262.1-2	1550	1344	1419	1399	1583	1889
rna-NM_006348.3-2	952	1135	956	1098	1444	1463
rna-NM_181581.2-2	90	139	101	78	114	64
rna-NM_001322263.2-2	22	17	9	47	29	51
rna-NM_003461.4-2	4306	3682	3242	4931	4267	4977
rna-NM_005232.4-2	7	0	0	3	1	1
rna-NM_001348289.1-2	1	0	0	0	0	0
rna-NM_001008747.2-2	7	1	2	8	13	11
novel.1313.2	0	98	388	0	0	0
novel.1313.1	388	582	290	277	487	333
rna-NM_001130025.1-2	80	316	216	22	34	109
rna-NM_178561.4-2	5	1	1	7	14	5
novel.1314.1	82	178	184	8	72	129
novel.1314.3	24	220	135	59	0	72
novel.1314.2	2	99	20	0	0	0
rna-NM_014719.2-2	585	1153	1015	455	753	546
rna-NM_198495.2-2	35	4	14	55	75	64
rna-NM_001003702.2-2	61	16	25	156	292	209
rna-NM_001001802.2-2	1	0	0	0	1	2
rna-NM_001005328.1-2	3	1	2	2	9	7
rna-NM_001278507.1-2	13	2	4	17	40	28
novel.1315.1	2	2	1	3	17	10
novel.1316.1	55	9	19	131	237	209
rna-NM_001005287.1-2	1	0	0	1	1	3
rna-XM_024452656.1	154	20	54	291	480	447
rna-XM_024452660.1	8	1	4	9	22	12
rna-XM_024452661.1	4	0	0	3	4	11
rna-NM_005435.3-2	242	23	68	442	719	618
rna-NM_022445.3-2	47	23	10	31	73	24
rna-NM_001322042.1-2	67	95	92	78	86	91
rna-NM_018361.3-2	1606	4527	3634	1634	617	3205
rna-NM_207411.4-2	3	3	2	2	0	4
rna-NM_001926.3-2	0	0	0	0	0	0
rna-XM_024452673.1	8	0	0	3	19	0
rna-NM_001282478.1-2	1	0	0	0	1	0
rna-NM_001081552.2-2	1	0	0	2	3	0
rna-XM_024452674.1	1	0	0	0	0	0
rna-XM_024452675.1	107	96	99	101	54	53
novel.1317.1	1	5	4	0	0	0
rna-NM_001135746.2-2	160	521	406	204	189	132
rna-NM_001031839.2-2	2	2	0	0	0	0
rna-NM_001308093.1-2	9	37	25	8	0	19
rna-NM_001715.2-2	2	0	1	0	0	0
rna-NM_053279.2-2	549	80	118	326	303	85
rna-NM_015458.3-2	261	579	340	329	277	425
rna-NM_173683.3-2	21	43	43	25	5	66
rna-NM_147780.3-2	8313	6271	6263	9793	6457	10095
rna-NM_001287750.1-2	5089	11439	7352	5362	3420	3947
rna-NM_017884.5-2	156	222	154	219	157	178
rna-NM_031439.3-2	68	18	10	88	92	109
rna-NM_178857.5-2	9	3	5	13	9	2
rna-NM_012331.4-2	223	691	615	386	147	736
rna-NM_003747.2-2	1116	2741	2229	918	750	1356
rna-NM_001201329.1-2	382	1047	516	222	179	186
rna-NM_153332.3-2	722	1660	1290	676	559	1305
rna-NM_004225.2-2	479	914	660	479	536	661
rna-NM_194284.2-2	21	0	5	35	34	23
rna-XM_024452667.1	0	0	0	0	0	1
rna-NM_001080826.2-2	223	375	235	269	377	318
rna-XM_024452668.1	0	0	0	0	2	1
rna-XM_024452666.1	0	0	0	0	0	0
rna-XM_024452669.1	1	1	0	0	2	1
rna-XM_024452670.1	1	0	0	0	3	1
rna-XM_024452664.1	0	0	0	0	5	0
rna-NM_001256873.1-2	0	0	0	0	2	0
novel.1318.1	66	16	22	68	55	28
rna-NM_001137610.2-2	60	37	37	45	58	24
novel.1319.1	1	0	100	0	1	0
novel.1319.2	117	96	2	106	47	36
novel.1320.1	10	16	14	25	30	17
rna-NM_152271.4-2	159	518	397	120	125	127
rna-NM_020844.2-2	22	2	0	5	17	4
rna-NM_001348081.1-2	1925	155	271	1584	2718	2063
rna-NM_031415.2-2	2	2	0	0	0	1
rna-NM_015201.4-2	82	91	68	169	188	100
rna-NM_005526.3-2	1734	910	983	2330	2329	2002
rna-NM_012079.5-2	469	384	424	768	775	814
rna-NM_031309.5-2	3	0	1	6	5	3
rna-NM_001280561.1-2	3	3	4	2	23	2
rna-NM_012162.3-2	301	186	190	324	400	167
rna-NM_001253816.1-2	1323	485	489	1939	1899	1494
rna-NM_174922.4-2	158	52	83	179	259	160
rna-NM_013291.2-2	1840	1059	1113	2226	2587	1707
rna-NM_130849.3-2	26	3	19	80	89	93
rna-NM_183057.2-2	1088	754	954	1803	1808	1551
rna-NM_013432.4-2	172	96	66	192	242	84
rna-NM_006753.5-2	529	815	588	689	632	512
rna-NM_139025.4-2	37	58	63	52	34	49
rna-NM_001242369.1-2	297	267	350	477	279	312
rna-NM_017585.3-2	1604	556	598	1896	2181	1209
rna-NM_012330.3-2	460	498	385	405	530	772
rna-NM_001321968.1-2	199	269	180	189	192	268
rna-NM_001126049.1-2	18	43	27	20	25	30
rna-NM_001304717.2-2	1257	1557	1681	1040	1114	1004
rna-NM_001323425.1-2	0	0	1	3	2	0
rna-NM_002457.4-2	7	1	0	7	5	3
rna-NM_001304359.1-2	3	1	0	1	3	0
rna-NM_133640.4-2	367	231	200	439	369	262
rna-NM_000972.2-2	15322	24106	25125	19420	11370	17601
rna-NM_003172.3-2	540	705	879	893	573	867
rna-NM_017503.4-2	315	225	160	506	399	381
rna-NM_033161.3-2	6256	6737	5605	7733	6134	6414
rna-NM_153710.4-2	9	18	13	13	15	27
rna-NM_020385.3-2	1307	1195	1151	1632	1443	1603
rna-NM_001318716.1-2	619	695	588	762	765	858
rna-NM_004551.2-2	1149	1452	1270	1690	1312	1415
rna-NM_031909.2-2	7	3	17	9	4	8
rna-NM_024783.3-2	5	3	7	3	17	0
rna-NM_001318339.2-2	334	227	206	251	769	271
rna-NM_001317231.1-2	1618	2946	2319	2144	1950	1757
rna-NM_015231.2-2	1442	1523	960	1330	1648	1293
rna-NM_005467.3-2	39	5	6	31	35	10
rna-NM_012124.2-2	856	488	425	863	1282	829
rna-NM_001008781.2-2	1	4	2	1	5	3
rna-NM_001164278.1-2	1325	2169	1569	1585	1021	1264
novel.1301.1	106	81	86	158	0	0
novel.1301.2	7	22	30	29	110	99
rna-NM_198489.2-2	82	58	78	108	87	71
rna-NM_001028.2-2	4270	7001	7022	4997	2843	4447
rna-NM_016146.5-2	752	798	652	805	811	522
rna-NM_021729.5-2	830	1098	1073	1138	947	930
rna-NM_178040.3-2	51	58	32	31	66	62
rna-NM_001130991.2-2	8289	9976	8307	10929	5591	9449
rna-NM_172364.4-2	0	2	0	2	0	0
rna-NM_001163926.1-2	0	1	2	5	6	2
rna-NM_024551.2-2	3499	2787	2286	4151	4403	4926
rna-NM_152640.4-2	132	158	142	119	120	93
rna-XM_011548882.3	5	5	12	6	4	7
rna-NM_002336.2-2	464	784	747	322	417	718
rna-NM_018050.2-2	150	254	264	212	289	257
novel.1302.1	4	25	27	15	15	7
rna-NM_058169.5-2	118	135	122	159	120	206
rna-NM_030640.2-2	652	668	629	706	1000	1459
rna-NM_032790.3-2	886	670	641	1176	1132	790
rna-NM_173855.4-2	1	4	12	6	2	2
rna-NM_001024808.2-2	266	220	174	214	222	81
rna-NM_014938.5-2	904	833	710	822	1113	653
novel.1303.1	79	3	23	78	268	152
rna-XM_017030303.1	2	3	0	2	4	0
rna-NM_007368.3-2	922	1108	908	839	913	1102
rna-NM_001277864.1-2	0	3	2	1	1	0
rna-NM_021004.3-2	215	267	258	282	284	135
rna-NM_198083.3-2	9	15	11	16	15	9
rna-NM_138360.3-2	12	7	9	8	8	9
rna-NM_001354768.1-2	23	15	15	34	26	20
rna-NM_004563.3-2	776	661	605	1100	769	334
rna-NM_001163484.1-2	1268	1467	1378	1552	1418	1302
rna-NM_203402.2-2	1	2	4	3	4	3
rna-NM_176783.2-2	4763	3133	3528	4819	4683	2974
rna-NM_016049.3-2	358	397	368	497	282	331
rna-NM_002818.2-2	4425	2349	2274	4145	4898	2040
rna-NM_017999.4-2	1483	1322	1365	1477	1452	1030
rna-NM_006084.4-2	1413	1022	766	1896	1954	1288
rna-NM_001048205.1-2	40	15	36	11	74	19
rna-NM_024658.3-2	821	1282	982	981	1012	889
rna-NM_006405.6-2	2009	1960	1856	2492	2577	2172
rna-NM_000359.2-2	7	2	3	6	8	0
rna-NM_001184739.1-2	8	4	3	6	12	10
rna-NM_014169.3-2	418	526	389	593	530	427
rna-NM_138476.3-2	111	154	132	133	138	76
rna-NM_001199823.2-2	9	4	2	8	7	11
rna-NM_006156.2-2	1750	1509	1507	2096	1755	1562
rna-NM_001283022.1-2	943	603	616	1004	958	674
rna-NM_001099274.1-2	703	656	586	753	776	517
rna-NM_139247.3-2	0	0	2	2	5	3
rna-NM_182836.2-2	214	277	233	329	370	315
rna-NM_001136050.2-2	291	350	390	265	246	146
rna-NM_174913.2-2	1257	1376	1190	1362	1404	844
rna-NM_014430.2-2	2	2	2	1	1	2
rna-NM_001164692.2-2	14	6	11	14	25	12
rna-NM_001143919.2-2	28	11	38	14	63	31
rna-NM_001320043.1-2	589	224	237	501	398	281
rna-NM_030791.3-2	727	463	442	701	820	596
rna-NM_004667.5-2	576	1116	746	539	798	777
rna-NM_001350920.1-2	1	0	0	0	1	1
rna-NM_001350919.1-2	1	0	0	0	1	1
novel.1304.1	28	3	6	6	62	34
rna-NM_001353790.1-2	698	2135	2017	638	163	904
rna-NM_015307.1-2	17	70	49	12	1	24
rna-NM_138704.3-2	362	373	346	454	346	330
rna-NM_001301025.2-2	597	521	488	476	930	543
rna-NM_001282472.1-2	2	0	0	1	2	0
rna-NM_001355469.1-2	2	0	0	1	0	0
rna-NM_139320.1-2	14	6	9	22	22	23
rna-NM_001355476.1-2	1	2	1	0	1	1
rna-NM_001282484.1-2	3	4	3	2	4	1
rna-NM_001282490.1-2	5	3	1	2	9	3
rna-NM_001039841.2-2	7	7	5	11	12	3
rna-NM_014967.4-2	266	492	411	264	257	377
rna-NM_017762.2-2	276	509	642	354	168	848
rna-NM_015995.3-2	529	922	1303	643	484	730
rna-XM_011548994.2	0	0	0	0	0	0
rna-NM_001190455.2-2	10	3	6	14	18	18
rna-NM_130901.2-2	9	6	7	7	12	15
rna-NM_001282494.1-2	6	2	3	4	4	0
rna-NM_014783.5-2	222	181	95	125	216	47
rna-NM_001144757.2-2	2	1	0	3	2	0
rna-NM_013372.6-2	2700	372	465	1701	1616	310
rna-NM_001277313.1-2	96	19	23	34	53	12
rna-NM_001282472.1-3	3	1	1	1	1	0
rna-NM_001282493.1-2	2	1	2	2	5	0
rna-NM_001190455.2-3	15	5	7	18	23	31
rna-NM_001039841.2-3	15	13	12	16	22	3
rna-NM_001282490.1-3	6	2	2	3	13	3
rna-NM_001277308.1-2	6	6	4	6	3	3
rna-XM_024452579.1	0	0	0	0	0	0
rna-NM_001282494.1-3	3	6	7	4	4	3
rna-NM_014783.5-3	217	211	112	131	217	47
rna-NM_001144757.2-3	1	1	0	3	3	0
rna-NM_001103184.3-3	99	15	28	37	58	10
rna-NM_145252.2-2	1	0	0	0	0	0
rna-NM_022119.3-2	23	2	7	46	71	54
rna-NM_020422.5-2	114	43	53	137	160	130
rna-NM_001888.4-2	3	0	0	3	7	0
rna-NM_013372.6-3	3255	436	536	2068	1945	378
rna-XM_024452647.1	0	1	1	3	2	3
rna-XM_024452644.1	15	10	5	13	25	22
rna-NM_001135865.1-2	116	102	143	112	204	130
novel.1308.1	51	14	19	73	204	186
rna-NM_001802.1-2	668	326	310	623	734	417
rna-NM_018119.3-2	393	349	270	443	490	390
rna-NM_013302.3-2	456	1210	1029	596	459	543
rna-NM_173615.4-2	2	1	0	0	4	4
rna-NM_001164579.1-2	259	243	160	202	288	242
rna-NM_173806.3-2	2	0	0	0	0	0
rna-NM_003366.3-2	1510	2795	2296	1527	1370	1057
novel.1309.1	64	37	25	34	99	8
novel.1310.1	19	16	16	47	7	20
rna-NM_144672.3-2	0	0	1	2	0	3
rna-NM_001310148.1-2	126	125	183	120	218	122
rna-NM_005849.3-2	0	0	2	0	2	0
rna-NM_016025.4-2	1199	1916	1657	1515	1279	1823
novel.1311.1	225	152	166	213	294	51
novel.1311.2	5	0	2	2	56	242
novel.1311.4	10	92	8	8	44	18
novel.1311.3	2	1	3	0	1	1
novel.1312.2	0	0	0	0	107	0
novel.1312.3	0	0	79	93	0	44
novel.1312.1	196	193	254	56	202	110
rna-NM_001324377.1-2	356	293	225	367	648	566
rna-NM_001740.4-2	2	7	0	6	14	30
rna-NM_153688.3-2	220	197	152	215	323	283
rna-NM_001025200.3-2	1	0	0	0	0	3
rna-NM_001906.5-2	1	0	0	0	0	3
rna-NM_001170717.2-2	2956	1134	1360	2617	2685	2538
rna-NM_001013672.4-2	56	82	85	91	53	91
rna-NM_182705.2-2	566	77	151	462	615	200
rna-NM_001128159.2-2	648	855	784	759	971	679
rna-NM_001251902.1-2	41	12	20	79	102	33
rna-NM_001201576.1-2	889	1047	1055	979	857	651
rna-NM_152766.4-2	272	421	320	333	187	177
rna-NM_175734.4-2	0	1	1	0	0	0
rna-NM_020795.3-2	2097	2251	2353	2202	1900	1448
rna-NM_199339.2-2	3	1	3	1	5	0
rna-NM_178518.2-2	414	246	309	578	534	557
rna-NM_004112.3-2	452	460	374	368	407	188
rna-NM_000747.2-2	302	126	200	353	297	239
rna-NM_001102614.1-2	0	4	2	2	0	4
rna-NM_020899.3-2	2742	3634	3100	3184	2675	3441
rna-NM_000937.4-2	3138	3074	2273	3682	4828	5110
rna-NM_004140.3-2	1476	1612	1808	1520	1500	1324
rna-NM_002018.3-2	3976	5315	5301	4812	4757	4076
rna-NM_001040078.2-2	4	3	0	4	2	0
rna-NM_172241.2-2	1	0	1	1	3	1
rna-NM_148886.1-2	226	232	298	331	300	221
rna-NM_004618.4-2	1953	1405	1081	1996	1904	1400
rna-NM_144775.2-2	1426	1018	864	1251	1737	1439
rna-NM_004169.4-2	1861	2095	1776	1973	1947	1237
rna-NM_001142397.1-2	1062	441	551	1216	1267	1275
rna-NM_007181.5-2	9	11	9	17	8	12
rna-NM_013234.3-2	1979	2634	2343	2487	1796	1845
rna-NM_002307.3-2	6	6	5	12	1	21
rna-NM_001042507.3-2	3	6	5	12	1	18
rna-NM_004924.5-2	12039	25768	20175	14025	9368	25899
rna-NM_144691.4-2	12	4	5	10	9	6
rna-NM_001398.2-2	1939	1677	2021	2774	1968	2542
rna-NM_001533.2-2	3418	5723	4136	4326	4815	2788
rna-NM_001195833.1-2	11	7	6	15	15	13
rna-NM_012237.3-2	1167	1623	1678	1543	903	2173
rna-NM_002503.4-2	495	275	278	598	616	845
rna-NM_001145901.1-2	315	418	301	401	381	349
rna-NM_033362.3-2	677	659	618	1009	747	879
rna-NM_148169.2-2	584	737	713	863	621	741
rna-NM_004714.2-2	370	650	683	492	208	470
rna-NM_001436.3-2	3443	5540	3812	3297	2322	2035
rna-NM_003890.2-2	60	157	170	50	11	35
rna-NM_006503.3-2	1879	1979	1729	2169	2103	1487
rna-NM_178544.4-2	24	22	15	18	49	20
rna-NM_001005851.2-2	69	121	120	69	128	60
rna-NM_001142577.1-2	76	92	74	51	121	90
rna-NM_002490.4-2	267	292	237	342	285	262
rna-NM_001348386.1-2	0	1	1	1	1	1
rna-NM_005650.3-2	339	254	187	295	400	232
rna-XM_024452580.1	2	4	3	4	5	3
rna-NM_005650.3-3	342	257	190	303	404	235
rna-NM_000106.5-2	1	0	1	0	2	2
rna-XM_017030328.1	4	4	6	5	6	6
rna-XM_017030331.1	1	0	1	1	1	2
rna-XM_017030329.1	5	5	7	7	9	10
rna-XM_017030330.1	1	0	1	1	1	2
rna-XM_024452581.1	12	12	18	16	17	24
rna-NM_001348386.1-4	0	1	1	0	2	3
rna-NM_005650.3-4	339	254	188	295	400	232
rna-NM_000106.5-3	1	0	0	1	2	2
rna-XM_011548822.2	3	3	5	4	4	4
rna-NM_001348386.1-5	1	0	1	1	2	2
rna-NM_005650.3-5	347	279	197	305	418	241
rna-NM_000106.5-4	1	0	1	1	2	1
rna-XM_017030332.1	3	3	4	3	5	4
rna-XM_024452582.1	6	6	9	6	9	8
rna-NM_001348386.1-6	1	1	1	2	3	1
rna-NM_005650.3-6	339	254	188	295	399	232
rna-NM_033517.1-2	499	294	273	740	719	820
rna-NM_001097.2-2	2	0	0	0	3	2
rna-NM_014638.3-2	10	0	2	9	10	1
rna-NM_018216.2-2	594	507	482	703	686	561
rna-NM_001010926.3-2	2	0	0	0	2	0
rna-NM_003820.3-2	390	129	124	347	472	261
rna-NM_001195736.2-2	871	809	701	1092	1041	838
rna-NM_033467.3-2	1	1	2	4	3	0
rna-NM_001291381.1-4	0	0	0	0	0	0
rna-NM_001242672.1-2	2	0	0	0	3	3
rna-NM_023015.4-2	461	542	484	505	775	412
rna-NM_024330.2-2	40	260	257	30	4	27
rna-XM_017030227.2	7	2	7	6	5	4
rna-NM_020699.3-2	804	784	754	983	1021	943
rna-NM_006589.2-2	1238	1091	986	1683	1732	1789
novel.1292.1	21	14	25	63	47	21
rna-NM_002455.4-2	296	260	225	378	340	286
novel.1293.1	280	145	153	307	243	213
novel.1294.1	21	13	2	5	50	20
rna-NM_001005742.2-2	3188	1435	1390	3415	3239	2259
rna-NM_005698.3-2	1087	1011	841	1387	1428	1078
rna-NM_001294338.1-2	286	462	439	258	337	210
rna-NM_020897.2-2	148	92	73	165	233	146
rna-NM_000298.5-2	2	0	0	0	4	3
rna-XM_017030182.1	22	87	81	15	10	35
rna-XM_017030185.1	3	11	4	3	2	0
rna-NM_018968.3-2	0	0	0	0	0	0
rna-NM_000547.5-2	2	0	0	0	0	0
rna-XM_017030188.2	2	2	2	2	0	0
rna-NM_001321102.1-2	270	359	341	280	205	135
rna-XM_024452508.1	21	11	15	10	24	13
rna-NM_014812.2-2	1175	818	752	792	1739	965
rna-NM_001350248.1-2	142	128	101	135	173	140
rna-NM_005465.4-2	1134	1309	1120	916	1173	1238
rna-NM_018269.3-2	706	770	666	1014	1217	1014
rna-NM_016441.2-2	71	31	23	37	57	72
novel.1295.1	106	68	80	135	86	172
rna-NM_001354871.1-2	17	12	9	13	23	22
rna-NM_214461.2-2	2	0	0	3	9	1
rna-NM_004522.2-2	189	334	257	175	140	321
rna-NM_001171631.1-2	6	3	0	0	3	0
rna-NM_020675.3-2	270	273	109	250	191	42
rna-NM_022134.2-2	4	9	5	2	2	10
rna-NM_001167599.2-2	3	2	5	6	0	5
rna-XM_017030187.1	1	0	0	1	0	0
rna-NM_005018.2-2	1	0	0	1	0	0
rna-NM_001284401.1-2	39	94	53	59	59	38
novel.1263.1	28	4	9	26	16	5
rna-NM_020865.2-2	295	233	218	241	337	227
rna-NM_001251962.1-2	172	112	104	83	124	62
novel.1262.2	0	4	3	4	1	14
novel.1262.1	87	63	43	51	86	37
rna-NM_001282506.1-2	1	1	4	2	1	6
rna-NM_001322468.1	0	1	1	1	1	3
rna-NM_203314.2-2	415	513	355	533	385	377
rna-NM_001330698.1-2	865	1047	911	829	1142	1251
rna-NM_001076.3-2	2	0	0	0	0	0
rna-NM_005651.3-2	4	2	8	3	4	0
rna-NM_001334.2-2	63	69	58	48	60	30
rna-NM_018140.3-2	11	18	2	12	26	26
rna-NM_033120.3-2	66	7	24	118	148	116
rna-NM_006598.2-2	2256	2783	3114	2641	2912	3322
rna-NM_024830.4-2	3496	5563	5592	4282	4352	5369
rna-NM_030782.4-2	2227	2737	2323	3402	3643	3296
rna-NM_001324511.1-2	157	9	18	112	146	43
rna-NM_033281.5-2	100	130	105	137	115	121
rna-NM_001799.3-2	564	557	460	493	573	334
rna-NM_176816.4-2	118	218	179	136	122	76
rna-NM_016283.4-2	319	478	290	389	419	316
rna-NM_001015892.1-2	877	833	752	888	1003	581
rna-NM_133339.2-2	495	453	458	534	639	561
rna-NM_001038603.2-2	19	4	7	18	46	25
rna-NM_002538.3-2	181	46	86	203	299	219
rna-NM_001098728.2-2	205	191	161	195	313	130
rna-XM_017030229.1	0	3	2	2	2	1
rna-NM_004536.2-2	24	23	32	13	78	16
rna-NM_000344.3-2	469	563	401	513	573	359
rna-NM_021967.2-2	60	57	71	86	103	96
rna-XM_017030228.1	1	2	2	2	0	1
rna-NM_001354438.1	318	292	225	266	460	180
novel.1296.1	136	32	75	144	231	104
rna-NM_018429.2-2	246	202	246	118	513	185
rna-NM_022132.4-2	72	195	115	93	72	78
novel.1264.1	420	807	345	471	192	567
rna-NM_006510.4-2	798	464	407	805	886	598
rna-NM_001010877.3-2	11	4	5	15	13	2
rna-NM_030903.3-2	1	0	0	0	0	0
rna-NM_006398.3-2	26	2	2	15	24	5
rna-NM_007160.3-2	2	0	0	1	1	1
rna-NM_001470.3-2	78	43	44	75	83	48
rna-NM_002127.5-2	1	0	0	0	0	0
rna-NM_170783.3-2	83	91	71	100	74	55
rna-NM_001242758.1	4558	733	1711	8101	11390	9020
rna-NM_021959.2-2	279	466	380	450	371	356
rna-NM_025236.3-2	7	20	17	17	8	21
rna-NM_001242783.1-2	472	256	215	517	598	280
rna-NM_021253.3-2	143	112	84	154	157	136
rna-NM_001199119.1-2	31	10	5	36	78	84
rna-NM_001199120.1-2	22	10	19	44	51	38
rna-NM_005275.3-2	459	356	357	550	456	436
rna-NM_003587.4-2	229	179	145	233	201	176
rna-NM_133471.3-2	1304	647	583	1326	1331	902
rna-NM_001270707.1-2	189	231	159	169	100	89
rna-NM_014641.2-2	215	215	140	252	280	181
rna-NM_005803.3-2	320	307	260	499	253	520
rna-NM_001202523.1-2	49	84	78	54	47	79
rna-NM_005931.4-2	782	90	98	557	655	201
novel.1234.1	342	573	295	347	281	174
rna-NM_001293212.1-2	7339	10236	6012	7344	5634	3859
rna-NM_001011700.2-2	0	0	0	0	0	0
rna-NM_004640.6-2	394	492	390	552	493	425
rna-NM_000594.3-2	37	4	9	60	170	92
rna-NM_002341.1-2	44	4	9	59	67	65
rna-NM_007161.3-2	1	1	1	2	2	1
rna-NM_147130.2-2	1	0	0	1	1	0
rna-NM_021177.4-2	252	302	232	310	231	182
rna-NM_005527.3-2	21	5	6	24	51	34
rna-NM_172165.3-2	11	13	10	9	9	5
rna-NM_001039651.1-2	2	3	2	4	3	2
rna-NM_025258.2-2	7	3	4	10	9	5
rna-NM_006295.2-2	1205	1666	1272	1391	1196	772
rna-NM_005345.5-2	2103	483	646	2331	3064	1898
rna-NM_005346.4-2	1986	678	753	2257	2615	1643
rna-NM_001287484.1-2	805	629	606	937	606	853
rna-NM_025257.2-2	4	1	1	5	1	2
rna-NM_000434.3-2	983	388	417	973	1105	696
rna-NM_001289413.1-2	654	682	666	705	620	613
rna-NM_019105.6-2	2	2	2	4	4	2
rna-NM_030651.3-2	11	5	6	19	15	17
rna-NM_138717.2-2	248	147	146	303	380	365
rna-NM_030652.3-2	13	6	9	8	24	12
rna-NM_032741.4-2	438	583	504	524	379	370
rna-NM_006913.3-2	1036	880	815	1296	863	981
rna-NM_001206929.1-2	8	4	7	6	12	5
rna-NM_002586.4-2	335	272	262	346	376	223
rna-NM_022107.2-2	54	31	26	65	50	17
rna-NM_004557.3-2	11	5	7	9	11	8
rna-NM_002120.3-2	1	1	0	2	1	1
rna-NM_000544.3-2	935	550	477	814	1077	570
rna-NM_002118.4-2	12	3	2	20	5	10
rna-NM_006120.3-2	65	8	14	54	31	17
rna-NM_001242525.1-2	23	5	4	19	21	3
rna-NM_002121.5-2	15	3	6	16	14	5
rna-NM_001164685.1-2	24	133	65	8	3	8
rna-NM_148919.3-2	807	433	391	863	768	453
rna-NM_000593.5-2	2465	1065	991	2159	2155	1351
rna-NM_002800.4-2	366	174	141	276	287	86
rna-NM_001291981.1-2	1120	1195	943	970	1732	1673
rna-NM_174910.2-2	2	2	3	0	4	2
rna-NM_018341.2-2	101	224	232	151	147	171
rna-NM_005618.3-2	79	160	204	83	43	128
rna-NM_001286380.1-2	323	901	755	394	400	678
rna-NM_020223.3-2	89	200	130	74	57	52
rna-NM_020892.2-2	298	199	183	299	231	198
rna-NM_030570.3	8	4	4	16	12	2
rna-NM_001351597.1-2	1	2	0	3	1	0
rna-NM_012230.3-2	146	163	161	271	267	287
rna-NM_001122838.1-2	148	305	241	132	153	172
rna-NM_031905.4-2	381	649	541	402	398	382
rna-NM_018238.3-2	234	383	270	278	283	205
rna-NM_001080392.1-2	579	1014	806	549	476	1259
rna-NM_001105558.1-2	3	4	0	0	0	2
rna-NM_001256511.1-2	545	1037	677	839	749	614
rna-NM_001303414.1-2	3	13	16	3	0	2
rna-NM_004445.5-2	4	6	3	6	1	4
rna-NM_019841.6-2	0	0	0	0	0	0
rna-NM_000420.2-2	2	0	0	2	0	0
rna-NM_014141.5-2	4	27	25	7	3	7
rna-NM_001308153.1-2	783	1267	1084	562	700	480
rna-NM_014867.2-2	139	32	37	85	83	28
rna-NM_003970.3-2	51	91	61	86	43	164
rna-NM_001037380.1-2	0	0	2	0	0	0
rna-XM_017030190.2	0	0	0	0	0	0
rna-NM_001282479.1-3	1	0	0	0	1	0
rna-XM_024452510.1	1	0	0	3	2	0
rna-NM_003816.2-2	1092	1535	1592	631	813	989
rna-NM_145004.6-2	7	5	7	10	4	7
rna-NM_005293.2-2	7	0	1	3	6	1
rna-NM_032611.2-2	227	844	1031	298	186	294
novel.1265.1	249	23	44	264	121	23
rna-NM_001130478.1-2	1	0	0	2	0	0
rna-NM_002346.2-2	10269	2758	2629	11414	8585	4372
rna-NM_023078.4-2	288	168	145	354	369	138
rna-NM_015117.2-2	200	132	129	276	335	265
rna-NM_001166237.1-2	841	564	596	900	982	344
rna-NM_001100878.1-2	51	10	18	47	59	47
rna-NM_145201.5-2	323	27	103	407	448	295
rna-NM_032378.5-2	5293	2522	3288	5880	5519	4075
rna-NM_032862.4-2	276	173	171	369	303	290
rna-NM_001317783.1-2	725	604	591	817	840	589
rna-NM_014789.3-2	417	259	210	414	578	401
rna-NM_001288805.1-2	228	66	68	260	325	264
rna-NM_198488.3-2	550	61	136	716	849	605
rna-XM_017030193.1	1	0	1	0	0	0
rna-NM_182706.4-2	1378	803	861	1863	2016	1459
rna-NM_078480.2-2	2112	1595	1506	3059	2864	2044
rna-NM_138367.1-2	153	133	107	145	271	200
rna-NM_001163.3-2	9	10	9	7	7	9
rna-NM_001347990.1-2	361	63	69	201	283	93
rna-NM_001004297.2-2	4	0	3	3	0	4
rna-NM_000698.4-2	0	2	0	0	0	0
rna-NM_001282866.1-2	683	646	695	757	747	1003
rna-NM_001329544.1-2	930	705	707	1197	940	874
rna-NM_004747.3-2	2494	5203	4635	2006	1203	3118
rna-NM_203388.2-2	2070	1655	1527	2908	2578	1733
rna-XM_006725147.2	5	0	0	8	9	14
rna-NM_005343.3-2	729	529	437	1147	1087	938
rna-NM_198075.3-2	66	61	84	86	98	79
rna-NM_173573.2-2	42	26	61	29	48	50
rna-NM_003475.3-2	461	333	387	448	389	227
novel.1266.1	51	146	201	47	88	44
rna-NM_001286581.1-2	1351	1118	860	1135	1502	1085
rna-NM_004031.2-2	3659	374	585	4394	4440	1799
rna-NM_021924.4-2	2	5	7	0	1	1
rna-NM_021920.3-2	3	1	2	0	2	0
rna-NM_000797.3-2	3	3	10	5	3	0
rna-NM_001293634.1-2	193	235	224	243	224	128
rna-NM_004420.2-2	162	126	148	148	238	242
rna-NM_001005922.1-2	1	0	1	0	0	2
rna-NM_001004325.1-2	2	3	2	5	0	3
rna-NM_181798.1-2	2	0	1	3	0	0
rna-NM_000076.2-2	799	163	210	585	378	181
rna-NM_007105.3-2	49	18	23	44	29	28
rna-NM_001315501.1-2	449	505	545	552	373	429
rna-NM_003311.3-2	601	403	236	567	663	259
rna-NM_005969.3-2	2067	2206	1748	1986	2089	1277
rna-NM_001014437.2-2	2332	1857	1802	2970	1834	2404
novel.1299.1	45	21	37	78	162	64
novel.1299.2	46	35	20	40	0	19
novel.1300.1	236	138	133	227	331	170
rna-NM_023920.2-2	0	0	0	0	1	0
rna-NM_001110213.1-2	0	2	0	1	2	2
rna-NM_176890.2-2	0	0	0	0	0	0
rna-NM_176887.2-2	0	0	0	0	0	0
rna-NM_176884.2-2	0	1	1	0	2	0
rna-NM_176886.2	0	1	0	1	1	2
rna-NM_001097643.1-2	0	1	0	0	0	0
rna-NM_007244.2-2	6	8	7	11	12	9
rna-NM_001291315.1-2	7	5	6	11	12	12
rna-NM_001316893.1-2	7	3	14	8	10	6
rna-NM_023922.1-2	1	1	2	1	2	1
rna-NM_176889.3-2	3	3	5	5	8	7
rna-NM_176888.2-2	1	1	0	2	1	2
rna-NM_176885.2-2	2	1	2	2	0	2
rna-NM_001271592.1-2	138	166	142	226	231	172
novel.1267.1	22	12	0	0	13	12
novel.1267.2	2	0	0	15	0	8
rna-NM_033276.3-2	66	101	70	74	33	48
novel.1297.1	21	34	50	44	32	26
rna-NM_145913.4-2	2	1	0	0	0	0
rna-NM_001135812.1-2	1657	3101	2160	1864	2394	3351
rna-NM_207437.3-2	6	11	15	6	3	9
rna-NM_001304958.1-2	248	384	456	356	239	491
rna-NM_016529.5-2	9	0	0	7	5	4
rna-NM_001286277.1-2	100	104	88	80	111	61
rna-NM_001128595.2-2	49	8	22	69	110	98
rna-NM_001275.3-2	0	0	0	2	3	0
rna-NM_001142593.2-2	1493	2470	1754	1888	1415	1745
rna-NM_022151.4-2	529	535	417	635	787	588
rna-NM_001098621.2-2	251	258	178	285	263	195
rna-NM_032490.4-2	307	304	218	353	330	321
rna-NM_175748.3-2	1020	1066	772	930	949	732
rna-NM_001002860.3-2	568	531	494	504	678	684
rna-NM_001202429.1-2	27	1	4	13	13	4
rna-NM_001351596.1-2	0	0	0	0	0	0
rna-NM_023112.3-2	243	57	87	320	288	272
rna-NM_020414.3-2	4178	4180	3159	3681	3595	3179
rna-NM_145249.2-2	257	264	211	377	175	197
rna-NM_001288954.1-2	9510	3382	2888	7674	6274	2030
rna-NM_032036.2-2	215	159	147	223	171	125
rna-NM_058237.1-2	96	14	24	76	230	113
rna-NM_001100607.2-2	2	0	0	0	9	0
rna-NM_001756.3-2	4	1	0	8	9	2
rna-NM_006220.2	1	0	0	0	1	0
rna-NM_001002235.2-2	614	61	191	1237	1684	1601
rna-NM_207355.3-2	0	0	0	0	0	0
novel.1271.1	8	7	5	4	13	16
novel.1272.1	58	35	18	26	128	6
rna-NM_001354372.1-2	196	356	208	165	267	133
rna-NM_001350920.1-3	1	0	0	0	1	1
rna-NM_001324119.2-2	969	2822	1922	990	890	1664
rna-NM_001350919.1-3	1	0	0	0	1	1
novel.1273.1	833	1614	1000	833	736	797
rna-NM_182985.4-2	29	29	35	27	12	70
rna-NM_032445.2-2	8	26	12	3	4	4
rna-NM_001322400.1	1	0	2	2	6	0
rna-NM_004048.2-2	41852	41213	47558	40193	33193	40269
rna-NM_020664.3-2	174	163	164	239	263	242
novel.1274.3	0	0	0	4	0	0
novel.1274.7	0	0	0	0	0	0
novel.1274.2	217	73	165	216	106	193
novel.1274.1	127	108	187	201	131	134
novel.1274.5	29	102	24	20	27	29
novel.1274.4	7	4	9	10	13	12
novel.1274.6	25	37	49	34	0	40
novel.1274.8	30	6	21	24	28	24
rna-XM_006725184.3	6	3	7	2	11	4
rna-NM_198181.3-2	44	34	65	21	70	53
novel.1275.1	3	141	219	179	96	217
novel.1275.2	164	98	0	0	37	42
novel.1275.3	74	3	23	141	77	14
rna-NM_001021.5-2	6998	10368	9787	7797	4535	6691
rna-NM_030594.4-2	106	39	29	93	119	29
rna-NM_014700.3-2	687	784	727	802	839	806
rna-NM_001009606.3-2	6	0	0	4	0	4
rna-NM_001318918.1-2	709	1494	1432	753	491	753
rna-NM_016069.10-2	155	251	184	257	174	206
rna-NM_001201479.1-2	5	12	12	5	7	8
rna-NM_024535.4-2	638	857	935	655	597	709
rna-NM_138440.2-2	1088	260	371	738	668	190
rna-NM_005147.5-2	1472	1625	1105	1809	1710	1307
rna-NM_001199054.1-2	408	63	85	532	669	415
rna-NM_001351994.1-2	360	59	102	498	521	273
rna-NM_001286267.1-2	777	685	619	1089	1087	847
rna-NM_002582.3-2	614	671	559	616	738	477
rna-NM_016561.2-2	1135	1474	1216	1165	1248	1069
rna-NM_001277323.1-2	24	17	30	42	43	30
novel.1276.1	0	0	0	0	73	0
novel.1276.4	0	0	0	61	0	5
novel.1276.7	0	16	0	0	0	0
novel.1276.10	0	0	0	0	0	14
novel.1276.9	0	37	41	0	111	100
novel.1276.11	0	0	0	0	0	0
novel.1276.2	76	4	0	7	20	7
novel.1276.3	106	139	236	270	179	381
novel.1276.5	10	10	14	108	101	2
novel.1276.6	174	0	0	73	0	0
novel.1276.8	4	1	2	3	2	2
rna-NM_018427.4-2	810	718	528	820	1207	859
novel.1282.1	0	0	0	0	62	390
rna-NM_173474.3-2	542	478	399	714	667	751
rna-XM_017030200.1	1763	1326	1058	1558	1977	1485
rna-XM_006725222.4	19	58	37	30	14	20
rna-XM_017030211.2	214	113	180	250	317	183
novel.1282.2	214	222	67	175	535	288
novel.1282.4	292	90	212	532	170	155
novel.1282.3	86	84	89	89	46	13
novel.1282.5	98	90	86	94	243	21
novel.1282.6	35	13	14	12	13	49
novel.1283.1	29	30	21	36	62	45
novel.1284.1	410	357	371	498	392	448
rna-NM_006985.3-2	121	87	123	143	159	135
rna-NM_001285449.1-2	593	292	280	478	651	452
rna-NM_001277325.1-2	78	42	66	89	99	73
rna-NM_001128423.1-2	0	0	0	0	0	0
rna-NM_014287.3-2	4367	5760	4865	4858	4041	6067
rna-NM_033201.2-2	330	324	351	504	638	844
rna-NM_001184998.1-2	556	887	868	697	617	919
rna-NM_001143979.1-2	548	681	459	682	666	432
rna-NM_001040114.1-2	14	9	8	18	14	20
rna-NM_001304499.1-2	527	650	636	562	485	417
rna-NM_004996.3-2	1645	2548	2882	1376	1393	1210
rna-NM_001171.5-2	44	10	6	28	41	18
novel.1277.3	0	0	0	0	10	0
novel.1277.8	0	0	3	0	0	0
novel.1277.1	404	215	211	496	240	146
novel.1277.2	39	32	60	43	0	14
novel.1277.4	7	145	1	18	87	292
novel.1277.5	61	153	77	0	270	96
novel.1277.6	22	1	1	1	6	0
novel.1277.7	67	89	158	129	1	104
novel.1277.9	37	0	0	29	0	12
novel.1278.1	29	23	20	23	21	35
rna-NM_001004067.3-2	3040	4301	3464	3157	2226	3675
novel.1279.2	0	11	0	108	0	57
novel.1279.1	113	56	77	70	155	108
novel.1279.3	147	3	18	55	172	9
novel.1280.1	55	6	29	61	121	44
novel.1281.1	82	5	14	108	123	71
rna-NM_001282507.1-2	91	63	81	93	84	94
rna-XM_017030236.2	0	0	0	2	0	1
rna-NM_001025195.1-2	0	0	0	2	0	1
rna-NM_006750.3-2	19	28	19	16	25	59
rna-NM_003585.4-2	1	0	0	0	2	0
rna-NM_032830.2-2	967	1320	907	1146	1233	970
rna-NM_001242780.1-2	0	0	0	1	0	0
rna-NM_001190411.1-2	149	173	153	300	229	233
rna-NM_022463.4-2	53	36	29	51	48	29
rna-NM_013337.3-2	522	524	419	800	699	736
rna-NM_021962.4-2	1894	2194	2011	2159	2347	1791
rna-NM_016823.3-2	2183	2401	2065	2019	2289	2568
rna-NM_006761.4-2	10425	17272	13019	13850	12016	14267
rna-NM_001321364.1-2	393	316	348	402	365	217
rna-NM_000934.3-2	23	90	85	32	25	20
rna-NM_024302.4-2	16	29	38	30	10	19
novel.1285.3	0	0	1	0	6	0
rna-NM_003693.3-2	11	5	5	23	20	10
rna-NM_031430.2-2	206	122	145	234	276	126
rna-NM_006445.3-2	7514	10947	7159	6512	7522	4479
rna-NM_001164407.1-2	124	45	75	144	158	123
novel.1285.1	58	26	54	48	350	46
novel.1285.2	4	3	8	13	28	49
rna-NM_001163809.1-2	978	530	638	1206	1290	939
rna-NM_152781.3-2	1	0	0	1	1	0
rna-NM_001278736.1-2	196	33	39	151	175	65
rna-NM_139215.2-2	1527	2600	2163	1842	2092	1461
rna-NM_145654.3-2	35	22	12	50	26	10
rna-NM_032962.4-2	1	0	0	5	6	3
rna-NM_032965.5-2	2	0	0	1	0	0
rna-NM_002988.3-2	3	0	0	3	0	0
rna-NM_002983.2-2	4	0	1	5	0	0
rna-NM_002984.3-2	26	0	3	30	42	26
rna-NM_001001417.6-2	5	5	6	5	9	4
rna-NM_001001437.3-2	1	1	0	2	0	1
rna-NM_001291463.1-2	13	13	18	13	20	12
rna-NM_001291462.1-2	7	4	10	6	12	5
rna-NM_001123392.3-2	12	11	18	11	21	11
rna-NM_032258.4-2	6	6	10	12	17	9
rna-NM_001355571.1-2	2	2	2	1	3	2
rna-NM_004773.3-2	492	363	264	504	584	407
rna-NM_001163735.1-2	1554	943	590	1547	1895	624
rna-NM_178517.4-2	301	215	142	283	547	160
rna-NM_024835.4-2	886	733	699	744	1031	728
rna-NM_024308.3-2	97	228	151	93	85	31
rna-NM_024864.4-2	98	93	75	204	167	84
novel.1286.1	54	43	49	149	203	234
rna-NM_005568.4-2	14	16	18	30	60	32
rna-NM_012138.3-2	984	1055	816	1212	1282	1012
rna-NM_173625.4-2	0	0	1	3	0	0
rna-NM_198834.2-2	973	3408	2279	913	1111	1457
rna-NM_001166105.2-2	73	89	58	80	112	45
rna-NM_007026.3-2	1284	684	568	1201	1564	1322
rna-NM_007247.5-2	720	607	545	547	981	641
rna-NM_007010.4-2	775	509	393	664	1128	530
rna-NM_000458.3-2	184	21	56	180	324	215
rna-NM_001291466.1-2	29	40	49	21	20	23
rna-NM_001123391.3-2	21	18	27	11	12	11
novel.1287.2	0	0	0	0	0	104
novel.1287.1	95	197	123	70	62	8
rna-NM_032351.5-2	986	1189	1077	1258	1194	1216
rna-NM_014598.3-2	363	561	616	449	363	685
rna-NM_001199417.1-2	2009	1527	1387	1818	1423	983
rna-NM_025248.2-2	79	143	182	88	28	87
rna-NM_001130677.1-2	602	594	488	652	788	470
rna-XM_017030220.1	22	33	40	32	45	31
rna-NM_005937.3-2	1782	1280	1221	1784	2067	1260
rna-NM_001136498.1-2	561	721	724	820	619	493
rna-NM_007144.2-2	1283	1168	1002	1635	1423	1540
rna-NM_002795.3-2	2400	2136	1753	2843	2724	1912
rna-NM_003559.4-2	1661	1807	1565	1972	2337	2284
rna-NM_017748.4-2	331	215	164	324	454	272
rna-NM_213656.3-2	0	0	0	4	4	0
rna-NM_031957.1-2	2	0	0	0	0	0
rna-NM_001165252.1-2	4	3	2	8	3	0
rna-NM_033184.3-2	1	0	0	2	2	0
rna-XM_003403882.5	32	5	7	17	22	1
rna-NM_021013.3-2	26	5	6	14	18	0
rna-NM_001282290.1-2	214	88	84	266	339	157
rna-NM_014798.2-2	828	264	331	764	848	529
rna-NM_001006607.2-2	51	29	28	36	71	25
novel.1252.1	29	11	10	18	71	23
rna-XM_011546387.2	49	23	16	53	62	46
rna-XM_017030177.2	1	1	1	1	5	1
rna-NM_014834.4-2	44	24	22	29	63	29
rna-NM_001007532.2-2	0	0	0	0	0	0
rna-NM_001123066.3-2	107	252	240	114	58	96
rna-NM_015443.3-2	546	147	151	441	669	273
rna-NM_001145146.1-2	0	0	0	0	0	0
rna-NM_001303016.1-2	53	26	22	42	31	23
rna-XM_003846538.3	6	8	8	9	0	7
rna-XM_017030179.2	34	8	11	20	42	23
rna-NM_006178.3-2	689	680	558	736	983	715
rna-NM_030753.4-2	29	29	22	36	52	22
novel.1298.1	11	26	10	9	11	10
rna-NM_001004431.2-2	1254	739	643	954	830	362
rna-NM_001009905.2-2	88	59	37	96	77	42
rna-NM_005993.4-2	481	281	285	408	427	238
rna-XM_011546764.2	1	1	2	0	2	0
rna-NM_001039535.2-2	219	106	45	198	257	56
rna-NM_171999.3-2	11	49	44	25	0	167
rna-NM_032160.2-2	388	84	127	622	1378	1475
rna-NM_004715.4-2	346	276	250	385	538	494
rna-NM_001700.4-2	2	0	1	1	2	1
rna-NM_002777.3-2	51	196	160	42	11	40
rna-NM_001972.3-2	1	17	20	0	0	1
rna-NM_001317335.1-2	133	29	57	242	213	169
rna-NM_005481.2-2	615	208	251	608	565	195
rna-NM_014963.2-2	2186	1357	1337	1863	2263	1366
rna-NM_001355197.1-2	3	0	2	3	15	4
rna-NM_001256171.1-2	15	56	31	15	30	16
rna-NM_025189.3-2	4	3	11	4	7	7
rna-NM_173531.3-2	32	86	63	34	89	31
rna-NM_001256649.1-2	13	28	27	9	43	14
rna-NM_014686.3-2	71	81	43	75	86	63
rna-NM_014686.3-3	330	260	245	251	376	227
rna-NM_001114093.1-2	1729	1790	1560	1612	2233	1667
rna-NM_001289789.1-2	1610	5819	4802	1559	1247	1817
rna-NM_198481.3-2	2	0	1	3	3	2
rna-NM_206818.2-2	6	2	3	6	9	11
rna-NM_004542.3-2	67	165	147	93	54	81
rna-NM_013342.3-2	64	57	59	89	66	51
rna-NM_015629.3-2	250	457	378	298	249	260
rna-NM_014516.3-2	201	254	211	230	181	200
rna-NM_024316.2-2	59	43	37	72	54	43
rna-NM_001145303.2-2	1	1	2	3	2	2
rna-NM_024298.4-2	714	1051	1009	1000	660	945
rna-NM_001282333.1-2	474	785	657	585	417	380
rna-NM_001321701.1-2	1773	1943	1835	2232	1228	1365
rna-XM_011547050.2	2	1	0	3	2	0
rna-XM_024452525.1	7	0	0	1	1	0
rna-NM_001005367.2-2	85	656	624	101	3	208
rna-NM_052925.3-2	167	227	265	159	237	90
rna-NM_001301782.1-2	92	115	101	79	48	41
rna-NM_145057.3-2	75	31	37	68	24	31
rna-NM_001174081.2-2	0	0	0	0	0	0
rna-NM_001083899.2-2	1	1	0	0	1	0
rna-NM_001145971.1-2	33	39	30	29	24	15
rna-NM_133180.2-2	6	1	1	4	4	2
rna-NM_001794.4-2	854	3032	2767	1227	127	2361
rna-NM_003185.3-2	508	358	330	407	588	318
rna-XM_011546890.2	1	1	3	1	12	2
rna-NM_172107.3-2	19	2	6	8	2	0
rna-NM_001318853.1-2	58	43	65	105	98	142
rna-NM_005286.2-2	0	0	1	0	0	0
rna-NM_004535.2-2	142	41	48	142	118	92
rna-NM_018257.2-2	338	382	407	343	567	466
rna-NM_001130914.1-2	324	178	148	298	426	162
rna-NM_016631.3-2	10	9	7	8	19	17
rna-NM_001162496.2-2	2	0	2	2	0	0
rna-NM_001329128.1-2	1387	735	724	1416	1828	1056
rna-NM_006134.6-2	646	469	557	772	761	603
rna-NM_001320746.2-2	32	7	17	38	60	18
rna-NM_001136005.1-2	695	647	465	670	761	438
rna-NM_001320412.1-2	0	0	0	3	0	3
rna-NM_001350598.1-2	2	1	0	0	0	0
rna-NM_001142854.1-2	715	973	969	765	348	459
rna-NM_001145437.1-2	3179	7745	7815	3649	2809	3255
rna-NM_080764.3-2	122	83	66	93	136	15
rna-NM_001331041.1-2	1	0	0	0	2	0
rna-NM_001301339.1-2	183	23	36	285	220	137
rna-NM_005940.4-2	69	22	29	64	33	41
rna-NM_001317946.1-2	1283	1647	1160	1853	1690	1492
rna-NM_001135751.1-2	85	93	45	71	64	33
rna-NM_001144931.2	3	7	6	0	3	0
rna-NM_000853.3	270	635	619	391	141	291
rna-XM_011546919.1	0	0	0	0	0	0
rna-NM_001282864.1-2	246	86	120	266	359	230
rna-NM_002415.1-2	3086	386	778	4529	5046	3188
rna-NM_001080843.3-2	47	23	22	56	56	35
rna-NM_001084393.1-2	167	163	173	232	245	173
rna-NM_001355.3-2	684	814	779	818	796	604
rna-NM_000854.4	50	23	22	64	90	53
rna-NM_001349991.1-2	1582	1596	1448	1382	1490	1037
rna-NM_001193289.1	15	5	1	10	9	4
rna-NM_033318.4-2	210	273	286	273	176	220
rna-NM_002490.4-3	233	307	257	319	272	275
rna-NM_013239.4-3	58	58	35	74	49	62
rna-NM_005650.3-7	339	254	188	294	399	232
rna-NM_018406.6-2	0	0	1	1	1	0
rna-NM_152673.3	5	5	4	6	7	12
rna-NM_004477.2-4	169	226	144	199	171	131
rna-NM_001286820.1-4	2	0	0	1	3	1
rna-XM_017030249.2	29	22	20	16	29	24
rna-NM_022978.2-2	108	121	100	164	146	133
rna-NM_017411.3-2	514	623	504	549	617	437
rna-NM_021967.2-3	92	102	80	134	128	106
rna-NM_000344.3-3	577	678	488	575	635	443
rna-NM_004536.2-3	28	27	36	12	80	24
rna-NM_001515.3-2	200	186	153	209	301	123
rna-XM_024452530.1	1	0	2	3	2	1
rna-XM_017030248.1	1	0	2	1	1	1
rna-NM_018429.2-3	248	206	244	126	519	187
rna-NM_022132.4-3	72	192	114	91	72	78
novel.1288.1	197	453	294	223	186	171
rna-NM_052923.1-2	61	60	69	54	110	58
rna-NM_006510.4-3	805	471	405	808	862	581
novel.1220.1	29	1	0	18	34	8
rna-NM_001010877.3-3	11	4	5	15	13	2
rna-NM_030903.3-3	1	0	0	0	0	0
rna-NM_006398.3-3	6	1	2	5	5	2
rna-NM_007160.3-3	2	0	0	1	1	1
rna-NM_001470.3-3	82	53	49	66	66	38
rna-NM_001109809.2-3	0	0	1	1	0	0
rna-NM_001098479.1-2	466	245	231	363	322	169
rna-NM_002127.5-3	2	0	0	0	0	0
rna-XM_017030247.1	327	234	165	462	407	359
novel.1221.1	2	1	0	3	11	10
rna-NM_170783.3-3	52	59	48	60	52	37
rna-NM_001242758.1-2	4452	665	1664	7855	11091	8784
rna-NM_021959.2-3	279	466	380	450	371	356
rna-NM_025236.3-3	4	16	13	14	8	17
rna-NM_007028.4-3	0	0	0	0	0	0
rna-NM_001242783.1-3	460	228	172	448	505	193
rna-NM_021253.3-3	137	111	82	149	161	146
rna-NM_001199119.1-3	62	16	10	69	66	38
rna-NM_001199120.1-3	40	38	32	61	38	32
rna-NM_005275.3-3	920	723	688	1118	914	897
rna-NM_025263.3-2	99	128	93	126	109	85
rna-NM_005516.5-2	6481	3491	3606	6459	6028	4819
rna-NM_001025091.1-2	843	925	661	981	913	905
rna-NM_002714.3-2	821	535	440	958	1129	1163
rna-NM_014046.3-2	532	479	384	605	560	280
rna-NM_001031722.3-2	19	41	33	22	15	17
rna-NM_001161376.1-2	71	51	45	78	87	52
rna-NM_003587.4-3	428	356	287	428	384	311
rna-NM_133471.3-3	1299	666	580	1294	1145	780
rna-NM_001270707.1-3	189	231	159	169	100	89
rna-NM_014641.2-3	228	230	150	260	280	176
novel.1222.1	343	573	296	348	281	173
rna-NM_001293212.1-3	7509	14497	8194	7650	5490	4203
rna-NM_005803.3-3	1881	1980	1568	2880	1407	3395
rna-NM_003897.3-2	4835	408	690	5694	7908	5114
rna-NM_013994.2-3	2425	3918	3427	2730	2339	3486
rna-NM_001517.4-2	207	207	178	244	207	190
rna-NM_001167734.1-2	179	139	129	311	257	140
rna-NM_014070.2-2	880	4160	2190	1211	1	1195
rna-NM_014068.2-2	8	4	4	6	5	1
rna-NM_001264.4-2	1	3	2	3	2	2
rna-NM_014069.2-2	2	3	3	0	3	1
rna-NM_001105564.1-2	179	85	76	150	171	52
rna-NM_001318908.1-2	960	347	275	901	1019	260
rna-NM_002701.5-2	8	1	2	9	19	0
rna-NM_001243042.1	376	43	65	330	234	63
rna-NM_005514.7-2	3226	371	443	2497	1738	431
rna-NM_001177519.2-2	397	57	61	315	398	73
novel.1223.1	328	46	46	175	75	18
rna-NM_005931.4-3	950	101	123	696	823	239
rna-NM_001011700.2-3	0	0	0	0	0	0
rna-NM_080598.5-3	679	857	675	945	883	756
rna-NM_130463.3-2	7	12	15	10	8	6
rna-NM_005007.3-2	267	236	203	376	228	232
rna-NM_001159740.2-2	0	1	1	1	1	1
rna-NM_000594.3-3	52	5	15	87	248	136
rna-NM_002341.1-3	43	4	9	58	67	66
rna-NM_007161.3-3	1	1	1	2	2	1
rna-NM_147130.2-3	1	0	0	1	1	0
rna-NM_004638.3-2	2500	3524	2600	2786	2887	2796
rna-NM_004639.3-2	1487	1728	1559	1728	1514	1401
rna-NM_019101.2-2	5	10	9	5	4	5
rna-NM_021184.3-2	233	207	167	317	276	205
rna-NM_001199237.1-2	240	169	137	270	276	170
rna-NM_001320.6-2	1072	994	848	1240	1046	892
rna-NM_021221.2-2	11	2	5	8	20	5
rna-NM_025262.3-2	2	1	1	2	2	2
rna-NM_021160.2-2	119	160	113	133	123	95
rna-NM_001003693.2-2	0	0	0	0	0	0
rna-NM_021246.2-2	0	0	0	0	0	0
rna-NM_001353334.1-2	1	0	0	0	1	1
rna-NM_013974.2-2	321	189	216	369	307	208
rna-NM_172165.3-3	20	22	14	23	16	8
rna-NM_001039651.1-3	8	4	4	9	8	4
rna-NM_001287593.1-2	1921	1810	1529	2098	1861	1167
rna-NM_025258.2-3	4	2	4	7	7	4
rna-NM_006295.2-3	1242	1854	1369	1424	1219	846
rna-NM_005527.3-3	25	7	8	32	59	36
rna-NM_021177.4-3	273	316	248	336	253	191
rna-NM_001287484.1-3	944	617	604	888	460	861
rna-NM_005345.5-3	2069	494	691	2426	3349	2223
rna-NM_005346.4-3	2035	693	815	2233	2742	1902
rna-NM_025257.2-3	5	1	1	6	2	2
rna-NM_000434.3-3	748	311	315	752	864	552
rna-NM_001289413.1-3	570	612	604	648	570	543
rna-NM_181842.2-2	74	103	94	107	73	133
rna-NM_000063.5-2	8	3	4	7	8	9
rna-NM_001002029.3-2	65	21	28	35	25	11
rna-NM_001710.5-2	468	81	120	582	744	543
rna-NM_002904.5-2	634	634	542	805	747	529
rna-NM_006929.4-2	317	431	405	400	427	278
rna-NM_005510.3-2	101	90	84	155	131	151
rna-NM_032454.1-2	59	44	53	57	59	44
rna-NM_000500.7-2	1	2	2	1	2	1
rna-NM_019105.6-3	46	22	38	52	54	55
rna-NM_004381.4-2	760	797	758	783	834	527
rna-NM_022110.3-2	284	145	137	307	277	269
rna-NM_030651.3-3	16	5	6	19	17	21
rna-NM_138717.2-3	238	143	146	286	363	353
rna-NM_030652.3-3	11	5	7	6	19	10
rna-NM_032741.4-3	557	780	673	661	485	485
rna-NM_006913.3-3	588	527	456	715	500	538
rna-NM_001206929.1-3	12	4	7	7	13	5
rna-NM_002586.4-3	338	287	270	358	388	225
rna-NM_022107.2-3	56	34	25	62	47	16
rna-NM_004557.3-3	12	6	7	8	12	8
rna-NM_001243965.1	1	2	2	0	2	0
rna-NM_002120.3-3	1	1	0	0	1	1
rna-NM_000544.3-3	1828	840	705	1530	2051	937
rna-NM_002118.4-3	6	1	1	8	3	6
rna-NM_006120.3-3	65	8	16	54	31	17
rna-NM_148919.3-3	787	425	385	846	754	444
rna-NM_000593.5-3	2457	1064	991	2162	2168	1354
rna-NM_002800.4-3	815	383	305	651	637	192
rna-NM_001199455.1-2	1347	850	750	1510	1951	1846
rna-NM_002119.3-2	8	1	1	4	3	1
rna-NM_001242525.1-3	25	4	4	20	24	5
rna-NM_002121.5-3	135	18	10	83	67	16
rna-NM_080680.2-2	16	4	4	29	17	4
rna-NM_014234.4-2	17	4	4	10	13	1
rna-NM_001270401.1-2	516	447	448	551	457	313
rna-NM_006979.2-2	2513	1515	1536	2599	2191	1777
rna-NM_002931.3-2	396	358	320	494	431	247
rna-NM_020223.3-3	89	203	132	75	58	53
rna-NM_001242837.1-2	879	903	907	1068	901	1042
rna-NM_004420.2-3	151	137	159	138	201	226
rna-NM_001005922.1-3	1	0	1	0	0	2
rna-NM_001004325.1-3	4	4	2	5	0	3
rna-NM_001170820.3-2	67	56	79	137	48	161
rna-NM_023920.2-3	0	0	0	0	1	0
rna-NM_001110213.1-3	0	2	0	1	2	2
rna-NM_176890.2-3	0	0	0	0	0	0
rna-NM_176887.2-3	0	0	0	0	0	0
rna-NM_001097643.1-3	0	0	0	0	0	0
rna-NM_007244.2-3	7	12	10	12	13	11
rna-NM_001291315.1-3	15	11	12	22	40	52
rna-NM_001316893.1-3	26	24	34	29	25	26
rna-NM_023922.1-3	1	1	1	1	2	1
rna-NM_176889.3-3	8	4	10	12	10	17
rna-NM_176888.2-3	2	1	1	0	1	1
rna-NM_176885.2-3	2	1	0	0	6	2
rna-XM_003960991.5	1	5	2	3	1	2
rna-NM_001271592.1-3	407	443	356	511	663	381
rna-NM_001354378.1-3	2	8	3	4	4	2
rna-NM_004667.5-3	406	747	577	386	580	509
rna-NM_001350920.1-4	1	0	0	0	1	1
rna-NM_001350919.1-4	1	0	0	0	1	1
rna-NM_022553.5-2	214	419	344	302	333	228
rna-NM_022551.2-2	9486	12661	12611	11151	6177	8341
rna-NM_003782.3-2	9	4	9	13	22	11
rna-NM_005452.5-2	1024	702	597	1142	983	597
rna-NM_014260.3-2	275	271	215	217	248	115
rna-NM_004761.4-2	657	533	541	722	646	509
rna-NM_172208.2-2	830	723	835	1171	1538	1262
rna-NM_001145338.1-2	201	347	312	313	223	286
rna-NM_001141970.1-2	1214	742	727	1227	1247	961
novel.1289.1	29	20	29	25	109	55
rna-NM_001353790.1-3	714	2190	2094	640	158	912
rna-NM_015307.1-3	17	74	53	16	1	24
rna-NM_138704.3-3	366	376	346	456	348	330
rna-NM_001301025.2-3	620	535	510	492	976	552
rna-NM_001282472.1-4	2	0	0	1	2	0
rna-NM_001355469.1-3	1	0	0	0	0	0
rna-NM_139320.1-3	14	6	9	22	22	23
rna-NM_001355476.1-3	1	2	1	0	1	1
rna-NM_001282484.1-3	3	4	3	3	5	2
rna-NM_001282490.1-4	5	2	1	4	9	3
rna-NM_001039841.2-4	7	7	5	11	15	3
rna-NM_014967.4-3	285	504	417	268	259	385
rna-NM_017762.2-3	278	520	652	365	171	868
rna-NM_015995.3-3	541	939	1338	656	492	744
rna-NM_130901.2-3	9	6	7	7	12	17
rna-XM_011547451.2	0	0	0	0	0	0
rna-NM_001190455.2-4	10	3	6	14	18	18
rna-NM_001282494.1-4	6	2	3	4	4	0
rna-NM_014783.5-4	212	167	91	120	208	44
rna-NM_001144757.2-4	2	1	0	3	2	0
rna-NM_013372.6-4	2630	355	442	1663	1572	307
rna-NM_001277313.1-4	92	18	21	33	52	10
rna-NM_001242780.1-3	0	0	0	1	0	0
rna-NM_001190412.1-3	29	13	12	23	28	17
rna-NM_022463.4-3	53	37	29	51	49	29
rna-NM_013337.3-3	531	529	421	805	711	743
rna-NM_001092.4-3	1985	2289	2049	2297	2534	1894
rna-NM_002988.3-3	3	0	0	0	0	0
rna-NM_002983.2-3	5	0	1	5	0	0
rna-NM_002984.3-3	119	7	8	119	174	104
rna-NM_001001417.6-3	1	2	1	1	5	2
rna-NM_001001437.3-3	1	3	0	3	0	1
rna-XM_005257981.3	4	4	4	3	8	4
rna-NM_021006.5	2	3	7	3	0	3
rna-NM_001291463.1-3	5	4	8	5	9	6
rna-NM_001282290.1-3	170	75	74	172	253	128
rna-NM_001007532.2-3	0	0	0	0	0	0
rna-NM_001123066.3-3	262	1038	952	295	153	346
rna-NM_015443.3-3	465	378	322	500	691	563
rna-NM_001006607.2-3	35	57	32	29	58	40
rna-NM_001113738.1-2	52	63	44	59	103	66
rna-NM_001145146.1-3	0	0	1	0	0	0
rna-NM_014798.2-3	806	373	451	866	972	773
rna-NM_001303016.1-3	36	63	51	39	26	28
rna-NM_006178.3-3	684	753	608	703	950	796
rna-NM_030753.4-3	31	36	22	38	57	26
rna-NM_171999.3-3	4	30	24	9	0	104
rna-NM_198481.3-3	2	0	1	3	3	2
rna-NM_206818.2-3	6	2	3	6	9	11
rna-NM_004542.3-3	67	165	147	93	54	81
rna-NM_013342.3-3	64	57	59	88	66	51
rna-NM_015629.3-3	249	457	378	299	247	260
rna-NM_014516.3-3	196	251	209	224	180	200
rna-NM_024316.2-3	56	38	33	69	50	41
rna-NM_001145303.2-3	1	1	2	3	2	2
rna-NM_024298.4-3	558	814	787	800	507	762
rna-NM_001282333.1-3	176	295	272	231	171	158
rna-XM_017030292.1	1	1	0	1	1	0
rna-NM_001321701.1-3	1535	2765	2679	2109	1032	1821
rna-NM_133180.2-3	6	1	1	4	4	2
rna-NM_001174081.2-3	0	0	0	0	0	0
rna-NM_001083899.2-3	1	1	0	0	1	0
rna-NM_001145971.1-3	33	39	30	29	24	14
rna-NM_033318.4-3	190	249	259	248	160	201
rna-NM_002490.4-4	232	304	255	315	271	272
rna-NM_000106.5-5	1	0	1	1	0	1
rna-NM_013239.4-4	203	204	119	246	156	165
rna-NM_018406.6-3	0	2	1	1	2	0
rna-NM_001282506.1-3	1	1	2	2	1	4
rna-NM_001010877.3-4	11	4	5	15	13	2
rna-NM_030903.3-4	1	0	0	0	0	0
rna-NM_006398.3-4	14	3	3	8	14	5
rna-NM_007160.3-4	2	0	0	1	1	1
rna-NM_001470.3-4	82	52	48	66	67	42
rna-NM_001109809.2-4	0	0	1	1	0	0
rna-NM_001098479.1-3	483	253	235	383	343	168
rna-NM_002127.5-4	0	0	0	0	0	0
novel.1235.1	7	25	44	25	2	57
rna-NM_170783.3-4	83	91	71	99	74	55
rna-NM_021959.2-4	279	465	380	450	371	356
rna-NM_025236.3-4	7	20	17	17	8	21
rna-NM_007028.4-4	0	0	0	0	0	0
rna-XM_024452535.1	21449	76385	69116	27224	135	41388
rna-NM_001242783.1-4	474	257	215	512	600	280
rna-NM_021253.3-4	143	112	84	155	157	136
rna-NM_001199119.1-4	31	10	5	36	79	84
rna-NM_001199120.1-4	22	10	19	44	51	38
rna-NM_005275.3-4	804	619	594	962	830	782
rna-NM_025263.3-3	99	128	93	127	109	85
rna-NM_005516.5-3	6917	3697	3834	6867	6477	5187
rna-NM_001025091.1-3	813	892	641	938	876	870
rna-NM_002714.3-3	919	615	517	1082	1268	1306
rna-NM_014046.3-3	490	431	340	538	497	255
rna-NM_001031722.3-3	19	39	32	22	15	16
rna-NM_001161376.1-3	72	51	45	80	89	53
rna-NM_003587.4-4	430	355	289	427	386	312
rna-NM_133471.3-4	1313	648	592	1335	1343	912
rna-NM_001270707.1-4	189	231	159	169	100	89
rna-NM_014641.2-4	221	224	148	263	282	187
novel.1236.1	342	572	295	348	281	174
rna-NM_001293212.1-4	7376	10291	6049	7401	5664	3878
novel.1237.1	14	29	29	18	15	27
rna-NM_005803.3-4	1948	2025	1614	2957	1464	3483
rna-NM_003897.3-3	4540	384	631	5320	7435	4770
rna-NM_013994.2-4	1397	2469	2208	1603	1314	2149
rna-NM_001517.4-3	134	119	113	160	137	121
rna-NM_001167734.1-3	138	138	117	215	183	127
rna-NM_014070.2-3	114	595	307	148	0	186
rna-NM_014068.2-3	6	5	5	5	4	1
rna-NM_001264.4-3	5	11	10	11	4	5
rna-NM_014069.2-3	2	3	3	0	4	1
rna-NM_001105564.1-3	185	88	76	161	178	58
rna-NM_001318908.1-3	1017	389	291	951	1086	265
rna-NM_002701.5-3	8	1	2	9	19	0
rna-NM_002117.5-2	8324	3089	3262	6616	5591	3010
novel.1238.1	291	16	31	147	283	51
rna-NM_005931.4-4	869	111	119	620	772	229
rna-NM_001011700.2-4	0	0	0	0	0	0
rna-NM_080598.5-4	691	868	678	945	879	767
rna-NM_130463.3-3	9	18	17	10	9	8
rna-NM_005007.3-3	261	231	201	371	223	228
rna-NM_001159740.2-3	0	1	1	2	2	1
rna-NM_000594.3-4	66	5	20	93	272	147
rna-NM_002341.1-4	55	6	8	83	78	74
rna-NM_007161.3-4	1	1	1	1	1	0
rna-NM_147130.2-4	1	0	0	1	1	0
rna-NM_004638.3-3	3029	2687	1971	2976	3185	2229
rna-NM_004639.3-3	1586	1557	1387	1753	1573	1290
rna-NM_019101.2-3	5	10	10	5	4	5
rna-NM_021184.3-3	181	186	144	247	224	168
rna-NM_001199237.1-3	250	97	85	274	267	124
rna-NM_001320.6-3	1091	1017	866	1253	1069	913
rna-NM_021221.2-3	9	2	5	8	18	5
rna-NM_025262.3-3	2	1	1	2	2	2
rna-NM_021160.2-3	130	164	117	136	125	97
rna-NM_013974.2-3	323	189	219	371	305	209
rna-NM_001287593.1-3	1952	1840	1549	2137	1894	1188
rna-NM_172165.3-4	19	24	17	17	17	8
rna-NM_001039651.1-4	2	3	2	4	3	2
rna-NM_025258.2-4	7	5	4	10	9	5
rna-NM_006295.2-4	1142	1711	1293	1343	1140	787
rna-NM_021177.4-4	253	302	231	311	233	182
rna-NM_005527.3-4	20	4	6	25	51	31
rna-NM_001287484.1-4	1067	685	766	1176	655	883
rna-NM_005345.5-4	2009	478	586	2046	2596	1542
rna-NM_005346.4-4	2330	643	723	2327	2848	1614
rna-NM_000434.3-4	979	388	417	970	1102	696
rna-NM_025257.2-4	5	1	1	6	2	2
rna-NM_001289413.1-4	575	615	609	655	573	548
rna-NM_181842.2-3	74	103	94	107	73	133
rna-NM_000063.5-3	8	3	4	7	8	9
rna-NM_001002029.3-3	82	31	41	56	38	18
rna-NM_001710.5-3	462	79	120	578	744	535
rna-NM_002904.5-3	635	632	544	804	749	530
rna-NM_006929.4-3	366	495	468	457	473	313
rna-NM_005510.3-3	69	62	58	100	88	97
rna-NM_032454.1-3	60	50	58	64	64	47
rna-NM_007293.2-2	79	32	43	48	37	18
rna-NM_000500.7-3	2	2	2	0	1	0
rna-NM_019105.6-4	43	18	30	41	38	41
rna-NM_004381.4-3	738	715	677	769	801	494
rna-NM_022110.3-3	159	88	82	184	161	147
rna-NM_030651.3-4	11	5	6	19	15	17
rna-NM_138717.2-4	50	27	28	53	75	76
rna-NM_001359193.1	2	0	0	0	0	0
rna-NM_002120.3-4	1	0	0	2	1	1
rna-NM_000544.3-4	998	565	496	859	1123	613
rna-NM_002118.4-4	13	4	3	22	8	12
rna-NM_001199455.1-3	1006	499	501	999	1175	950
rna-NM_006120.3-4	142	31	29	165	108	18
rna-NM_002119.3-3	9	2	3	10	3	2
rna-NM_001242525.1-4	26	5	4	20	22	3
rna-NM_002121.5-4	65	7	14	61	55	15
rna-NM_148919.3-4	851	957	745	938	662	565
rna-NM_000593.5-4	2573	1331	1195	2235	2188	1492
rna-NM_002800.4-4	803	370	300	616	612	184
rna-NM_080680.2-3	22	7	7	29	22	4
rna-NM_014234.4-3	16	4	4	10	13	1
rna-NM_001270401.1-3	270	174	195	311	426	311
rna-NM_006979.2-3	2316	1373	1398	2410	2000	1641
rna-NM_002931.3-3	396	359	320	496	432	248
novel.1290.1	118	322	282	157	76	149
rna-NM_018941.3-2	381	351	374	321	347	412
rna-NM_001242837.1-3	918	875	820	1045	946	954
rna-NM_001323425.1-3	0	0	1	3	2	0
rna-NM_002457.4-3	8	1	0	4	5	0
rna-NM_198481.3-4	2	0	1	3	3	2
rna-NM_001330650.1-4	0	0	0	0	0	0
rna-NM_206818.2-4	6	2	3	6	9	11
rna-NM_004542.3-4	67	165	148	93	54	80
rna-NM_013342.3-4	66	59	61	90	67	53
rna-NM_015629.3-4	251	464	385	301	251	265
rna-NM_022553.5-3	218	414	347	299	332	227
rna-NM_022551.2-3	9119	12211	12183	10746	5975	8087
rna-NM_003782.3-3	9	4	8	13	22	11
rna-NM_005452.5-3	1021	701	593	1139	972	592
rna-NM_014260.3-3	275	271	213	216	247	115
rna-NM_004761.4-3	658	533	539	725	650	511
rna-NM_172208.2-3	842	735	845	1182	1543	1267
rna-NM_001145338.1-3	199	343	308	312	222	283
rna-NM_001141970.1-3	1291	794	775	1287	1304	1038
rna-NM_014516.3-4	201	251	211	226	181	200
rna-NM_024316.2-4	56	38	33	71	50	41
rna-NM_001145303.2-4	1	1	2	3	2	2
rna-NM_024298.4-4	563	822	796	811	514	769
rna-NM_001282333.1-4	176	294	272	232	171	158
rna-XM_024452538.1	1	1	0	1	1	0
rna-NM_001321701.1-4	1534	2763	2672	2106	1018	1820
rna-NM_001174081.2-4	0	0	0	0	0	0
rna-NM_001083899.2-4	1	1	0	0	1	0
rna-NM_001145971.1-4	33	40	30	29	24	14
rna-NM_133180.2-4	6	1	1	4	4	2
rna-NM_000106.5-6	1	0	2	0	1	0
rna-XM_011547756.3	3	4	5	5	5	6
rna-NM_033318.4-4	193	252	259	249	160	201
rna-NM_002490.4-5	233	306	255	319	270	273
rna-NM_005650.3-8	339	254	188	295	400	232
rna-NM_018406.6-4	0	1	1	1	1	0
rna-NM_152673.3-2	5	5	4	6	7	10
rna-NM_006510.4-4	172	86	69	175	192	122
rna-NM_001010877.3-5	11	4	5	15	13	2
rna-NM_030903.3-5	1	0	0	0	0	0
rna-NM_006398.3-5	26	2	2	15	24	5
rna-NM_007160.3-5	2	0	0	1	1	1
rna-NM_001470.3-5	162	47	43	168	136	56
rna-NM_001109809.2-5	0	0	1	1	0	0
rna-NM_001098479.1-4	465	245	231	362	322	169
rna-NM_002127.5-5	0	0	0	0	0	0
rna-NM_170783.3-5	82	90	71	97	73	54
rna-NM_021959.2-5	401	394	335	518	484	319
rna-NM_025236.3-5	7	27	25	19	6	26
rna-NM_007028.4-5	0	0	0	0	0	0
rna-NM_001242783.1-5	555	279	241	545	631	245
rna-NM_021253.3-5	239	111	90	225	251	162
rna-NM_001199119.1-5	178	21	25	162	177	47
rna-NM_001199120.1-5	49	30	38	69	51	30
rna-XM_024452541.1	49896	5062	6377	39294	20690	5953
rna-NM_005275.3-5	925	876	809	1061	848	826
rna-NM_025263.3-4	97	69	53	115	109	52
rna-NM_005516.5-4	6985	3228	3294	6618	5711	3890
rna-NM_001025091.1-4	852	729	526	940	897	731
rna-NM_002714.3-4	841	547	456	984	1161	1189
rna-NM_014046.3-4	493	433	340	541	500	257
rna-NM_001031722.3-4	20	39	34	22	15	15
rna-NM_001161376.1-4	83	56	47	89	89	58
rna-NM_003587.4-5	432	353	287	426	386	312
rna-NM_133471.3-5	1403	718	609	1377	1265	847
rna-NM_001270707.1-5	191	233	159	169	101	89
rna-NM_014641.2-5	223	225	146	251	273	171
novel.1239.1	342	573	296	348	281	175
rna-NM_001293212.1-5	7338	10264	6029	7350	5631	3863
rna-NM_005803.3-5	1288	1340	1067	2001	949	2301
rna-NM_003897.3-4	4542	384	631	5321	7435	4769
novel.1240.1	14	30	17	17	15	27
rna-NM_013994.2-5	2629	4715	4262	2964	2509	4147
rna-NM_001517.4-4	207	211	181	245	210	194
rna-NM_001167734.1-4	195	148	120	308	258	145
rna-NM_001322370.2-4	1	0	0	0	0	0
rna-NM_014070.2-4	104	547	275	142	0	173
rna-NM_014068.2-4	16	5	5	13	16	4
rna-NM_001264.4-4	5	7	6	8	5	5
rna-NM_014069.2-4	5	3	1	0	5	2
rna-NM_001105564.1-4	436	136	133	386	400	90
rna-NM_001318908.1-4	1015	389	291	948	1087	265
rna-NM_002701.5-4	7	1	2	8	24	0
novel.1241.1	146	10	20	120	210	64
rna-NM_001177519.2-3	1643	204	239	1429	1717	318
rna-NM_005931.4-5	1185	130	153	866	1039	304
rna-NM_001011700.2-5	0	0	0	0	0	0
rna-NM_080598.5-5	704	870	687	954	897	775
rna-NM_130463.3-4	9	18	17	16	9	8
rna-NM_005007.3-4	261	231	201	371	223	228
rna-NM_001159740.2-4	0	1	1	1	1	2
rna-NM_000594.3-5	51	5	15	87	248	136
rna-NM_002341.1-5	43	4	9	58	69	66
rna-NM_007161.3-5	1	1	1	2	2	1
rna-NM_147130.2-5	1	0	0	1	1	0
rna-NM_002117.5-3	42060	5129	6412	31720	25486	6134
rna-NM_005514.7-3	46550	4758	6083	34748	23316	6480
rna-NM_004638.3-4	3269	2303	1757	3110	3452	2044
rna-NM_004639.3-4	1559	1549	1376	1728	1548	1267
rna-NM_025262.3-4	2	1	1	2	2	2
rna-NM_019101.2-4	5	10	10	5	4	5
rna-NM_021184.3-4	278	202	167	342	316	209
rna-NM_001199237.1-4	306	109	94	323	339	134
rna-NM_001320.6-4	1076	998	855	1243	1049	894
rna-NM_021221.2-4	9	2	5	8	18	5
rna-NM_021160.2-4	125	131	93	133	133	74
rna-NM_001003693.2-4	0	0	0	0	0	0
rna-NM_021246.2-4	0	0	0	0	0	0
rna-NM_001353334.1-4	1	0	0	0	1	1
rna-NM_013974.2-4	338	198	231	393	320	215
rna-NM_025259.5-5	5	3	3	3	8	1
rna-NM_001287593.1-4	1968	1859	1575	2152	1904	1197
rna-NM_000434.3-5	979	388	416	969	1102	696
rna-NM_000063.5-4	14	5	3	8	13	13
rna-NM_001710.5-4	474	66	99	483	574	354
rna-NM_019105.6-5	11	7	7	9	12	10
rna-NM_030651.3-5	11	5	6	19	15	17
rna-NM_138717.2-5	247	154	149	307	383	365
rna-NM_030652.3-4	20	6	9	9	27	13
rna-NM_032741.4-4	714	670	588	754	611	424
rna-NM_006913.3-4	1039	880	815	1296	863	981
rna-NM_001206929.1-4	12	5	8	8	14	7
rna-NM_002586.4-4	340	272	256	349	378	220
rna-NM_022107.2-4	54	31	26	66	50	17
rna-NM_004557.3-4	14	6	7	8	12	8
rna-NM_019111.4-4	0	0	2	2	2	1
rna-NM_021983.4	2	0	0	0	0	0
rna-NM_001359193.1-2	2	0	0	0	0	0
rna-NM_020056.4-5	1	0	0	0	1	0
rna-NM_000544.3-5	1837	917	778	1534	2067	1012
rna-NM_002118.4-5	13	4	3	37	8	12
rna-NM_006120.3-5	65	9	14	54	31	17
rna-NM_148919.3-5	808	429	392	869	776	465
rna-NM_000593.5-5	2506	1091	1009	2190	2189	1374
rna-NM_002800.4-5	799	371	301	619	613	188
rna-NM_001199455.1-4	3061	1551	1421	3689	4474	4155
rna-NM_002119.3-4	9	2	3	10	3	2
rna-NM_001242525.1-5	21	4	4	19	18	3
rna-NM_002121.5-5	34	3	7	35	28	7
rna-NM_080680.2-4	18	3	5	24	16	4
rna-NM_014234.4-4	16	4	4	10	13	1
rna-NM_001270401.1-4	280	221	209	302	287	184
rna-NM_006979.2-4	2315	1374	1398	2410	2000	1640
rna-NM_002931.3-4	377	307	281	471	413	225
rna-NM_022553.5-4	51	89	88	71	80	49
rna-NM_198481.3-5	2	0	1	3	3	2
rna-NM_206818.2-5	6	2	3	6	9	11
rna-NM_004542.3-5	67	164	148	93	54	80
rna-NM_013342.3-5	64	57	59	88	66	51
rna-NM_015629.3-5	250	458	379	298	249	259
rna-NM_014516.3-5	197	252	211	226	181	200
rna-NM_024316.2-5	56	38	33	69	50	41
rna-NM_001145303.2-5	1	1	2	3	2	2
rna-NM_024298.4-5	558	813	789	800	506	763
rna-NM_001282333.1-5	176	295	272	232	171	158
rna-XM_024452546.1	1	1	0	1	1	0
rna-NM_001174081.2-5	0	0	0	0	0	0
rna-NM_001083899.2-5	1	1	0	0	1	0
rna-NM_001145971.1-5	34	40	30	29	25	15
rna-NM_133180.2-5	6	1	1	4	4	2
rna-NM_001321701.1-5	1536	2777	2677	2102	1022	1820
novel.1291.1	76	67	72	158	108	16
novel.1291.2	26	34	0	17	20	7
novel.1291.4	163	5	2	11	351	33
novel.1291.3	35	0	0	8	109	37
novel.1291.5	37	51	33	97	74	129
novel.1291.6	17	30	37	95	57	233
rna-NM_001282506.1-4	2	1	5	3	5	6
rna-NM_018406.6-5	0	0	1	1	1	0
rna-NM_006510.4-5	561	403	324	562	582	419
rna-NM_030903.3-6	1	0	0	0	0	0
rna-NM_006398.3-6	31	5	3	24	49	9
rna-NM_007160.3-6	2	0	0	1	1	1
rna-NM_001470.3-6	82	53	49	66	66	39
rna-NM_001109809.2-6	0	0	1	1	0	0
rna-NM_018950.2-5	418	219	203	325	280	149
rna-NM_002127.5-6	0	0	0	0	0	0
novel.1242.1	4	7	10	9	2	7
rna-NM_170783.3-6	82	90	70	98	74	53
rna-NM_021959.2-6	279	467	382	451	371	356
rna-NM_025236.3-6	7	32	31	26	7	30
rna-XM_005275331.2	12306	46408	45519	17835	51	26580
rna-NM_007028.4-6	0	0	0	0	0	0
rna-NM_001242783.1-6	415	454	363	439	428	287
rna-NM_005275.3-6	957	904	832	1079	861	858
rna-NM_025263.3-5	97	69	53	116	110	52
rna-NM_005516.5-5	7100	3302	3354	6698	5803	3940
rna-NM_001025091.1-5	914	788	582	1036	985	808
rna-NM_002714.3-5	824	538	446	963	1137	1167
rna-NM_014046.3-5	496	437	343	545	504	263
rna-NM_001031722.3-5	19	40	32	22	15	16
rna-NM_001161376.1-5	71	53	45	80	89	53
rna-NM_003587.4-6	428	351	286	424	382	310
rna-NM_133471.3-6	1405	718	609	1376	1264	847
rna-NM_001270707.1-6	189	231	161	169	100	89
rna-NM_014641.2-6	226	231	147	256	279	171
rna-NM_005803.3-6	1380	1393	1136	2149	1087	2471
novel.1244.1	15	32	18	17	15	27
rna-NM_001202523.1-6	361	681	493	392	333	562
novel.1243.1	341	572	294	345	280	173
rna-NM_001293212.1-6	7320	10210	5997	7332	5623	3852
rna-NM_001517.4-5	205	208	176	241	210	191
rna-NM_001167734.1-5	231	474	355	374	353	340
rna-NM_014070.2-5	104	551	278	142	0	174
rna-NM_014068.2-5	16	5	5	9	17	3
rna-NM_001264.4-5	5	7	6	8	5	3
rna-NM_014069.2-5	5	3	1	0	3	1
rna-NM_001105564.1-5	456	137	137	448	406	94
rna-NM_001318908.1-5	1033	398	296	958	1109	268
rna-NM_002701.5-5	7	1	2	8	24	0
rna-NM_005931.4-6	965	101	124	707	837	246
rna-NM_002117.5-4	5111	753	917	3623	3172	832
rna-NM_005514.7-4	42887	15472	17073	35047	25085	14457
rna-NM_001011700.2-6	0	0	0	0	0	0
rna-NM_080598.5-6	680	865	682	936	872	764
rna-NM_130463.3-5	9	18	17	10	9	8
rna-NM_005007.3-5	208	178	167	309	174	184
rna-NM_001159740.2-5	0	1	1	2	2	1
rna-NM_000594.3-6	52	5	15	87	248	136
rna-NM_002341.1-6	43	4	11	58	67	66
rna-NM_007161.3-6	1	1	1	1	1	0
rna-NM_147130.2-6	1	0	0	1	1	0
rna-NM_004638.3-5	2534	2391	1705	2452	2681	1982
rna-NM_004639.3-5	1603	1597	1417	1760	1573	1293
rna-NM_019101.2-5	5	10	9	5	4	5
rna-NM_021184.3-5	216	213	164	296	259	196
rna-NM_001199237.1-5	294	108	92	318	321	131
rna-NM_001320.6-5	923	882	735	1017	867	787
rna-NM_021221.2-5	9	2	5	8	18	5
rna-NM_025262.3-5	2	1	1	2	2	2
rna-NM_021160.2-5	119	160	115	132	124	95
rna-NM_001003693.2-5	0	0	0	0	0	0
rna-NM_021246.2-5	0	0	0	0	0	0
rna-NM_001353334.1-5	1	0	0	0	1	1
rna-NM_013974.2-5	324	188	219	371	306	209
rna-NM_001287593.1-5	1956	1843	1550	2134	1894	1187
rna-NM_172165.3-6	19	24	17	17	19	8
rna-NM_001039651.1-5	2	2	2	4	3	2
rna-NM_025258.2-5	7	3	4	10	9	5
rna-NM_006295.2-5	1217	1683	1271	1408	1192	782
rna-NM_021177.4-5	259	307	236	322	235	184
rna-NM_000434.3-6	979	388	416	974	1102	696
rna-NM_025257.2-5	4	1	1	5	1	2
rna-NM_001289413.1-5	701	716	702	733	649	639
rna-NM_181842.2-4	69	99	91	104	71	124
rna-NM_000063.5-5	8	3	3	7	8	9
rna-NM_001352000.1	53	22	30	30	25	14
rna-NM_001710.5-5	462	79	120	579	744	535
rna-NM_002904.5-4	635	633	542	804	749	528
rna-NM_006929.4-4	403	550	519	497	523	348
rna-NM_005510.3-4	101	89	83	155	131	151
rna-NM_032454.1-4	69	50	59	68	66	51
rna-NM_000500.7-4	1	2	1	1	2	1
rna-NM_019105.6-6	35	17	27	39	39	39
rna-NM_004381.4-4	694	709	695	715	732	488
rna-NM_022110.3-4	231	111	110	249	203	209
rna-NM_030651.3-6	11	5	6	19	15	17
rna-NM_138717.2-6	246	147	147	301	381	364
rna-NM_030652.3-5	13	5	8	7	21	10
rna-NM_032741.4-5	552	775	670	658	483	483
rna-NM_006913.3-5	1036	882	814	1297	863	981
rna-NM_001206929.1-5	8	4	7	6	12	5
rna-NM_002586.4-5	329	277	263	346	383	229
rna-NM_022107.2-5	53	31	26	65	50	17
rna-NM_004557.3-5	12	6	7	8	12	8
rna-NM_019111.4-5	0	0	2	2	2	1
rna-NM_002120.3-5	1	1	0	1	1	0
rna-NM_000544.3-6	1231	736	622	1057	1371	760
rna-NM_148919.3-6	787	428	386	850	758	449
rna-NM_002118.4-6	9	3	3	12	7	8
rna-NM_006120.3-6	65	8	14	54	31	17
rna-NM_000593.5-6	2552	1110	1037	2246	2223	1408
rna-NM_002800.4-6	395	196	163	300	318	88
rna-NM_001199455.1-5	970	630	529	1065	1357	1355
rna-NM_002119.3-5	5	0	1	5	4	0
rna-NM_001242525.1-6	23	5	4	19	21	3
rna-NM_002121.5-6	16	3	5	16	13	5
rna-NM_080680.2-5	16	4	4	25	20	4
rna-NM_014234.4-5	18	4	4	10	13	1
rna-NM_001270401.1-5	394	315	318	448	369	244
rna-NM_006979.2-5	2315	1374	1398	2413	2001	1641
rna-NM_002931.3-5	434	412	368	559	475	286
rna-NM_198481.3-6	2	0	1	3	3	2
rna-NM_001330650.1-6	0	0	0	0	0	0
rna-NM_206818.2-6	6	2	3	6	9	11
rna-NM_004542.3-6	67	166	150	93	54	81
rna-NM_013342.3-6	66	59	62	89	68	53
rna-NM_015629.3-6	250	465	385	301	253	264
rna-NM_014516.3-6	196	251	212	226	182	200
rna-NM_024316.2-6	56	38	33	69	52	41
rna-NM_022553.5-5	202	362	305	291	344	192
rna-NM_022551.2-4	9228	12344	12340	10858	6046	8184
rna-NM_003782.3-4	9	4	9	13	22	11
rna-NM_005452.5-4	1078	701	599	1177	1037	591
rna-NM_014260.3-4	276	266	211	219	251	111
rna-NM_004761.4-4	738	602	595	801	718	586
rna-NM_172208.2-4	871	499	587	1017	1432	872
rna-NM_001145338.1-4	181	229	206	280	213	208
rna-NM_001141970.1-4	1095	537	549	1083	1122	759
rna-NM_001145303.2-6	1	1	2	3	2	2
rna-NM_024298.4-6	592	845	821	853	532	794
rna-NM_001282333.1-6	176	295	272	233	171	158
rna-XM_024452551.1	1	1	0	1	1	0
rna-NM_001321701.1-6	1581	2835	2736	2161	1044	1864
rna-NM_001174081.2-6	0	0	0	0	0	0
rna-NM_001083899.2-6	1	1	0	0	1	0
rna-NM_001145971.1-6	34	41	30	29	25	15
rna-NM_133180.2-6	6	1	1	5	4	2
rna-NM_018406.6-6	0	1	1	1	1	0
rna-NM_001291833.1	2	2	2	4	6	3
rna-NM_006510.4-6	801	464	407	804	886	597
rna-NM_001010877.3-6	10	4	5	15	13	2
rna-NM_030903.3-7	1	0	0	0	0	0
rna-NM_006398.3-7	26	2	2	15	24	7
rna-NM_007160.3-7	2	0	0	1	1	1
rna-NM_001470.3-7	72	49	46	56	59	36
rna-NM_001109809.2-7	0	0	1	1	0	0
rna-NM_001098479.1-6	467	246	231	363	319	171
rna-NM_002127.5-7	2	0	0	0	0	0
rna-XM_024452558.1	3565	476	612	3032	1494	515
rna-NM_170783.3-7	24	22	17	20	14	13
rna-NM_021959.2-7	185	313	244	311	251	255
rna-NM_025236.3-7	1	3	3	2	1	5
rna-NM_007028.4-7	0	0	0	0	0	0
rna-NM_001242783.1-7	477	260	215	511	598	283
rna-NM_021253.3-6	136	106	76	147	149	124
rna-NM_001199119.1-6	33	9	9	38	75	80
rna-NM_001199120.1-6	25	10	17	44	52	38
rna-NM_005516.5-6	6459	3474	3590	6449	6011	4823
rna-NM_005275.3-7	868	677	648	1028	885	859
rna-NM_025263.3-6	107	140	99	131	124	103
rna-NM_001025091.1-6	859	939	679	1002	935	922
rna-NM_002714.3-6	825	534	440	957	1132	1166
rna-NM_014046.3-6	510	448	351	549	513	260
rna-NM_001031722.3-6	19	39	33	22	14	16
rna-NM_001161376.1-6	75	51	47	85	93	55
rna-NM_003587.4-7	415	356	271	409	369	295
rna-NM_133471.3-7	1382	735	618	1375	1259	822
rna-NM_001270707.1-7	212	267	177	179	105	97
rna-NM_014641.2-7	238	218	144	257	282	174
rna-NM_001293212.1-7	8773	11429	6650	8665	6530	4220
rna-NM_005803.3-7	1985	2113	1687	3043	1483	3566
rna-NM_003897.3-5	6333	441	702	6906	7973	4704
rna-NM_001517.4-6	208	210	182	246	210	193
novel.1245.1	14	30	17	17	15	27
rna-NM_013994.2-7	2586	4610	4086	2915	2457	4084
rna-NM_001167734.1-6	223	436	351	415	345	338
rna-NM_001322371.2-5	1	0	0	0	0	0
rna-NM_014070.2-6	2760	13326	6713	3808	7	3931
rna-NM_014068.2-6	67	90	84	54	18	34
rna-NM_001264.4-6	8	13	11	12	5	8
rna-NM_014069.2-6	3	8	6	0	4	1
rna-NM_001105564.1-6	291	485	374	347	402	209
rna-NM_001318908.1-6	741	660	388	772	977	352
rna-NM_002701.5-6	7	2	4	7	20	8
rna-NM_002117.5-5	14835	27089	25893	18390	15434	23373
novel.1247.1	37	56	39	55	89	109
rna-NM_000247.2	717	1885	1233	921	789	1193
rna-NM_005931.4-7	1358	154	207	1041	1309	532
rna-NM_005514.7-5	38486	67102	72607	45597	29106	56041
rna-NM_001011700.2-7	0	0	0	0	0	0
rna-NM_080598.5-7	679	863	671	934	876	758
rna-NM_130463.3-6	9	18	17	10	9	8
rna-NM_005007.3-6	261	231	201	371	223	228
rna-NM_001159740.2-6	0	1	1	2	2	1
rna-NM_000594.3-7	52	5	15	87	251	137
rna-NM_002341.1-7	43	4	9	58	68	66
rna-NM_007161.3-7	1	1	1	2	3	1
rna-NM_147130.2-7	1	0	0	1	1	0
rna-NM_004638.3-6	2627	3669	2710	2884	3005	2899
rna-NM_004639.3-6	1625	1877	1694	1870	1628	1476
rna-NM_019101.2-6	5	10	10	5	4	5
rna-NM_021184.3-6	216	215	164	296	259	196
rna-NM_001199237.1-6	268	260	212	363	325	225
rna-NM_001320.6-6	1120	1153	1026	1404	1154	1084
rna-NM_021221.2-6	9	6	10	10	17	12
rna-NM_025262.3-6	2	4	1	4	1	3
rna-NM_001003693.2-6	0	0	0	0	0	0
rna-NM_021246.2-6	0	0	0	0	0	0
rna-NM_001353334.1-6	1	0	0	0	1	1
rna-NM_021160.2-6	123	263	192	173	140	154
rna-NM_013974.2-6	319	186	215	364	303	208
rna-NM_025259.5-7	14	19	8	11	15	6
rna-NM_001287593.1-6	1930	1820	1529	2105	1872	1171
rna-NM_006295.2-6	192	356	234	245	226	177
rna-NM_021177.4-6	253	302	231	313	231	183
rna-NM_005527.3-5	27	11	8	32	60	39
rna-NM_001287484.1-5	1138	730	1065	1456	708	944
rna-NM_005345.5-5	2355	496	828	3119	4539	3350
rna-NM_005346.4-5	2290	962	1123	2852	3249	2718
rna-NM_000434.3-7	1102	452	473	1089	1211	801
rna-NM_025257.2-6	5	1	1	6	2	3
rna-NM_001289413.1-6	696	736	714	761	667	658
rna-NM_181842.2-5	102	198	157	131	104	209
rna-NM_000063.5-6	8	3	4	7	8	9
rna-NM_001710.5-6	596	117	194	989	1257	1018
rna-NM_002904.5-5	636	632	544	804	749	529
rna-NM_006929.4-5	412	553	528	509	531	357
rna-NM_005510.3-5	104	89	83	163	135	155
rna-NM_032454.1-5	85	197	153	130	99	157
rna-NM_007293.2-3	67	41	48	37	29	15
rna-XM_024452555.1	1	3	4	1	2	1
rna-NM_019105.6-7	45	24	43	52	54	55
rna-NM_030651.3-7	11	5	6	19	15	17
rna-NM_138717.2-7	248	146	148	301	382	363
rna-NM_030652.3-6	23	9	19	17	25	31
rna-NM_032741.4-6	559	779	674	661	485	485
rna-NM_006913.3-6	1066	922	842	1339	894	1021
rna-NM_001206929.1-6	12	5	8	9	16	8
rna-NM_002586.4-6	349	316	305	368	399	243
rna-NM_022107.2-6	54	31	26	65	50	17
rna-NM_004557.3-6	14	8	7	10	14	9
rna-NM_019111.4-6	0	0	2	2	2	1
rna-XM_024452553.1	1	2	0	0	2	0
rna-NM_020056.4-7	1	0	0	0	1	0
rna-NM_000544.3-7	1734	915	759	1499	2001	1011
rna-NM_002118.4-7	13	4	3	22	8	13
rna-NM_006120.3-7	65	9	14	54	31	17
rna-NM_148919.3-7	787	425	385	852	755	444
rna-NM_000593.5-7	2444	1062	981	2142	2155	1340
rna-NM_002800.4-7	799	368	300	616	612	185
rna-NM_001199455.1-6	2414	1555	1345	2639	3420	3437
rna-NM_002119.3-6	7	1	1	8	5	2
rna-NM_001242525.1-7	28	4	4	25	21	4
rna-NM_002121.5-7	32	3	7	35	28	7
rna-NM_080680.2-6	16	4	5	24	17	4
rna-NM_014234.4-6	17	4	4	10	13	1
rna-NM_001270401.1-6	297	233	226	318	319	195
rna-NM_006979.2-6	2317	1373	1398	2410	2001	1642
rna-NM_002931.3-6	390	310	291	482	432	230
rna-NM_002263.3-3	988	610	248	788	692	182
rna-NM_198481.3-7	2	0	1	3	3	2
rna-NM_206818.2-7	6	2	3	6	9	11
rna-NM_004542.3-7	67	163	149	93	54	81
rna-NM_013342.3-7	63	57	59	88	66	51
rna-NM_015629.3-7	250	458	380	299	249	258
rna-NM_022553.5-6	190	385	304	272	308	205
rna-NM_022551.2-5	9109	12204	12165	10745	5963	8078
rna-NM_003782.3-5	10	4	11	12	19	12
rna-NM_005452.5-5	796	515	468	901	757	447
rna-NM_014260.3-5	302	294	226	233	275	124
rna-NM_004761.4-5	656	546	544	734	653	513
rna-NM_172208.2-5	782	603	737	1038	1394	1107
rna-NM_001145338.1-5	202	339	344	296	243	295
rna-NM_001141970.1-5	1197	571	597	1155	1211	799
rna-NM_014516.3-7	197	251	209	224	180	199
rna-NM_024316.2-7	56	38	33	69	50	41
rna-NM_001145303.2-7	1	1	2	3	2	2
rna-NM_024298.4-7	556	813	788	800	506	762
rna-NM_001282333.1-7	176	295	272	231	171	157
rna-XM_024452562.1	1	1	0	1	1	0
rna-NM_001321701.1-7	1523	2765	2655	2086	1014	1800
rna-NM_001174081.2-7	0	0	0	0	0	0
rna-NM_001083899.2-7	1	1	0	0	1	0
rna-NM_001145971.1-7	34	40	30	29	25	15
rna-NM_133180.2-7	6	1	1	4	4	2
rna-NM_018406.6-7	0	0	1	1	1	0
rna-NM_020790.1	1	2	1	3	2	2
rna-NM_006510.4-7	786	558	455	800	832	622
rna-NM_001010877.3-7	19	14	9	32	21	6
rna-NM_030903.3-8	1	0	0	0	0	0
rna-NM_001109809.2-8	0	0	1	1	0	0
rna-NM_001098479.1-7	362	187	170	275	239	133
novel.1251.1	4	20	7	0	0	2
rna-NM_002127.5-8	1	0	0	0	0	0
novel.1248.1	0	0	0	0	2	0
rna-NM_170783.3-8	82	90	70	98	73	53
rna-NM_021959.2-8	182	312	256	303	241	242
rna-NM_025236.3-8	5	24	27	20	6	24
rna-NM_007028.4-8	0	0	0	0	0	0
rna-XM_024452568.1	14289	1453	1826	11442	6006	1665
rna-NM_001242783.1-8	414	466	400	440	423	283
rna-NM_021253.3-7	135	87	61	141	169	126
rna-NM_001199119.1-7	107	305	243	127	15	170
rna-NM_001199120.1-7	58	105	99	82	20	91
rna-NM_005275.3-8	801	623	601	968	829	793
rna-NM_025263.3-7	99	128	93	127	109	85
rna-NM_005516.5-7	6465	3487	3590	6450	6044	4812
rna-NM_001025091.1-7	847	934	672	987	920	912
rna-NM_002714.3-7	819	537	440	957	1130	1165
rna-NM_014046.3-7	485	429	340	530	496	254
rna-NM_001031722.3-7	21	41	32	22	15	16
rna-NM_001161376.1-7	74	60	45	86	97	57
rna-NM_003587.4-8	435	358	292	427	384	310
rna-XM_003403597.6	524	262	250	522	446	284
rna-NM_014641.2-8	214	222	140	242	264	166
novel.1249.1	343	572	294	346	281	174
rna-NM_001293212.1-8	7322	10215	5999	7333	5622	3855
rna-NM_001318908.1-7	741	662	392	771	978	351
rna-NM_002701.5-7	7	1	4	7	20	7
rna-NM_005803.3-8	1870	1944	1546	2842	1405	3331
rna-NM_003897.3-6	4544	384	631	5321	7440	4770
rna-NM_001177519.2-4	391	57	61	310	392	73
novel.1250.1	401	47	50	226	93	18
rna-NM_005931.4-8	1339	138	164	966	1171	363
rna-NM_001011700.2-8	0	0	0	0	0	0
rna-NM_080598.5-8	518	668	526	705	667	583
rna-NM_002117.5-6	15257	28076	26701	19068	15686	24162
rna-NM_005514.7-6	29960	3152	3902	22718	15376	4268
rna-NM_130463.3-7	9	19	17	10	9	8
rna-NM_005007.3-7	267	234	207	389	234	238
rna-NM_001159740.2-7	0	1	1	1	1	2
rna-NM_000594.3-8	52	5	15	87	247	136
rna-NM_007161.3-8	1	1	1	2	2	1
rna-NM_147130.2-8	1	0	0	1	1	0
rna-NM_002341.1-8	43	4	9	58	67	65
rna-NM_004638.3-7	2507	3531	2603	2787	2889	2805
rna-NM_004639.3-7	1488	1733	1562	1728	1516	1404
rna-NM_019101.2-7	5	10	10	5	4	5
rna-NM_021184.3-7	216	213	166	296	259	198
rna-NM_001199237.1-7	270	264	212	368	326	227
rna-NM_001320.6-7	1132	1169	1033	1418	1167	1091
rna-NM_021221.2-7	9	6	10	11	19	12
rna-NM_025262.3-7	2	4	1	4	1	3
rna-NM_001003693.2-7	0	0	0	0	0	0
rna-NM_021246.2-7	0	0	0	0	0	0
rna-NM_001353334.1-7	1	0	0	0	1	0
rna-NM_021160.2-7	131	273	196	180	145	159
rna-NM_013974.2-7	325	196	218	372	308	209
rna-NM_001287593.1-7	2124	1991	1687	2322	2042	1292
rna-NM_172165.3-8	11	14	10	10	10	5
rna-NM_001039651.1-6	2	3	2	4	3	2
rna-NM_025258.2-6	7	3	4	10	9	5
rna-NM_006295.2-7	1114	1591	1249	1296	1099	736
rna-NM_000434.3-8	981	388	417	969	1102	698
rna-NM_025257.2-7	4	1	1	5	1	2
rna-NM_001318833.1-7	519	601	562	585	537	468
rna-NM_000063.5-7	8	3	3	7	8	9
rna-NM_001002029.3-4	74	25	37	45	33	18
rna-NM_000500.7-5	1	2	1	1	1	1
rna-NM_019105.6-8	27	10	17	28	27	30
rna-NM_030651.3-8	11	5	6	19	15	17
rna-NM_001710.5-7	469	79	120	590	749	547
rna-NM_002904.5-6	674	671	574	850	784	569
rna-NM_006929.4-6	412	562	559	528	561	355
rna-NM_005510.3-6	110	99	92	187	139	171
rna-NM_032454.1-6	61	52	60	64	62	46
rna-NM_001242823.2	75	27	38	47	32	17
rna-NM_138717.2-8	246	147	146	301	381	365
rna-NM_030652.3-7	13	6	9	8	23	13
rna-NM_032741.4-7	454	619	536	558	411	399
rna-NM_006913.3-7	1038	880	814	1296	860	982
rna-NM_001206929.1-7	11	4	7	7	13	6
rna-NM_002586.4-7	331	279	262	355	376	226
rna-NM_022107.2-7	54	31	26	66	50	17
rna-NM_004557.3-7	12	6	7	8	12	8
rna-NM_019111.4-7	0	0	2	2	2	1
rna-NM_002120.3-6	1	1	0	2	1	1
rna-NM_000544.3-8	918	543	470	796	1065	560
rna-NM_002118.4-8	9	3	3	12	7	8
rna-NM_006120.3-8	65	8	14	54	31	17
rna-NM_148919.3-8	788	426	387	852	757	448
rna-NM_000593.5-8	2287	997	939	2001	2025	1253
rna-NM_002800.4-8	358	180	140	274	286	85
rna-NM_001199455.1-7	1278	807	718	1439	1861	1745
rna-NM_002119.3-7	7	1	3	5	4	1
rna-NM_001242525.1-8	25	6	4	20	22	3
rna-NM_002121.5-8	64	7	13	60	51	15
rna-NM_080680.2-7	16	4	5	24	19	6
rna-NM_022553.5-7	202	358	298	292	346	194
rna-NM_022551.2-6	30	31	36	28	13	19
rna-NM_002263.3-4	1101	671	260	884	748	191
rna-NM_006772.2-2	433	433	461	381	550	296
rna-NM_152735.3-2	401	493	368	518	386	232
rna-NM_198481.3-8	2	0	1	3	3	2
rna-NM_024165.2-2	2994	1376	1552	3507	3324	2250
rna-NM_001014433.2-2	3070	2443	2307	3126	2290	1903
rna-NM_001330650.1-8	0	0	0	0	0	0
rna-NM_206818.2-8	6	2	3	6	10	11
rna-NM_004542.3-8	70	169	152	101	56	95
rna-NM_013342.3-8	73	64	72	96	70	57
rna-NM_015629.3-8	261	474	391	305	252	264
rna-NM_014516.3-8	220	268	232	244	189	214
rna-NM_024316.2-8	56	42	35	70	54	41
rna-NM_001145303.2-8	4	1	2	7	6	8
rna-NM_024298.4-8	716	1074	1038	1012	659	965
rna-NM_001282333.1-8	509	843	709	619	436	408
rna-XM_011548574.3	1	1	0	5	3	0
rna-NM_001321701.1-8	1571	2578	2510	2051	1040	1752
rna-NM_001005367.2-3	134	1000	922	196	4	382
rna-NM_145057.3-3	52	28	32	63	21	26
rna-NM_052925.3-3	125	145	186	131	180	71
rna-NM_198988.1	38	33	28	34	26	16
rna-NM_017852.4-8	0	0	0	0	0	0
rna-NM_001083899.2-8	1	1	0	0	1	0
rna-NM_001145971.1-8	34	40	30	29	24	15
rna-NM_133180.2-8	6	1	1	4	4	2
rna-NM_198481.3-9	2	0	1	3	3	2
rna-NM_206818.2-9	6	2	3	6	9	11
rna-NM_004542.3-9	66	165	148	93	54	81
rna-NM_013342.3-9	64	57	59	88	66	51
rna-NM_015629.3-9	248	457	379	297	249	258
rna-NM_014516.3-9	197	251	208	226	182	199
rna-NM_024316.2-9	56	38	33	69	50	41
rna-NM_001145303.2-9	1	1	2	3	2	2
rna-NM_024298.4-9	557	812	789	799	506	762
rna-NM_001282333.1-9	176	295	272	232	171	158
rna-NM_024318.3-3	1	0	0	1	0	0
rna-NM_001321701.1-9	1525	2757	2659	2085	1007	1814
rna-NM_002287.5-4	0	0	1	0	0	0
rna-NM_001174081.2-9	0	0	0	0	0	0
rna-NM_001083899.2-9	1	1	0	0	1	0
rna-NM_001145971.1-9	33	40	30	29	24	14
rna-NM_133180.2-9	6	1	1	4	4	2
rna-NM_198481.3-10	2	0	1	3	3	2
rna-NM_206818.2-10	8	2	3	6	11	11
rna-NM_004542.3-10	71	169	162	98	60	84
rna-NM_013342.3-10	73	64	71	93	79	57
rna-NM_015629.3-10	278	510	421	313	267	288
rna-NM_014516.3-10	236	285	252	257	210	240
rna-NM_024316.2-10	61	42	35	72	54	47
rna-NM_001145303.2-10	1	3	2	3	2	2
rna-NM_024298.4-10	615	911	878	896	552	840
rna-NM_001282333.1-10	208	319	311	255	195	179
rna-XM_017030298.1	1	1	0	1	1	0
rna-NM_002287.5-5	0	0	0	0	0	0
rna-NM_001321701.1-10	1615	2903	2803	2196	1060	1884
rna-NM_001005367.2-4	141	1060	987	209	4	396
rna-NM_145057.3-4	56	30	36	65	22	27
rna-NM_052925.3-4	139	156	199	143	196	77
rna-NM_198988.1-2	41	34	30	36	26	17
rna-NM_002000.3-7	0	0	0	0	0	0
rna-NM_004829.6-12	0	0	0	0	0	0
rna-NM_001127255.1-10	0	0	0	0	1	0
rna-NM_001174081.2-10	0	0	0	0	0	0
rna-NM_001083899.2-10	1	1	0	0	1	0
rna-NM_001145971.1-10	37	46	34	31	28	16
rna-NM_133180.2-10	6	3	1	4	4	2
rna-XM_011541177.2	0	6	0	0	3	0
rna-NM_001146685.1	0	1	6	0	2	0
rna-NM_080431.4	0	0	0	0	0	0
rna-XM_011540824.2	0	0	0	0	6	0
rna-NM_001170754.1	0	0	2	0	0	0
rna-NM_002521.2	0	0	1	0	7	0
rna-NM_001013630.1	0	0	0	0	0	0
rna-NM_001103170.2	0	0	0	0	0	0
rna-NM_152290.3	0	0	0	0	0	0
rna-NM_001080830.4	0	0	0	0	0	0
rna-NM_023013.4	0	0	0	0	2	0
rna-XM_011541479.2	0	0	0	0	0	1
rna-NM_001013631.2	0	0	0	0	0	0
rna-NM_023014.1	0	0	0	0	0	0
rna-NM_001039361.4	0	0	0	0	0	0
rna-NM_001012277.4	0	0	0	0	0	0
rna-NM_001010889.2	0	0	0	0	0	1
rna-NM_001300891.1	0	0	0	0	0	0
rna-NM_001146181.2	0	0	0	0	0	0
rna-NM_001310134.1	0	0	0	0	0	0
rna-NM_001136561.3	0	0	0	0	0	0
rna-NM_001306072.1	0	0	0	0	0	0
rna-NM_001302551.1	0	0	0	0	0	0
rna-NM_001010890.2	0	0	0	0	0	0
rna-NM_001291380.1	0	0	0	1	0	0
rna-NM_001099850.2	0	0	0	0	0	0
rna-NM_001013407.2	0	0	0	0	0	1
rna-XM_017001269.1	0	0	0	0	0	0
rna-NM_001098376.2	0	0	0	0	0	0
rna-NM_001024661.2	0	0	0	0	0	0
rna-NM_001099790.2	0	0	0	0	4	0
rna-NM_001099851.3	0	0	0	0	0	0
rna-NM_001099852.2	0	0	0	0	2	0
rna-NM_033440.2	0	0	0	1	0	0
rna-NM_178840.3	0	2	0	0	0	0
rna-NM_207421.4	0	0	0	1	0	0
rna-NM_032880.4	0	0	0	0	0	0
rna-NM_019062.1	0	0	0	0	0	0
rna-NM_014589.2	0	0	0	0	0	0
rna-NM_001161728.1	0	0	2	2	1	2
rna-XM_005245891.5	0	0	0	0	0	0
rna-NM_012400.3	0	0	0	0	0	0
rna-XM_011541955.1	0	0	0	0	0	0
rna-NM_001316722.1	0	0	0	0	0	0
rna-XM_011540699.3	0	0	0	0	0	0
rna-NM_001039500.2	0	0	0	0	2	0
rna-NM_007352.3	0	0	0	0	0	0
rna-NM_005747.4	0	0	0	0	0	0
rna-NM_020526.4	0	0	0	0	4	0
rna-NM_001347465.1	0	0	0	2	0	0
rna-NM_001347619.1	0	0	0	0	0	0
rna-NM_000491.4	0	0	0	2	0	0
rna-NM_001289974.1	0	0	0	0	0	0
rna-NM_001348075.1	0	0	0	0	0	0
rna-XM_011540629.3	0	0	0	0	0	0
rna-NM_001010980.4	0	0	0	0	0	0
rna-NM_001004434.2	0	4	2	0	0	0
rna-XM_024451426.1	0	3	0	3	0	0
rna-NM_198137.1	0	0	0	0	0	0
rna-XM_017000954.2	0	0	0	2	0	0
rna-NM_024674.5	0	4	0	0	0	3
rna-NM_003665.3	0	0	0	3	2	0
rna-NM_000911.3	0	0	0	2	0	0
rna-NM_001134734.1	0	0	0	0	0	0
novel.8.1	0	0	0	0	0	0
rna-NM_001242908.1	0	2	0	0	0	0
rna-NM_032526.2	0	0	0	0	0	0
rna-NM_001008740.3	0	0	0	0	0	4
rna-NM_007102.2	0	0	0	0	0	0
rna-NM_033553.2	0	0	0	0	0	0
rna-NM_148960.2	0	3	0	0	0	0
rna-XM_005270467.4	0	0	0	0	0	0
rna-NM_001164829.1	0	0	2	2	0	2
rna-NM_001357063.2	0	0	0	0	0	0
rna-NM_001322255.1	0	0	0	0	0	0
rna-NM_001099772.1	0	4	0	0	3	0
rna-NM_000778.3	0	0	0	0	0	0
rna-NM_178134.2	0	0	0	0	0	0
rna-NM_001010969.3	0	0	0	0	0	0
rna-XM_011540924.2	0	2	0	0	0	0
rna-XM_011540889.3	0	0	0	0	0	0
rna-NM_001136508.2	0	0	0	0	0	0
rna-XM_011541377.2	0	0	0	0	0	0
rna-NM_033067.2	0	0	0	0	0	0
rna-NM_001039464.3	0	0	0	0	0	0
rna-NM_001114108.1	0	0	0	0	0	0
rna-XM_017000480.1	0	0	0	0	0	0
rna-XM_011540898.1	0	0	0	0	0	0
rna-NM_000562.2	0	0	0	0	0	0
rna-XM_017002235.1	0	0	0	0	2	0
rna-NM_021080.4	0	50	46	43	0	148
rna-NM_002353.2	0	0	0	0	0	6
rna-NM_152377.2	0	0	0	0	0	0
rna-NM_001164835.1	0	0	0	0	0	0
rna-XM_011540764.2	0	0	0	0	0	0
rna-XM_017000566.1	0	0	0	0	0	0
rna-NM_005478.4	0	0	0	0	0	0
rna-XM_011541466.2	0	3	5	0	0	0
rna-XM_011540790.3	0	0	0	0	0	0
novel.84.1	0	22	5	12	2	2
novel.84.2	0	8	0	0	0	0
rna-NM_198718.1	0	0	0	0	0	0
rna-XM_017001316.1	0	0	0	3	0	0
rna-NM_002440.3	0	0	0	0	0	4
rna-NM_080868.2	0	0	0	0	0	0
rna-NM_017655.5	0	0	0	0	3	3
rna-NM_021233.2	0	0	4	2	2	0
novel.16.1	0	0	0	3	7	3
rna-XM_017000924.2	0	0	3	0	2	0
rna-NM_001285.3	0	0	0	0	4	0
rna-NM_012128.3	0	2	0	0	0	0
rna-XM_016999997.1	0	0	0	0	0	0
rna-NM_207398.2	0	0	0	0	0	3
rna-NM_198460.2	0	0	0	0	2	0
rna-NM_020063.1	0	0	0	0	0	0
rna-NM_001242806.2	0	0	0	0	0	0
rna-XM_024451621.1	0	7	5	10	0	7
rna-NM_022049.2	0	0	0	0	0	0
rna-NM_001288821.1	0	0	0	0	0	0
rna-NM_001347930.1	0	0	4	2	0	4
rna-NM_000699.3	0	0	0	0	0	0
rna-NM_001008221.1	0	0	1	0	1	0
rna-XM_011541262.1	0	0	0	0	0	0
rna-XM_017001058.1	0	0	1	0	1	0
rna-XM_011540763.1	0	0	0	0	0	1
rna-NM_001144937.1	0	0	0	2	9	0
rna-XM_011540647.2	0	0	3	4	0	0
rna-XM_017001173.1	0	0	0	2	2	2
rna-XM_005270784.4	0	0	0	0	0	0
rna-XM_011542132.2	0	0	0	0	0	0
rna-NM_203412.1	0	0	0	0	3	0
rna-NM_001010898.3	0	0	4	18	4	4
rna-NM_032414.2	0	0	0	0	0	0
rna-NM_005549.2	0	0	0	0	0	0
rna-XM_011541398.2	0	0	2	0	0	0
rna-NM_002232.4	0	0	0	0	0	2
rna-NM_001040033.1	0	0	0	0	2	0
rna-NM_201653.3	0	0	0	0	0	0
rna-XM_005270472.1	0	0	4	7	0	2
rna-NM_020683.6	0	0	0	0	2	0
rna-NM_000677.3	0	0	2	0	0	0
rna-XM_017002184.1	0	0	0	0	0	0
rna-NM_000549.4	0	0	0	0	0	0
rna-NM_001232.3	0	0	0	0	0	0
rna-XM_017001370.1	0	0	0	0	0	2
rna-NM_001328609.1	0	0	0	0	0	0
rna-XM_011542143.2	0	2	0	0	0	2
rna-XM_017001421.1	0	0	0	0	2	0
rna-NM_001166120.1	0	0	0	0	0	5
rna-NM_005518.3	0	0	0	5	0	0
rna-NM_032044.3	0	0	0	0	0	0
rna-NM_001047980.2	0	0	0	0	0	0
rna-NM_001143883.3	0	0	2	0	0	0
novel.96.1	0	0	0	0	0	0
novel.97.1	0	0	0	0	0	0
novel.30.1	0	0	0	2	0	3
rna-NM_001144032.2	0	0	0	0	0	0
rna-NM_001164262.2	0	0	0	0	0	0
rna-XM_011510253.2	0	0	0	0	0	0
rna-XM_017003041.1	0	1	3	0	0	0
rna-NM_001164261.1	0	0	0	0	0	0
rna-XM_011510267.2	0	0	0	0	0	0
rna-NM_005267.4	0	0	0	0	0	0
rna-NM_001004432.3	0	3	0	0	0	0
rna-NM_001310142.1	0	0	0	2	0	2
rna-NM_001008536.1	0	0	0	0	0	0
rna-NM_007113.3	0	0	0	0	2	0
rna-NM_001122965.1	0	0	0	0	0	0
rna-NM_178438.4	0	0	0	0	0	0
rna-NM_019060.2	0	0	0	0	0	0
rna-XM_011509484.1	0	0	0	0	0	0
rna-NM_032563.1	0	0	0	0	0	0
rna-NM_178434.2	0	0	0	0	0	0
rna-NM_178433.1	0	0	0	0	0	0
rna-NM_178431.1	0	0	0	0	0	0
rna-NM_178430.3	0	0	0	0	0	0
rna-NM_178429.3	0	0	0	0	0	0
rna-NM_014357.4	0	0	0	0	0	0
rna-NM_178428.3	0	0	0	0	0	0
rna-NM_178356.3	0	0	0	0	0	0
rna-NM_001025231.1	0	0	4	0	0	0
rna-NM_178352.2	0	0	0	0	0	0
rna-NM_178351.3	0	0	0	3	4	0
rna-NM_178349.1	0	0	0	3	0	0
rna-NM_178348.2	0	0	0	0	0	0
rna-XM_017001327.1	0	0	0	0	0	0
rna-NM_030663.2	0	0	0	0	0	0
rna-NM_005547.3	0	0	0	0	0	0
rna-XM_017000482.2	0	0	0	0	0	0
rna-NM_001199828.1	0	0	0	0	0	0
rna-NM_005416.2	0	0	0	0	0	0
rna-NM_003125.2	0	0	0	0	0	0
rna-NM_006945.4	0	0	0	0	0	0
rna-NM_005988.2	0	0	0	0	0	0
rna-XM_017002174.1	0	0	0	0	0	0
rna-NM_001024209.3	0	0	0	0	0	0
rna-XM_017002176.1	0	0	0	0	0	0
rna-XM_017002177.1	0	0	0	0	0	0
rna-NM_001010857.2	0	0	0	0	0	0
rna-NM_001195571.1	0	0	0	0	2	0
rna-NM_000427.2	0	0	0	0	0	0
rna-XM_011509118.1	0	0	0	0	0	0
rna-XM_011509789.2	0	0	0	0	0	0
rna-NM_002965.3	0	3	0	0	4	2
rna-NM_005621.1	0	0	0	0	0	0
rna-NM_001319196.1	0	0	0	0	0	0
rna-NM_176823.3	0	0	0	0	2	0
rna-NM_001045479.1	0	0	0	0	0	0
rna-NM_001010979.2	0	0	0	0	1	0
rna-XM_011510104.2	0	0	0	0	0	0
rna-NM_018655.2	0	4	0	0	0	1
rna-NM_001004319.2	0	0	0	0	2	2
rna-XM_011509067.1	0	0	0	0	0	0
rna-XM_017002762.2	0	0	0	0	0	2
rna-NM_014215.2	0	2	0	0	0	0
rna-NM_001195388.1	0	0	0	0	0	0
rna-NM_031282.2	0	2	0	0	0	0
rna-NM_001320333.1	0	0	0	0	0	0
rna-XM_017002316.1	0	0	0	0	0	0
rna-NM_052938.4	0	0	0	0	0	0
rna-XM_017002806.1	0	0	0	2	2	0
rna-XM_011510125.1	0	6	13	1	3	0
rna-NM_001763.2	0	0	0	0	0	0
rna-XM_005245579.5	0	0	0	0	0	0
rna-NM_001764.2	0	0	0	0	0	0
rna-NM_030893.3	0	0	0	0	0	0
rna-NM_001004475.1	0	0	0	0	0	0
rna-NM_001004476.1	0	3	0	0	0	0
rna-NM_001004473.1	0	0	0	0	0	0
rna-NM_001004472.1	0	0	0	0	0	0
rna-NM_001005189.1	0	0	0	0	0	0
rna-NM_001160325.1	0	0	0	0	0	0
rna-NM_001004477.1	0	0	0	0	0	0
rna-NM_001004478.1	0	0	0	0	0	0
rna-NM_001005279.2	0	0	0	0	0	0
rna-NM_001005327.2	0	0	0	0	0	0
rna-NM_001005184.1	0	0	0	0	0	0
rna-XM_017000325.1	0	0	0	0	0	0
rna-NM_001005278.1	0	0	0	0	0	0
rna-NM_002432.2	0	0	0	0	0	0
rna-NM_152501.4	0	0	0	0	3	0
rna-NM_002001.3	0	0	0	0	0	0
rna-NM_001004467.1	0	0	0	0	0	0
rna-NM_001348286.1	0	0	0	0	0	0
rna-NM_012351.2	0	0	0	2	0	0
rna-NM_001004469.1	0	0	0	0	0	0
rna-NM_001639.3	0	0	0	0	0	0
rna-NM_001329057.1	0	0	0	0	0	0
rna-XM_017002756.1	0	2	5	2	0	6
rna-NM_144699.3	0	0	0	0	0	0
rna-XM_017000215.2	0	0	0	0	0	0
rna-NM_001256030.1	0	0	0	0	0	0
rna-XM_024448757.1	0	0	0	0	0	0
rna-XM_017001297.1	0	0	0	0	0	0
rna-NM_001166663.1	0	0	5	0	0	0
rna-NM_017625.2	0	0	0	0	0	0
rna-XM_011509210.1	0	0	0	1	0	0
rna-NM_001643.1	0	0	0	0	0	0
rna-NM_001244753.1	0	0	0	0	0	0
rna-XM_024454043.1	0	3	3	0	0	0
rna-NM_001184866.1	0	0	2	0	0	0
rna-NM_053282.4	0	0	0	2	0	0
rna-NM_177398.3	0	0	0	0	0	0
rna-NM_006917.4	0	0	0	0	0	0
rna-NM_001005214.3	0	0	0	0	0	0
rna-NM_032858.2	0	0	0	0	0	0
rna-NM_001080426.2	0	2	0	0	0	0
rna-NM_003175.3	0	0	0	0	0	0
rna-XM_011509865.2	0	2	0	4	0	9
rna-NM_001937.4	0	0	0	4	6	14
rna-NM_000130.4	0	0	0	0	0	2
rna-NM_003005.3	0	0	0	0	0	0
rna-NM_000655.4	0	0	4	2	6	2
rna-NM_000450.2	0	0	0	0	2	2
rna-NM_001002294.2	0	0	0	0	0	0
rna-NM_001460.4	0	0	0	0	0	0
rna-NM_001282692.1	0	0	0	0	0	0
rna-NM_000261.1	0	0	0	0	2	2
rna-NM_000639.2	0	0	0	0	0	0
rna-XM_017002219.1	0	0	0	2	0	0
rna-XM_017001340.1	0	2	0	0	0	0
rna-XM_005245379.2	0	0	0	0	0	0
rna-NM_032126.4	0	0	0	0	0	0
rna-XM_024453258.1	0	10	7	0	0	4
rna-NM_172000.3	0	0	0	0	0	0
rna-XM_005245137.1	0	0	0	0	0	0
rna-NM_030933.3	0	0	0	0	0	2
rna-NM_002597.4	0	0	0	0	0	0
rna-XM_017001126.1	0	0	0	0	0	0
rna-NM_001039152.3	0	0	0	0	0	0
rna-NM_002922.3	0	0	0	0	0	0
rna-NM_002927.4	0	0	0	0	0	0
rna-NM_001201550.2	0	0	0	0	0	0
rna-NM_005666.3	0	0	0	0	0	0
rna-XM_011510020.2	0	0	0	0	0	0
rna-XM_011509283.2	0	0	0	0	0	0
rna-NM_001320218.1	0	0	0	0	0	0
rna-NM_002838.4	0	0	0	0	0	0
rna-NM_005298.3	0	0	2	0	2	0
rna-NM_002479.5	0	3	0	0	0	0
rna-NM_003465.2	0	4	0	0	0	5
rna-NM_002023.4	0	10	2	0	0	2
rna-NM_014359.3	0	0	0	0	0	0
rna-XM_006711397.3	0	2	0	0	0	0
rna-NM_000707.4	0	2	0	9	6	0
rna-NM_000572.2	0	2	0	0	2	0
rna-NM_153758.2	0	0	0	2	0	0
rna-XM_005273152.3	0	0	0	0	0	0
rna-NM_002644.3	0	6	0	4	0	0
rna-XM_017002442.1	0	0	0	0	0	0
rna-NM_006147.3	0	0	0	4	0	6
rna-XM_017001151.1	0	0	0	0	0	0
novel.116.1	0	3	5	2	0	0
rna-NM_018713.2	0	0	0	0	0	0
rna-NM_152610.2	0	0	0	0	0	0
rna-XM_024451572.1	0	5	13	4	3	2
rna-NM_183062.2	0	0	0	0	0	0
rna-NM_003493.2	0	0	1	0	0	0
novel.57.1	0	0	0	2	0	0
rna-NM_001276687.1	0	0	0	0	0	0
rna-XM_006711736.3	0	0	0	0	3	0
rna-XM_017000571.2	0	0	0	0	4	2
rna-NM_173858.1	0	0	0	0	0	0
rna-NM_001004492.1	0	0	0	0	0	0
rna-NM_001004698.2	0	0	0	0	0	0
rna-NM_001281853.1	0	0	0	0	1	0
rna-NM_198074.4	0	0	0	0	0	0
rna-NM_001001915.1	0	0	0	0	0	0
rna-NM_001001914.1	0	0	0	0	0	0
rna-NM_001005487.1	0	0	0	0	0	2
rna-NM_001005286.1	0	0	0	0	0	0
rna-XM_024446992.1	0	0	0	0	0	0
rna-NM_001004732.2	0	0	0	0	0	0
rna-NM_012353.2	0	0	0	0	0	2
rna-NM_001001966.1	0	0	0	0	0	0
rna-NM_001001959.1	0	0	0	0	0	0
rna-NM_001355235.1	0	0	0	0	0	0
rna-NM_001004690.1	0	0	0	0	0	0
rna-NM_001004688.1	0	0	0	0	0	0
rna-NM_001004689.1	0	0	0	0	0	0
rna-NM_017504.1	0	0	0	0	0	0
rna-NM_001004695.1	0	0	0	0	0	0
rna-NM_001004692.1	0	0	0	0	0	0
rna-NM_001004691.1	0	0	0	0	0	0
rna-NM_001001918.1	0	0	0	0	0	0
rna-NM_001004696.1	0	0	0	0	0	0
rna-NM_001005471.1	0	0	0	0	0	0
rna-NM_030904.1	0	0	0	0	0	0
rna-NM_001355223.1	0	0	0	1	0	0
rna-NM_001004136.1	0	0	0	0	0	0
rna-NM_001005495.1	0	0	0	0	0	0
rna-NM_001004697.1	0	0	0	0	0	0
rna-NM_001013355.1	0	0	2	0	0	0
rna-NM_001004694.2	0	0	0	0	0	0
rna-NM_001001821.1	0	0	0	0	0	0
rna-XM_017000273.2	0	0	0	0	0	0
rna-NM_001001964.1	0	0	0	0	0	0
rna-NM_001001827.1	0	0	0	0	0	0
rna-NM_001001824.1	0	0	0	1	0	0
rna-XM_005273132.3	0	0	0	0	0	0
rna-XM_017030108.1	0	0	0	0	0	0
rna-NM_001310138.1	0	0	0	0	0	0
rna-XM_011510434.2	0	0	0	0	0	0
rna-XM_017005440.1	0	0	0	0	0	0
rna-XM_017005455.1	0	0	0	0	0	0
rna-XM_017003604.1	0	0	0	0	0	0
rna-XM_006711894.4	0	0	0	0	0	0
novel.129.1	0	0	2	0	0	0
novel.130.1	0	3	0	2	0	0
rna-NM_012344.3	0	0	0	0	0	0
rna-NM_001099218.2	0	0	0	0	0	0
rna-NM_001105569.2	0	0	0	0	0	0
rna-XM_017005457.1	0	0	0	0	0	0
rna-XM_011533212.1	0	3	3	0	0	0
rna-XM_017005441.1	0	0	0	0	0	0
rna-NM_000939.3	0	0	0	0	0	0
rna-NM_001287489.1	0	4	6	7	13	0
rna-XM_011532514.2	0	0	0	3	0	3
rna-NM_178553.3	0	0	0	0	0	0
rna-NM_175769.2	0	0	0	0	0	0
rna-NM_199280.2	0	0	4	3	0	0
rna-NM_001029883.2	0	0	0	2	0	0
rna-XM_017005264.1	0	0	0	0	0	0
rna-NM_000348.3	0	0	0	0	0	2
rna-XM_017005460.1	0	0	2	0	0	0
rna-NM_001145051.2	0	0	0	0	0	0
rna-NM_001163561.1	0	0	0	4	0	0
rna-NM_000233.3	0	0	0	0	0	0
rna-XM_011532733.2	0	0	0	2	0	0
rna-XM_024452687.1	0	0	0	0	1	0
novel.166.1	0	4	0	0	0	0
rna-NM_002664.2	0	0	3	5	5	6
rna-NM_138964.3	0	0	0	0	0	0
rna-NM_014482.2	0	0	0	0	2	0
rna-NM_182536.2	0	0	0	0	0	0
rna-NM_019617.3	0	0	0	0	0	0
rna-NM_001004311.3	0	0	0	0	0	0
rna-XM_017003519.1	0	0	0	3	0	0
rna-XM_011532874.1	0	0	11	2	0	2
rna-XM_017005461.1	0	0	0	0	0	0
rna-NM_001134462.1	0	0	2	2	0	0
rna-NM_003960.3	0	0	0	0	0	0
rna-NM_001330370.1	0	0	0	0	0	0
rna-NM_001008387.2	0	0	0	0	0	0
rna-NM_006507.3	0	0	0	0	0	0
rna-NM_002909.4	0	0	0	0	0	0
rna-NM_138937.2	0	0	0	0	0	0
rna-XM_024452714.1	0	0	0	0	3	2
rna-NM_178839.4	0	0	0	0	0	0
rna-NM_198274.3	0	3	2	0	0	0
rna-NM_001443.2	0	0	0	0	0	0
rna-NM_001135649.2	0	0	0	0	2	0
rna-XM_011532692.2	0	0	2	2	0	0
rna-XM_003959983.4	0	0	0	0	0	0
rna-XM_017005444.1	0	0	0	0	0	0
rna-XM_024453271.1	0	0	0	0	0	0
rna-XM_011510670.2	0	0	0	0	0	0
rna-XM_011511205.2	0	0	0	0	0	0
rna-XM_011510554.2	0	8	10	3	0	0
rna-NM_001011717.1	0	0	0	0	0	0
rna-XM_011512091.1	0	0	0	2	0	0
rna-XM_024453197.1	0	0	0	3	5	8
novel.178.1	0	0	0	0	0	0
novel.146.1	0	0	0	0	0	0
novel.180.1	0	0	0	0	4	0
rna-NM_021815.4	0	0	0	0	0	0
rna-XM_017004154.1	0	0	0	0	0	0
rna-NM_176825.2	0	0	0	2	0	0
rna-XM_011510502.2	0	0	0	4	6	2
rna-XM_024453281.1	0	0	0	0	0	0
rna-XM_017005438.1	0	0	0	0	0	0
rna-NM_019618.3	0	0	0	3	0	2
rna-NM_014438.4	0	0	0	0	0	0
rna-NM_173170.1	0	0	0	0	0	3
rna-NM_173161.2	0	0	0	0	0	0
rna-NM_173841.2	0	4	0	0	4	0
rna-NM_001321905.1	0	0	0	0	0	0
rna-NM_006770.3	0	0	0	0	0	0
rna-XM_011511621.2	0	0	0	0	0	0
rna-XM_011512269.1	0	0	0	0	0	0
rna-XM_017004833.1	0	0	0	0	0	0
rna-XM_011510793.2	0	0	0	0	0	0
rna-NM_001358416.1	0	0	0	0	0	0
rna-NM_001304449.1	0	0	0	0	0	0
rna-XM_011511891.2	0	0	0	0	2	0
rna-XM_017003237.2	0	3	3	0	2	0
rna-NM_001135098.1	0	0	0	0	0	0
rna-NM_002054.4	0	0	0	0	2	0
rna-XM_017003455.2	0	0	0	2	0	0
rna-NM_021176.2	0	0	0	0	1	0
rna-XM_011512078.2	0	21	16	0	0	0
rna-NM_006063.2	0	4	2	2	2	0
rna-XM_011510654.3	0	0	2	2	0	0
rna-XM_017005447.1	0	0	0	2	0	5
rna-NM_001080458.1	0	0	0	0	0	0
rna-NM_000523.3	0	0	0	0	0	0
rna-NM_021193.3	0	0	0	0	0	2
rna-NM_002500.4	0	0	0	0	0	0
rna-NM_052952.2	0	0	0	0	0	0
rna-XM_017005453.2	0	0	0	0	0	0
rna-XM_011512194.2	0	2	0	0	0	0
rna-NM_005214.4	0	0	0	0	0	0
rna-NM_012092.3	0	0	0	0	0	0
rna-NM_001102659.2	0	0	0	0	0	0
rna-NM_001093730.1	0	0	0	0	0	0
rna-XM_011510662.1	0	0	0	0	0	0
rna-XM_017003402.1	0	0	0	0	0	0
rna-NM_014617.3	0	0	0	0	0	0
rna-XM_017004074.1	0	0	2	0	0	0
rna-NM_005048.3	0	0	0	0	0	3
rna-NM_001608.3	0	0	0	4	0	0
rna-NM_079420.2	0	0	0	0	0	0
rna-NM_001080500.3	0	0	5	0	2	0
rna-NM_003284.3	0	0	0	0	0	0
rna-NM_001168298.1	0	0	0	0	0	0
rna-NM_000634.2	0	0	2	0	0	0
rna-XM_017004343.2	0	0	2	0	4	0
rna-NM_057094.1	0	0	2	0	0	6
rna-XM_011510904.2	0	0	0	0	0	2
rna-XM_024452881.1	0	0	0	0	0	0
rna-NM_018674.5	0	0	2	0	0	3
rna-NM_001122779.1	0	0	3	0	4	0
rna-NM_024795.4	0	0	0	0	0	0
rna-NM_020161.3	0	0	0	0	0	0
rna-XM_006712777.3	0	3	0	2	2	0
rna-NM_139073.3	0	0	0	0	0	0
rna-XM_011512292.1	0	4	0	0	2	0
rna-NM_152614.2	0	0	0	0	0	0
rna-NM_000751.2	0	0	0	0	2	0
rna-NM_005383.2	0	0	0	0	0	0
rna-NM_000541.4	0	0	0	0	0	0
rna-XM_011511076.2	0	0	0	0	0	0
rna-XM_011511699.3	0	0	0	0	0	0
rna-NM_015893.1	0	0	0	0	0	0
rna-XM_011512295.1	0	0	0	0	0	0
rna-NM_001005853.1	0	0	0	0	0	0
rna-XM_011510671.2	0	0	0	0	0	0
rna-XM_017003409.1	0	0	0	0	0	0
rna-XM_011511671.2	0	0	0	0	0	0
rna-NM_000030.2	0	0	0	5	1	0
rna-XM_011511877.1	0	0	0	0	0	0
rna-NM_001351305.1	0	0	0	0	0	0
rna-NM_173821.2	0	1	0	0	0	1
rna-XM_017005566.1	0	0	0	0	0	0
rna-XM_017006171.1	0	0	0	0	0	0
rna-NM_001350095.1	0	0	0	0	0	0
rna-XM_011533678.2	0	0	0	0	0	0
rna-NM_181874.2	0	2	0	0	0	0
rna-NM_033337.2	0	8	0	2	0	0
rna-NM_003042.3	0	0	0	0	3	0
novel.197.1	0	2	0	0	0	39
rna-NM_001190811.1	0	0	0	0	0	0
rna-XM_024453866.1	0	0	0	1	0	0
rna-NM_052953.3	0	0	0	0	0	2
rna-XM_011534334.3	0	0	0	0	0	0
rna-XM_011534167.2	0	0	0	0	0	0
rna-XM_006713416.3	0	0	6	2	0	6
rna-XM_005265371.3	0	0	0	0	0	0
rna-NM_001171174.1	0	0	4	6	0	5
rna-NM_005201.3	0	0	0	0	0	0
rna-NM_001278322.1	0	0	0	0	0	0
rna-NM_000729.5	0	0	0	0	0	0
rna-XM_011533355.3	0	0	0	0	0	0
rna-NM_152393.3	0	0	0	0	0	0
rna-XM_011533969.2	0	0	0	0	2	0
rna-NM_001134656.1	0	0	0	0	0	0
rna-XM_005265640.3	0	0	0	2	0	0
rna-XM_017006201.1	0	0	0	0	0	0
rna-XM_017005686.1	0	0	0	0	0	0
rna-NM_031440.1	0	0	0	0	0	0
rna-NM_001195442.1	0	0	0	0	0	0
rna-NM_013270.4	0	0	0	0	2	2
rna-NM_199183.2	0	0	0	0	0	0
rna-NM_182702.2	0	0	0	0	0	0
rna-NM_000258.2	0	0	0	3	0	0
rna-NM_001008269.2	0	0	0	0	2	0
rna-XM_011534015.2	0	0	0	0	0	0
rna-XM_011533670.2	0	0	0	0	0	0
rna-XM_017006367.1	0	0	0	0	3	6
rna-XM_005265168.3	0	0	0	0	0	0
rna-NM_001085479.2	0	0	0	0	0	0
rna-NM_203424.1	0	0	0	0	0	0
rna-NM_001145059.1	0	0	0	0	0	0
rna-NM_152397.2	0	0	0	0	2	0
rna-NM_002215.3	0	0	0	0	5	0
rna-NM_004944.3	0	0	0	0	4	0
rna-NM_018008.3	0	0	0	0	0	0
rna-XM_017005731.1	0	0	0	0	0	0
rna-NM_001348756.1	0	0	0	0	0	0
rna-XM_024453353.1	0	2	2	0	4	2
rna-NM_001252216.1	0	0	0	0	0	0
rna-XM_011533371.1	0	0	0	0	0	0
rna-NM_001304418.1	0	0	0	0	0	0
rna-XM_017007619.2	0	0	0	0	0	0
rna-NM_018971.2	0	0	0	0	2	0
rna-NM_001126128.1	0	6	0	0	0	0
rna-XM_005264757.3	0	0	0	0	0	0
rna-XM_011533254.3	0	0	0	0	2	2
rna-NM_001122757.2	0	0	0	0	0	2
rna-XM_024453861.1	0	0	0	0	0	0
rna-NM_001105580.2	0	0	0	0	0	0
rna-NM_054106.1	0	0	0	0	0	0
rna-NM_001005338.1	0	0	0	0	0	2
rna-NM_001005514.1	0	0	0	0	0	2
rna-NM_001005515.1	0	0	0	0	0	0
rna-NM_001005479.1	0	0	0	0	0	0
rna-NM_001005482.1	0	0	0	0	0	0
rna-NM_001005517.1	0	0	0	0	0	0
rna-NM_001005516.1	0	0	0	0	0	0
rna-NM_001004736.3	0	0	0	0	0	0
rna-NM_001004737.1	0	0	0	0	0	2
rna-NM_005290.3	0	0	3	0	0	0
rna-NM_032579.2	0	0	0	0	0	0
rna-NM_016388.3	0	0	2	0	0	0
rna-NM_005459.3	0	0	0	0	0	0
rna-XM_011512691.1	0	0	0	0	0	0
rna-NM_001351622.1	0	0	0	0	0	0
rna-XM_011512443.1	0	0	0	0	0	0
rna-NM_018189.3	0	0	0	0	0	0
rna-NM_001008784.2	0	0	0	0	0	0
rna-NM_138806.3	0	2	0	0	4	6
rna-XM_017005829.1	0	0	0	0	0	0
rna-NM_007136.3	0	0	0	0	2	0
rna-NM_152539.2	0	0	0	0	0	0
rna-NM_006952.3	0	0	0	0	0	0
rna-NM_005191.3	0	0	0	2	0	0
rna-NM_014980.2	0	3	2	0	0	0
rna-NM_001012659.1	0	0	0	0	0	0
rna-NM_016298.3	0	0	0	4	0	0
rna-NM_005335.5	0	2	0	0	4	0
rna-NM_175862.4	0	0	0	0	0	0
rna-NM_001178065.1	0	0	0	0	0	0
rna-XM_011512933.2	0	4	8	0	0	0
rna-NM_033049.3	0	3	0	0	7	0
rna-NM_001165974.1	0	0	0	0	0	0
rna-XM_017005751.1	0	0	0	0	0	0
rna-NM_001007534.2	0	0	0	0	0	0
rna-XM_011512490.2	0	0	0	0	0	2
rna-NM_153330.4	0	0	0	0	0	0
rna-XM_011512702.1	0	0	0	0	0	0
rna-NM_000539.3	0	0	0	0	0	0
rna-NM_153833.2	0	0	0	0	0	0
rna-XM_011513345.2	0	2	0	0	0	0
rna-NM_001278298.1	0	0	0	0	0	0
rna-XM_011512423.3	0	3	0	0	3	0
rna-XM_017007315.1	0	0	0	3	0	0
rna-NM_025041.2	0	0	0	0	0	2
rna-NM_004189.3	0	0	0	0	0	0
rna-NM_016161.2	0	0	0	0	0	0
rna-NM_001134659.1	0	0	0	0	0	0
rna-NM_001013650.2	0	0	0	0	0	2
rna-NM_001134657.1	0	0	0	0	0	0
rna-XM_011512740.3	0	0	0	0	0	0
rna-XM_017005717.2	0	0	2	0	8	4
rna-XM_017006373.1	0	0	0	0	0	0
novel.212.1	0	0	0	2	0	0
rna-NM_001871.2	0	0	0	0	0	0
rna-NM_152394.4	0	5	4	0	4	5
rna-NM_001195794.1	0	0	0	0	0	0
rna-NM_001101337.1	0	0	0	0	0	0
rna-NM_001038705.2	0	0	0	0	0	0
rna-NM_001352129.1	0	0	0	0	0	0
rna-XM_011513375.1	0	0	0	0	0	0
rna-NM_025047.2	0	3	0	3	0	2
rna-NM_001080440.1	0	0	0	0	0	0
rna-NM_001041.3	0	3	0	0	0	0
rna-NM_001012303.2	0	0	0	0	0	0
rna-NM_001348951.1	0	0	4	0	4	0
rna-NM_024727.3	0	0	0	0	0	0
rna-NM_182610.3	0	0	0	0	0	0
rna-NM_000340.1	0	0	0	0	0	0
rna-NM_001164436.1	0	0	0	0	0	0
rna-NM_031955.5	0	0	0	0	2	4
rna-NM_181361.2	0	3	0	0	3	3
novel.241.1	0	0	0	0	0	0
rna-NM_130446.3	0	2	5	4	0	11
rna-NM_001163646.1	0	0	0	0	0	0
rna-NM_130770.2	0	0	0	0	0	0
rna-NM_001256614.1	0	0	0	0	10	0
rna-NM_001348206.1	0	0	0	1	0	0
rna-NM_001354571.1	0	2	3	0	0	0
rna-XM_011512681.2	0	4	0	2	0	0
rna-XM_005247415.4	0	0	2	0	0	0
rna-NM_001102416.2	0	0	0	0	0	0
rna-NM_153708.2	0	0	0	0	0	0
rna-NM_001048.3	0	0	0	0	0	0
rna-XM_017006302.1	0	0	0	0	0	0
rna-NM_207316.2	0	0	0	0	0	0
rna-NM_198184.2	0	0	0	0	3	3
rna-XM_017006091.1	0	0	0	0	0	0
rna-NM_001083308.1	0	0	0	0	0	0
rna-NM_032279.3	0	2	0	0	0	0
rna-XM_011513352.3	0	0	0	2	0	0
rna-NM_004488.2	0	0	0	3	0	0
rna-XM_011513362.2	0	0	0	0	0	0
rna-NM_001077657.2	0	0	0	0	0	0
rna-NM_001131034.3	0	0	0	0	0	0
rna-XM_024454318.1	0	0	0	0	0	0
rna-NM_001290079.1	0	0	0	0	0	0
rna-NM_001297439.1	0	2	0	0	0	0
rna-NM_177998.2	0	10	13	0	0	0
rna-XM_017008891.1	0	0	0	0	0	5
rna-XM_017007788.1	0	14	0	0	0	0
rna-NM_080819.4	0	0	0	0	2	0
rna-NM_018942.2	0	2	0	6	0	2
rna-NM_001358418.1	0	0	0	0	0	0
rna-XM_024454298.1	0	0	0	0	0	0
rna-NM_001256852.1	0	0	0	0	1	0
rna-NM_001256853.1	0	0	0	0	1	0
rna-NM_001256894.1	0	0	0	0	2	0
rna-NM_001256862.1	0	0	0	0	1	0
rna-NM_001256863.1	0	1	0	0	1	0
rna-NM_001242331.1	0	0	1	1	1	0
rna-NM_001242332.1	0	0	1	0	1	0
rna-NM_001256867.1	0	0	1	1	1	0
rna-NM_001040448.2	0	0	0	0	0	0
rna-XM_011513775.2	0	0	0	0	0	0
rna-XM_011513772.1	0	0	0	2	0	0
rna-NM_031950.3	0	12	19	4	4	0
rna-NM_001079827.2	0	0	0	0	0	0
rna-XM_011513693.2	0	0	0	0	0	0
rna-NM_001144990.1	0	0	0	0	0	0
rna-NM_001278368.1	0	0	0	0	0	0
rna-NM_003924.3	0	0	0	0	2	0
rna-NM_001029955.3	0	0	7	0	8	4
rna-NM_001080476.2	0	0	0	0	0	0
rna-XM_011513633.2	0	0	0	0	0	0
rna-NM_000809.3	0	0	0	0	0	0
rna-XM_011513755.1	0	0	0	0	0	0
rna-NM_001351574.1	0	0	0	0	0	0
novel.273.1	0	0	0	0	0	2
rna-NM_001010874.4	0	0	0	0	0	0
rna-XM_017008018.2	0	0	0	0	0	0
rna-NM_004262.2	0	0	0	0	0	0
rna-NM_182606.3	0	0	0	0	0	0
rna-NM_207407.2	0	2	0	0	0	0
rna-NM_182502.3	0	0	0	0	0	0
rna-NM_014058.3	0	0	0	0	0	0
rna-NM_001076.3	0	0	0	0	0	0
rna-NM_001075.5	0	0	2	0	0	0
rna-XM_011532247.2	0	0	0	0	0	0
rna-NM_021139.2	0	0	0	0	0	0
rna-NM_001105677.2	0	0	0	0	0	0
rna-NM_001252274.2	0	0	0	2	0	0
rna-XM_005265676.3	0	0	0	2	0	0
rna-NM_005420.2	0	0	0	0	0	0
rna-NM_001890.1	0	0	0	0	0	0
rna-XM_017007760.1	0	0	0	0	0	0
rna-NM_003154.2	0	0	0	0	0	0
rna-NM_000200.2	0	0	0	0	0	0
rna-NM_002159.3	0	0	0	0	0	0
rna-NM_214711.3	0	0	0	2	0	0
rna-XM_005265698.3	0	0	0	0	0	0
rna-XM_011531620.2	0	0	0	0	0	0
rna-NM_033122.3	0	0	0	0	0	0
rna-NM_012390.3	0	0	0	0	0	0
rna-NM_006685.3	0	0	0	0	0	0
rna-NM_016519.5	0	0	0	0	0	0
rna-NM_001204307.1	0	0	0	0	0	0
rna-NM_000477.6	0	0	0	0	0	0
rna-NM_001133.2	0	0	0	0	0	0
rna-NM_002620.3	0	0	0	0	0	0
rna-NM_001270989.1	0	0	0	0	3	4
novel.260.1	0	2	0	0	0	3
rna-XM_011531668.2	0	0	2	2	0	0
rna-NM_002416.2	0	0	0	0	3	0
rna-NM_006419.2	0	0	0	0	0	0
rna-XM_017008779.1	0	0	0	0	0	0
rna-NM_033214.2	0	0	0	0	0	0
rna-XM_017008885.1	0	0	0	2	0	0
rna-XM_011532442.2	0	2	0	0	0	0
rna-NM_014208.3	0	0	0	4	0	0
rna-XM_011531705.2	0	0	0	0	3	0
rna-NM_004967.3	0	0	0	8	0	0
rna-XM_006714278.2	0	0	0	0	3	0
novel.275.1	0	5	0	5	0	11
rna-NM_014485.2	0	0	0	0	0	0
rna-NM_005390.4	0	0	0	0	0	0
rna-XM_011531886.3	0	0	0	0	0	0
rna-NM_000667.3	0	0	0	0	3	0
rna-NM_001166504.1	0	0	0	0	0	0
rna-NM_032149.2	0	0	0	0	0	0
rna-NM_016242.3	0	0	0	3	1	3
rna-NM_001059.2	0	0	0	0	0	0
rna-NM_001242729.1	0	0	2	0	2	0
rna-XM_011531515.1	0	0	0	3	0	0
rna-NM_001039778.2	0	0	0	0	0	0
rna-NM_022569.2	0	4	2	0	0	0
rna-NM_016599.4	0	0	0	0	0	0
rna-NM_000134.3	0	0	0	0	0	0
rna-NM_139243.3	0	0	0	0	0	0
rna-NM_000586.3	0	0	0	0	0	0
rna-NM_021803.3	0	0	0	0	0	0
rna-XM_017008887.2	0	4	0	0	0	0
rna-XM_011531903.2	0	0	0	0	0	0
rna-NM_002099.7	0	0	0	0	0	0
rna-NM_001080531.2	0	0	0	0	0	0
rna-XM_017008900.2	0	0	0	0	0	0
rna-NM_005141.4	0	0	0	0	0	0
rna-NM_021870.2	0	0	0	0	0	0
rna-XM_011531695.3	0	0	0	0	2	0
rna-NM_017419.2	0	0	0	0	0	0
rna-NM_001083619.1	0	0	0	0	3	2
rna-NM_032136.4	0	0	0	3	3	8
rna-NM_001352885.1	0	0	0	0	0	0
rna-NM_001297550.1	0	2	0	0	0	0
rna-XM_011531683.2	0	0	3	0	0	0
rna-NM_006529.3	0	0	0	0	2	0
rna-NM_001278125.1	0	0	0	0	2	0
rna-XM_017008906.1	0	5	0	3	7	0
rna-XM_017008888.1	0	0	0	0	0	0
rna-NM_001300781.1	0	1	0	0	0	0
rna-NM_005958.4	0	0	0	0	0	0
rna-XM_011531607.2	0	0	0	0	2	2
rna-NM_178556.4	0	0	0	0	0	0
rna-NM_001306068.2	0	0	0	1	0	0
rna-NM_001080478.2	0	3	0	2	3	2
rna-NM_001003841.2	0	0	0	0	3	0
rna-NM_182632.2	0	0	0	0	0	0
rna-NM_001044.4	0	0	0	1	0	0
rna-XM_024446286.1	0	0	0	0	0	0
rna-NM_019599.2	0	0	0	0	1	0
rna-NM_001102562.2	0	0	0	0	0	0
rna-NM_001355258.1	0	0	0	0	0	0
rna-NM_020227.3	0	4	0	0	0	0
rna-NM_016279.3	0	0	0	0	0	0
rna-NM_016568.3	0	0	0	2	0	1
rna-NM_016180.4	0	0	0	2	2	0
rna-XM_024446276.1	0	0	1	0	7	4
rna-NM_001737.4	0	0	0	0	0	0
rna-XM_011514114.3	0	0	0	0	0	0
rna-NM_006308.2	0	0	0	0	0	0
rna-NM_007036.4	0	0	0	0	8	0
rna-NM_002104.2	0	2	0	0	0	0
rna-NM_006144.3	0	0	0	0	0	0
rna-NM_024415.2	0	0	3	0	0	0
rna-XM_017008942.1	0	0	0	0	0	0
rna-NM_001304429.1	0	0	0	0	0	0
rna-NM_138453.3	0	0	0	0	0	0
rna-XM_017009379.1	0	2	0	2	0	2
rna-NM_000524.3	0	0	0	0	0	0
rna-XM_017009384.1	0	12	4	3	0	0
rna-NM_001029875.2	0	0	0	0	0	0
rna-XM_017010105.2	0	1	1	1	1	1
rna-NM_004291.3	0	0	0	0	0	0
novel.303.1	0	0	0	0	0	0
rna-NM_152625.2	0	14	11	0	0	7
rna-NM_153217.2	0	0	0	2	6	0
rna-XM_011543298.3	0	2	7	5	7	0
rna-XM_011543282.3	0	0	0	0	0	0
rna-NM_017614.4	0	0	0	0	0	0
rna-NM_032567.3	0	0	0	0	0	0
rna-NM_001884.3	0	2	0	2	3	10
novel.330.1	0	2	2	0	0	0
rna-NM_152548.2	0	0	0	0	0	0
rna-XM_011543783.2	0	0	0	0	2	2
rna-XM_011543387.1	0	0	0	0	0	3
rna-NM_182761.3	0	0	0	0	0	0
rna-NM_177478.1	0	0	0	0	0	0
rna-NM_207408.2	0	0	0	0	0	2
rna-NM_001048252.2	0	0	0	0	0	2
rna-NM_133638.4	0	2	0	4	0	0
rna-NM_001257308.1	0	0	0	0	0	0
rna-NM_001303622.1	0	0	0	0	0	0
rna-NM_000588.3	0	0	0	0	0	0
rna-XM_005271988.4	0	0	0	0	0	0
rna-NM_000589.3	0	0	0	0	0	0
rna-XM_011543283.1	0	0	5	0	0	0
rna-XM_011543786.2	0	0	0	0	0	0
rna-NM_130848.2	0	3	0	0	0	0
rna-NM_001099221.1	0	0	0	0	0	0
rna-NM_006161.2	0	0	0	0	0	0
rna-NM_000590.1	0	0	0	0	0	11
rna-NM_002302.2	0	0	0	0	0	0
novel.342.1	0	0	0	0	0	0
rna-NM_020389.2	0	0	0	0	0	0
rna-XM_017009824.1	0	0	0	0	0	0
rna-XM_017009945.2	0	19	11	0	0	2
rna-NM_016459.3	0	0	0	4	0	0
rna-XM_024446279.1	0	0	0	0	0	0
rna-NM_021182.1	0	0	0	0	0	4
rna-NM_001080516.1	0	0	0	0	0	0
rna-NM_002700.2	0	2	0	4	0	0
rna-NM_194251.2	0	0	0	0	0	0
rna-NM_001127698.1	0	0	0	0	0	0
rna-NM_001001325.2	0	0	0	0	0	0
rna-NM_205841.3	0	0	0	0	0	0
rna-XM_011537717.3	0	0	0	0	0	0
rna-NM_001040129.2	0	0	0	0	0	0
rna-NM_032566.2	0	0	0	0	0	0
rna-XM_017009709.1	0	0	0	0	1	0
rna-NM_001040173.2	0	0	0	0	3	0
rna-XM_017009346.1	0	2	0	0	0	0
rna-NM_001804.2	0	0	0	0	0	0
rna-NM_181776.2	0	0	0	0	0	0
rna-NM_020167.4	0	0	0	0	0	0
rna-NM_001099293.2	0	0	1	0	0	0
rna-XM_017009724.1	0	0	0	0	0	4
rna-NM_130899.2	0	0	0	0	0	0
rna-NM_005546.3	0	0	0	0	0	2
rna-XM_011534416.2	0	0	0	0	0	0
rna-NM_002187.2	0	0	0	0	0	0
rna-NM_001130958.1	0	0	0	0	0	2
rna-XM_011534468.2	0	0	0	4	4	0
rna-NM_021911.2	0	0	0	0	0	0
rna-NM_000806.5	0	0	0	0	0	0
rna-NM_198903.2	0	0	0	0	0	0
rna-XM_011534432.2	0	0	0	0	0	0
rna-NM_005565.4	0	2	0	0	0	0
rna-NM_004137.3	0	0	0	0	0	0
rna-NM_021025.3	0	0	0	0	0	0
rna-XM_011534622.1	0	0	0	0	0	0
rna-NM_001144954.1	0	0	0	0	0	0
rna-NM_015980.4	0	5	4	4	0	0
rna-XM_005265799.1	0	0	0	0	0	3
rna-XM_011534709.2	0	0	0	0	0	0
rna-NM_001265615.1	0	0	0	1	0	0
rna-XM_011534499.2	0	0	0	0	1	2
rna-NM_003052.4	0	0	0	0	0	0
rna-NM_001029886.2	0	0	0	0	0	0
rna-XM_017010137.1	0	0	0	0	0	0
rna-NM_006261.4	0	0	0	0	0	0
rna-NM_001355471.1	0	0	0	0	0	0
rna-NM_001358008.1	0	0	0	0	0	0
rna-XM_017010138.1	0	2	0	5	2	6
rna-NM_000843.3	0	0	0	0	0	0
rna-XM_024446030.1	0	0	1	0	0	2
rna-NM_145867.1	0	3	4	2	0	0
rna-NM_052863.2	0	0	0	0	0	0
rna-NM_001001657.1	0	0	0	0	0	0
rna-NM_001040462.2	0	0	0	2	0	0
rna-NM_197975.2	0	0	0	0	0	0
rna-NM_001258283.1	0	0	0	0	0	0
rna-NM_206880.1	0	0	0	0	0	0
rna-XM_017011602.2	0	0	0	0	2	0
rna-NM_004155.5	0	0	0	2	7	4
rna-XM_017010480.2	0	0	0	0	0	0
rna-XM_017011505.1	0	0	0	0	0	0
rna-NM_004752.3	0	0	0	2	0	0
rna-XM_011514753.2	0	0	0	0	0	0
novel.393.1	0	0	0	0	0	0
novel.393.2	0	4	6	0	0	0
novel.393.3	0	0	0	0	0	0
rna-NM_080723.4	0	0	0	0	0	0
rna-NM_001282492.1	0	0	0	0	3	0
rna-NM_006998.3	0	0	0	0	2	0
rna-XM_017011201.2	0	0	0	0	0	0
rna-NM_170745.3	0	0	0	0	0	0
rna-NM_170610.2	0	0	0	0	0	0
rna-NM_005495.2	0	0	0	0	0	0
rna-NM_001098486.1	0	0	0	0	2	0
rna-XM_006714949.3	0	0	0	0	0	0
rna-NM_005325.3	0	0	0	0	0	0
rna-NM_003538.3	0	0	0	1	0	0
rna-NM_003544.2	0	0	0	0	6	2
rna-NM_003540.3	0	0	0	0	0	0
rna-NM_003547.2	0	0	0	0	0	2
rna-NM_003525.2	0	0	0	0	0	0
rna-XM_005249340.3	0	0	0	4	3	4
rna-NM_003521.2	0	0	0	0	2	2
rna-NM_003533.2	0	0	0	0	0	0
rna-NM_003546.2	0	0	0	0	1	0
rna-NM_001355425.1	0	0	0	0	0	0
rna-NM_001007531.2	0	0	0	0	0	0
rna-NM_182701.1	0	0	0	0	0	0
rna-NM_001509.2	0	0	0	0	0	0
rna-NM_001005226.2	0	0	0	0	0	0
rna-NM_001348294.1	0	0	0	0	0	0
rna-NM_001005216.3	0	0	0	0	0	0
rna-NM_030905.2	0	0	0	0	0	0
rna-NM_030946.1	0	0	0	0	0	0
rna-XM_011514930.2	0	0	0	0	0	0
rna-NM_030959.2	0	0	0	0	0	0
rna-NM_013936.3	0	0	0	1	0	0
rna-NM_001348208.1	0	0	0	0	0	0
rna-NM_013937.3	0	0	0	0	0	0
rna-NM_013941.3	0	0	0	0	0	0
rna-XM_017010739.1	0	0	0	0	1	0
rna-NM_052967.2	0	0	0	0	0	0
rna-XM_005249131.4	0	1	1	0	0	0
rna-XM_011514305.1	0	0	0	0	0	0
rna-XM_011514221.1	0	0	0	0	0	0
rna-NM_033229.2	0	0	0	0	0	0
rna-NM_205854.2	0	0	0	0	0	0
rna-NM_080870.3	0	0	0	0	1	0
rna-NM_001010909.4	0	0	0	0	0	0
rna-NM_001318484.1	0	0	0	0	0	0
rna-XM_005248870.4	0	0	0	0	0	0
rna-NM_001003693.2	0	0	0	0	0	0
rna-NM_001353334.1	0	0	0	0	1	1
rna-NM_021246.2	0	0	0	0	0	0
rna-NM_025261.2	0	0	0	1	0	0
rna-XM_017011330.1	0	0	0	0	0	0
rna-XM_024446307.1	0	0	0	0	0	0
rna-NM_001304561.1	0	1	0	0	1	0
rna-NM_019111.4	0	0	0	1	0	0
rna-XM_011514562.2	0	0	0	0	0	0
rna-NM_002124.3	0	0	0	0	0	0
rna-NM_001243961.1	0	0	0	0	0	0
rna-NM_020056.4	0	0	0	0	1	0
rna-XM_005249051.4	0	0	0	0	0	0
rna-NM_002418.2	0	0	0	0	2	0
rna-XM_017010820.1	0	0	0	0	0	1
rna-NM_001832.3	0	0	0	0	0	0
rna-NM_182548.3	0	3	0	4	2	0
rna-NM_052961.3	0	0	0	0	0	0
rna-XM_017010750.1	0	0	0	5	0	0
rna-NM_031460.3	0	0	0	0	0	0
rna-NM_001135105.1	0	0	0	0	0	0
rna-XM_024446535.1	0	0	0	0	0	2
rna-XM_017011110.1	0	0	0	0	0	0
rna-XM_011514396.2	0	0	0	0	0	0
rna-NM_024807.3	0	0	0	0	2	0
rna-NM_198153.2	0	0	0	0	0	0
rna-XM_011514696.2	0	0	0	0	0	0
rna-NM_004828.3	0	0	0	0	0	0
rna-NM_000322.4	0	0	0	2	4	0
rna-XM_017011364.1	0	0	0	18	10	0
rna-NM_145026.3	0	0	0	0	4	0
rna-NM_001114086.1	0	4	0	0	3	0
rna-NM_001162435.2	0	0	0	0	0	0
rna-XM_011514628.1	0	0	0	0	0	0
rna-NM_001010904.1	0	0	0	0	0	0
rna-XM_011514842.1	0	0	0	0	0	0
rna-NM_138733.4	0	0	0	0	0	0
rna-XM_017010860.1	0	0	0	0	0	0
rna-NM_001037499.1	0	0	0	0	0	0
rna-NM_001037729.1	0	0	0	0	0	0
rna-NM_001037497.1	0	0	0	0	0	0
rna-NM_001037498.1	0	0	0	0	0	0
rna-NM_172238.3	0	0	2	0	0	0
rna-NM_002190.2	0	0	0	0	0	0
rna-XM_011514276.1	0	0	0	0	0	0
rna-NM_000846.4	0	0	0	0	0	0
rna-XM_005249034.4	0	0	0	0	0	0
rna-NM_000847.4	0	0	0	0	0	0
rna-NM_207410.2	0	0	0	2	0	0
novel.369.1	0	0	0	0	0	0
rna-XM_011535429.3	0	0	0	0	2	5
rna-NM_001025290.2	0	0	0	0	0	0
rna-NM_001017361.2	0	0	0	0	0	0
rna-NM_001080507.2	0	0	0	0	0	5
rna-NM_001563.3	0	2	0	0	4	0
rna-NM_001282136.2	0	0	0	0	0	0
rna-XM_011535789.2	0	0	0	0	0	0
rna-XM_024446607.1	0	0	0	0	0	0
rna-NM_001252383.1	0	0	0	0	0	0
rna-NM_030960.2	0	0	0	0	2	0
rna-NM_002042.4	0	3	0	0	0	2
rna-NM_032602.1	0	0	0	0	0	0
rna-XM_017011600.1	0	0	0	0	0	0
rna-NM_020482.5	0	0	0	0	0	0
rna-NM_021620.3	0	2	0	0	0	0
rna-NM_032503.2	0	0	0	0	0	0
rna-XM_006715477.2	0	0	0	0	0	0
novel.371.1	0	5	4	14	0	10
rna-XM_017010677.1	0	0	2	0	0	0
rna-NM_001286099.1	0	0	0	0	0	0
rna-NM_001123364.2	0	0	0	3	0	0
rna-NM_033125.3	0	0	0	4	0	11
rna-NM_148963.3	0	0	0	0	0	0
rna-NM_173560.3	0	0	0	0	0	0
rna-NM_001010852.3	0	0	3	4	0	2
rna-NM_001010876.1	0	0	0	0	0	0
rna-NM_001195597.1	0	0	0	0	0	0
rna-NM_175057.3	0	0	0	0	0	0
rna-NM_053278.2	0	0	0	0	0	0
rna-NM_175067.1	0	0	0	0	0	0
rna-NM_003967.2	0	0	0	0	0	0
rna-NM_001033080.1	0	0	0	0	0	0
rna-NM_138327.2	0	0	0	0	0	0
rna-NM_052962.2	0	0	0	2	2	0
rna-NM_175747.2	0	0	0	0	0	0
rna-NM_002511.3	0	2	4	0	7	2
rna-NM_001358410.1	0	0	0	0	0	0
rna-NM_001013623.2	0	0	0	0	0	0
rna-XM_006715566.4	0	0	0	0	0	0
rna-XM_006715478.3	0	0	0	0	0	0
rna-NM_003381.3	0	0	0	2	9	0
rna-NM_001145279.3	0	3	0	0	0	0
rna-XM_024446608.1	0	0	0	0	0	0
rna-XM_017010312.2	0	4	0	0	0	0
rna-NM_002377.2	0	0	0	0	0	0
rna-NM_005577.2	0	0	0	1	2	1
rna-NM_000301.3	0	0	0	1	0	0
rna-XM_011536292.2	0	0	0	0	0	0
novel.383.1	0	0	0	0	0	0
novel.384.1	0	0	0	0	0	0
rna-XM_011536080.2	0	0	0	0	0	0
rna-XM_017010859.2	0	0	0	0	0	2
rna-NM_005299.2	0	0	0	2	0	0
rna-NM_031949.4	0	0	9	0	0	0
rna-XM_017011231.1	0	0	0	0	0	0
rna-NM_001129895.2	0	0	0	2	1	0
rna-XM_011535802.3	0	0	5	3	3	0
rna-XM_011536137.1	0	0	0	0	0	0
rna-NM_214462.4	0	0	0	0	0	0
rna-XM_011536065.1	0	12	9	1	0	0
rna-XM_017011620.1	0	0	2	0	0	0
rna-XM_011536308.2	0	0	0	0	2	0
rna-XM_024446615.1	0	2	0	0	0	0
rna-XM_011515664.2	0	0	0	0	0	0
rna-XM_017012903.2	0	0	0	0	0	0
rna-XM_024447029.1	0	5	6	1	4	0
rna-NM_001080461.2	0	0	0	0	2	0
rna-XM_017012899.1	0	0	0	0	0	0
rna-XM_011515405.2	0	0	0	0	0	0
rna-NM_001100600.1	0	0	0	2	0	0
rna-XM_011515485.2	0	0	0	2	0	0
rna-XM_024447030.1	0	6	2	0	2	0
rna-NM_152745.2	0	0	0	0	0	0
novel.417.1	0	0	0	0	0	0
rna-NM_015464.2	0	0	0	0	2	0
rna-NM_176813.4	0	0	0	0	0	0
rna-NM_175886.2	0	0	0	0	0	0
rna-NM_152898.2	0	0	0	0	0	0
rna-XM_017011928.2	0	0	2	0	0	0
rna-NM_001163941.1	0	0	0	2	0	2
rna-NM_182700.5	0	33	23	12	2	13
rna-XM_011515449.3	0	0	0	0	0	0
rna-NM_022150.3	0	0	0	0	0	0
rna-XM_017012912.1	0	0	0	0	0	0
rna-XM_017012010.1	0	0	0	2	0	2
rna-NM_001989.4	0	0	0	0	0	2
rna-NM_014817.3	0	19	50	2	0	2
rna-XM_005249924.3	0	0	3	3	0	2
novel.422.1	0	1	0	6	0	38
novel.422.2	0	6	0	4	11	154
rna-NM_001202475.1	0	0	0	0	0	2
rna-NM_006774.4	0	6	10	6	4	0
rna-NM_022728.3	0	0	0	0	0	0
rna-NM_001257968.2	0	1	0	0	0	0
rna-NM_006658.4	0	0	0	0	0	2
rna-NM_001300935.1	0	0	0	0	0	0
rna-NM_001177506.1	0	0	0	2	0	5
rna-XM_011515374.3	0	0	4	6	2	4
rna-NM_016616.4	0	0	0	0	0	0
rna-XM_011515113.2	0	0	0	0	0	0
rna-NM_033054.2	0	0	4	5	0	2
rna-XM_006715631.3	0	0	0	0	0	0
novel.426.1	0	0	0	6	0	62
rna-NM_198570.4	0	4	2	2	0	11
rna-XM_011515095.2	0	0	0	0	0	0
rna-NM_001161834.2	0	0	0	0	0	3
rna-XM_011515058.2	0	0	0	0	0	0
rna-XM_017012923.2	0	0	0	0	0	0
rna-NM_182595.3	0	0	0	0	0	0
rna-XM_017011841.1	0	0	0	0	0	0
novel.427.1	0	0	0	2	0	0
rna-NM_207366.2	0	4	0	0	0	0
rna-NM_001145712.1	0	0	0	0	0	0
rna-XM_024447034.1	0	0	0	0	0	0
rna-XM_024447036.1	0	0	0	0	0	0
rna-XM_024447035.1	0	0	0	0	0	0
rna-XM_011515608.3	0	0	0	0	0	0
rna-XM_024447042.1	0	0	0	0	0	0
rna-XM_024447027.1	0	0	0	0	0	0
rna-XM_024447038.1	0	0	0	0	0	0
rna-XM_024447043.1	0	0	0	0	0	0
rna-XM_005250748.3	0	0	0	0	0	0
rna-XM_024447037.1	0	0	0	0	0	0
rna-XM_005250737.3	0	0	0	0	0	0
rna-XM_024447039.1	0	0	0	0	0	0
rna-XM_024447040.1	0	0	0	0	0	0
rna-XM_024447044.1	0	0	0	0	1	0
rna-XM_024447041.1	0	0	0	0	0	0
rna-XM_017012930.2	0	0	0	0	0	0
rna-XM_017012932.2	0	0	0	0	1	0
rna-NM_001159524.1	0	0	0	0	0	0
rna-NM_153363.2	0	0	0	0	1	0
rna-XM_011516745.2	0	0	0	0	0	0
rna-NM_001102386.2	0	0	0	0	0	0
rna-NM_181646.4	0	0	0	0	0	0
rna-XM_011515904.2	0	0	0	0	0	0
rna-XM_011516764.2	0	0	0	0	0	0
rna-NM_001161528.1	0	0	0	0	0	3
rna-NM_001288804.2	0	3	3	4	3	0
rna-NM_021955.4	0	0	0	2	5	4
rna-NM_000446.6	0	0	0	0	0	0
rna-NM_000940.2	0	0	0	0	0	0
rna-NM_016116.2	0	0	3	0	0	0
rna-NM_005221.5	0	0	0	0	0	0
rna-NM_003182.2	0	0	0	0	0	0
rna-NM_017460.5	0	0	0	7	0	8
rna-NM_022820.4	0	0	0	0	0	0
rna-NM_001005276.1	0	0	0	0	0	0
rna-NM_016188.4	0	0	2	0	0	0
rna-NM_001040105.1	0	0	0	6	0	0
rna-NM_138403.4	0	0	0	0	0	0
rna-NM_199000.2	0	0	0	2	0	4
rna-NM_000441.1	0	5	8	10	17	12
rna-NM_001024607.2	0	0	0	0	0	0
rna-NM_002711.3	0	0	0	0	0	0
rna-NM_130768.2	0	0	0	0	0	0
rna-NM_016945.2	0	0	0	0	0	0
rna-XM_011515816.2	0	0	0	0	0	0
rna-NM_003117.4	0	0	0	0	0	0
rna-NM_001136002.1	0	0	0	0	0	0
rna-NM_001024603.2	0	0	0	0	0	0
rna-XM_011516091.2	0	0	2	5	10	3
rna-NM_020369.2	0	0	0	0	0	0
rna-XM_011516276.3	0	0	0	0	0	0
rna-NM_000230.2	0	0	0	0	0	0
rna-NM_145268.3	0	0	3	0	3	0
rna-NM_001868.3	0	0	2	0	0	0
rna-NM_001080538.2	0	0	0	0	3	0
rna-NM_001080511.3	0	0	0	0	0	0
rna-NM_016943.2	0	0	0	0	2	0
rna-NM_001001656.1	0	0	0	0	0	0
rna-NM_013252.2	0	0	0	0	0	0
rna-NM_176817.4	0	0	0	0	0	0
rna-NM_001293626.1	0	0	0	0	0	1
rna-NM_001001317.4	0	0	0	0	0	0
rna-NM_001190487.2	0	0	0	0	0	0
rna-XM_011516411.1	0	1	0	0	2	0
rna-NM_018646.5	0	0	1	0	0	0
rna-NM_178829.4	0	0	0	0	0	0
rna-NM_001001658.1	0	0	0	0	0	0
rna-NM_001001667.1	0	0	0	0	0	0
rna-NM_002652.2	0	0	0	0	0	0
rna-NM_176881.2	0	0	0	0	0	0
rna-NM_176882.2	0	0	0	0	0	0
rna-NM_000083.2	0	0	0	0	0	3
rna-NM_177437.1	0	0	0	0	0	0
rna-NM_176883.2	0	0	0	0	0	0
rna-XM_011516020.2	0	0	0	0	0	0
rna-NM_001004685.1	0	0	0	0	0	0
rna-NM_001005281.1	0	0	0	0	0	0
rna-NM_012365.1	0	0	0	0	0	0
rna-NM_001004488.1	0	0	0	1	0	0
rna-NM_001004135.1	0	0	0	0	0	0
rna-NM_001005480.2	0	0	0	0	0	0
rna-NM_001001659.1	0	0	0	0	0	0
rna-NM_001080413.3	0	0	0	0	0	0
rna-NM_145304.3	0	0	0	0	0	0
rna-NM_175571.3	0	2	0	2	0	4
rna-NM_153236.3	0	0	0	0	0	0
rna-XM_017012936.1	0	0	0	0	0	0
rna-XM_005250017.1	0	0	0	0	0	0
rna-NM_001244072.1	0	2	0	0	6	0
rna-NM_001098834.2	0	0	0	2	0	5
rna-NM_001142459.1	0	0	0	4	0	0
rna-NM_001304419.1	0	0	0	0	0	0
rna-NM_130797.3	0	0	0	0	0	0
rna-XM_017012898.2	0	0	0	0	0	0
rna-NM_024012.3	0	0	0	2	6	4
rna-NM_001103176.1	0	0	0	5	0	0
rna-NM_001346810.1	0	0	0	0	0	0
rna-XM_011534774.2	0	0	0	0	0	1
rna-NM_033225.5	0	0	0	0	0	0
rna-XM_017014118.1	0	0	0	0	0	0
rna-XM_017014138.1	0	0	0	0	0	0
rna-NM_005218.3	0	0	0	0	0	0
rna-NM_001925.2	0	0	0	0	0	0
rna-XM_011534740.3	0	0	0	0	0	0
rna-NM_001302265.1	0	0	0	0	0	0
rna-XM_011534741.2	0	0	0	0	0	0
rna-NM_021010.2	0	0	0	0	0	0
rna-NM_001205266.1	0	0	0	0	0	0
rna-NM_018661.4	0	0	0	0	0	0
rna-NM_058201.2	0	0	0	0	0	0
rna-NM_001040702.1	0	0	0	0	0	0
rna-NM_001040704.1	0	0	0	0	0	0
rna-NM_001040703.2	0	0	0	0	0	0
rna-NM_001040705.1	0	0	0	0	0	0
rna-NM_001037668.1	0	0	0	0	0	0
rna-NM_152250.2	0	0	0	0	0	0
rna-NM_152251.3	0	0	0	0	0	0
rna-NM_080389.2	0	0	0	0	0	0
rna-XM_005272392.5	0	0	0	0	0	0
rna-NM_001081551.3	0	0	0	0	0	0
rna-NM_004942.3	0	0	2	2	1	0
rna-NM_001256872.1	0	0	0	0	0	0
rna-NM_001256871.1	0	0	0	0	0	0
rna-NM_198464.3	0	0	0	0	0	0
rna-XM_024447091.1	0	0	0	0	0	0
rna-NM_054028.1	0	1	2	0	1	2
rna-NM_001033018.2	0	0	0	0	0	0
rna-NM_001033017.2	0	0	0	0	0	0
rna-XM_017013724.1	0	0	0	0	0	0
rna-NM_001195257.1	0	0	0	0	0	0
rna-NM_001039615.3	0	0	0	0	0	0
rna-NM_001256869.1	0	0	0	0	0	0
rna-NM_201402.2	0	0	0	0	7	0
rna-XM_017012938.1	0	0	2	5	0	0
rna-NM_003053.3	0	2	0	0	0	0
rna-NM_003974.3	0	0	0	0	0	4
rna-XM_011544414.2	0	0	0	0	2	0
rna-NM_014479.3	0	0	0	0	0	0
rna-XM_017013943.1	0	0	0	0	0	0
rna-XM_017013094.1	0	0	0	0	0	0
rna-XM_011544523.2	0	2	0	0	2	0
rna-XM_011544559.2	0	0	0	0	0	0
rna-NM_001031836.2	0	2	2	0	0	0
rna-NM_152413.2	0	0	0	0	0	0
rna-NM_000025.2	0	0	0	0	0	0
rna-NM_207412.2	0	4	0	0	0	0
rna-NM_014237.2	0	0	0	0	1	0
rna-NM_001464.4	0	0	0	0	0	0
rna-NM_194294.2	0	0	0	0	4	4
rna-XM_017013143.1	0	0	2	2	0	0
rna-XM_017013316.1	0	0	0	0	0	2
rna-NM_000749.4	0	0	0	0	0	0
rna-XM_024447146.1	0	0	2	0	0	2
rna-XM_011517651.3	0	0	0	0	0	0
rna-XM_017014129.1	0	0	0	0	0	0
rna-XM_024447272.1	0	0	0	0	0	0
rna-NM_001256596.1	0	0	0	0	0	0
rna-NM_001287813.2	0	7	0	0	0	0
rna-NM_001352836.1	0	0	0	0	0	0
rna-NM_207413.3	0	0	0	0	0	0
rna-NM_005285.3	0	0	0	0	0	0
rna-NM_001318497.1	0	0	0	0	0	0
rna-NM_022454.3	0	0	0	0	0	0
rna-XM_017014124.1	0	0	0	0	0	0
rna-XM_017014157.1	0	0	0	0	0	0
rna-NM_052898.1	0	0	0	0	0	2
rna-NM_005372.1	0	0	0	0	0	0
rna-NM_001318049.1	0	0	0	0	0	0
rna-NM_001135690.2	0	2	0	0	0	2
novel.512.1	0	0	0	0	0	0
rna-XM_017014120.1	0	0	0	0	0	0
rna-NM_001304533.1	0	9	0	0	0	0
rna-NM_152414.4	0	0	0	2	0	0
rna-XM_017014002.1	0	0	0	0	2	2
rna-NM_001349432.1	0	0	0	0	0	0
rna-NM_000756.3	0	0	0	0	0	0
rna-XM_006716440.3	0	0	0	0	4	0
rna-NM_024504.3	0	0	0	0	0	0
rna-NM_005098.3	0	0	0	0	0	0
rna-NM_004770.2	0	0	0	0	0	0
rna-XM_011517434.3	0	0	0	0	0	0
rna-NM_001324403.1	0	12	16	2	3	0
rna-NM_002677.4	0	0	0	0	0	0
rna-NM_001080526.1	0	0	0	0	0	0
rna-XM_011517577.2	0	0	0	0	0	0
rna-NM_001100391.2	0	0	0	0	0	0
rna-XM_005251121.2	0	1	0	0	1	1
rna-XM_005251122.3	0	1	1	1	1	1
rna-XM_002342862.6	0	1	1	1	1	1
rna-XM_017013929.1	0	0	0	0	0	0
rna-NM_152565.1	0	12	4	4	0	0
rna-NM_138817.2	0	0	0	0	0	0
rna-NM_019098.4	0	0	4	0	6	0
rna-XM_017013149.1	0	0	0	0	0	0
rna-NM_152418.3	0	0	0	2	2	0
rna-NM_001242668.1	0	0	0	2	0	0
rna-NM_033512.2	0	0	0	2	2	0
rna-NM_015668.4	0	0	0	0	0	0
rna-NM_024915.3	0	0	0	0	0	0
rna-NM_024410.3	0	0	0	0	0	0
novel.542.1	0	0	0	2	0	0
rna-XM_011517321.1	0	0	0	0	0	0
rna-XM_024447063.1	0	0	0	0	0	0
rna-XM_011517018.1	0	0	0	0	4	4
rna-XM_011517263.2	0	0	0	0	0	0
rna-XM_017013969.1	0	0	0	0	0	0
rna-NM_001025357.2	0	0	0	0	0	0
rna-NM_173851.2	0	0	0	0	0	0
rna-XM_005250901.5	0	0	0	0	0	0
rna-NM_001003954.2	0	0	0	0	3	2
novel.522.1	0	0	0	0	0	2
rna-NM_001080399.2	0	0	0	0	0	0
rna-NM_001145095.1	0	0	0	0	0	0
rna-NM_003882.3	0	6	0	2	6	19
rna-XM_011517062.1	0	0	0	0	0	0
rna-NM_152888.2	0	0	0	0	2	0
rna-NM_207414.2	0	0	0	0	0	0
rna-NM_020427.2	0	0	0	0	0	0
rna-NM_205545.2	0	0	0	0	0	0
rna-NM_002066.2	0	0	0	0	0	0
rna-NM_000497.3	0	0	0	0	0	0
rna-NM_000498.3	0	0	0	0	0	0
rna-XM_017014130.1	0	0	0	0	0	0
rna-NM_178172.5	0	0	0	0	3	3
rna-NM_001162914.1	0	0	0	0	1	1
rna-XM_011516925.2	0	0	0	0	0	1
rna-XM_011517021.1	0	0	0	0	0	0
rna-NM_021240.3	0	0	0	0	0	0
rna-XM_011517690.2	0	0	0	0	0	0
rna-NM_133497.3	0	2	2	3	0	4
rna-NM_007179.2	0	0	0	0	0	0
rna-NM_002195.1	0	0	0	0	0	0
rna-NM_006911.3	0	0	0	7	0	2
rna-NM_001314044.1	0	0	0	0	2	0
rna-NM_033516.5	0	0	0	0	0	0
rna-XM_011518088.2	0	0	0	0	0	0
novel.594.1	0	11	2	8	2	44
rna-NM_005454.2	0	0	0	0	0	0
rna-XM_017015395.1	0	0	0	0	0	0
rna-NM_001271829.1	0	0	0	0	0	0
rna-XM_011517744.1	0	0	0	0	0	0
rna-NM_002177.2	0	0	2	3	0	5
rna-NM_002175.2	0	0	0	0	0	0
rna-NM_021068.2	0	0	0	0	0	0
rna-NM_021057.2	0	0	0	0	0	0
rna-NM_002171.2	0	0	0	0	0	0
rna-NM_002173.3	0	0	0	0	0	0
rna-NM_021268.2	0	0	0	0	0	0
rna-NM_002172.2	0	0	0	0	0	0
rna-NM_002169.2	0	0	0	0	0	0
rna-NM_021002.2	0	0	0	0	0	0
rna-NM_006900.3	0	0	0	0	0	0
rna-NM_000605.3	0	0	0	0	0	0
rna-NM_002170.3	0	0	0	0	0	0
rna-NM_024013.2	0	0	1	0	0	0
rna-NM_176891.4	0	0	0	0	0	1
rna-XM_017014175.1	0	0	0	0	0	0
rna-NM_000459.4	0	0	0	7	6	0
rna-NM_020641.2	0	0	0	0	0	0
rna-NM_153809.2	0	0	1	2	0	0
rna-NM_212558.2	0	2	0	0	0	2
rna-XM_005251453.3	0	0	0	2	0	0
rna-NM_006274.2	0	0	0	0	0	0
rna-NM_002989.3	0	0	0	0	0	0
rna-NM_203299.3	0	0	2	2	0	0
rna-NM_001004487.1	0	0	0	3	0	3
rna-NM_019897.2	0	1	0	0	0	0
rna-XM_011518006.2	0	0	0	0	0	0
rna-XM_011517871.3	0	0	0	0	0	0
rna-XM_024447729.1	0	1	0	0	1	0
rna-NM_153237.1	0	10	15	0	0	3
rna-NM_002732.3	0	0	0	0	0	0
rna-NM_001128618.1	0	0	0	0	0	0
rna-XM_017015333.2	0	0	0	0	0	0
rna-NM_001013735.1	0	0	0	0	0	0
rna-NM_001145197.1	0	0	1	0	0	0
rna-NM_207416.2	0	0	0	0	0	0
rna-NM_001001670.2	0	0	0	2	0	0
novel.578.1	0	3	0	0	0	0
rna-NM_178828.4	0	0	0	0	0	0
rna-XM_011518702.1	0	0	0	2	0	0
rna-NM_001350978.1	0	0	0	0	0	0
rna-XM_006717347.3	0	0	0	0	0	0
novel.613.1	0	0	0	0	0	0
rna-NM_003177.6	0	0	0	0	0	0
rna-NM_001350291.1	0	0	0	0	0	0
rna-XM_017015402.1	0	0	0	0	0	0
rna-XM_017015408.1	0	4	5	6	1	2
rna-NM_001127628.1	0	0	3	0	0	0
rna-NM_018437.4	0	0	0	0	0	0
rna-NM_207299.1	0	0	0	0	2	0
rna-NM_001701.3	0	0	4	1	0	7
rna-NM_000035.3	0	2	4	0	6	6
rna-NM_001340.4	0	0	0	0	0	0
rna-NM_001004485.1	0	0	0	0	0	0
rna-NM_001001919.1	0	0	0	0	0	0
rna-NM_001001961.1	0	0	0	0	0	0
rna-NM_001004483.1	0	0	0	0	0	0
rna-NM_001004482.1	0	0	0	0	2	1
rna-NM_001001956.1	0	0	0	0	0	0
rna-NM_001004484.1	0	0	0	0	0	0
rna-NM_006686.3	0	0	0	0	1	2
rna-NM_006687.3	0	0	0	3	0	0
rna-XM_017015385.1	0	0	0	2	0	0
rna-XM_011518520.2	0	0	0	0	0	0
rna-NM_033051.3	0	2	0	0	2	0
rna-XM_024447413.1	0	0	0	0	2	0
rna-XM_024447566.1	0	0	0	0	0	0
rna-XM_017015392.1	0	0	0	0	0	0
novel.620.1	0	0	0	0	0	2
novel.620.2	0	0	0	0	0	0
rna-NM_001004452.1	0	0	0	2	0	0
rna-NM_012363.1	0	0	2	5	4	2
rna-XM_017014285.1	0	0	0	0	0	0
rna-NM_001004457.1	0	0	0	0	0	0
rna-NM_012364.1	0	0	0	0	0	0
rna-XM_017014695.1	0	0	0	0	0	0
rna-NM_001005236.3	0	0	0	0	0	0
rna-NM_001005234.1	0	0	0	0	0	0
rna-NM_001005235.1	0	0	0	0	0	0
rna-NM_001004453.2	0	0	0	0	0	0
rna-NM_001001923.1	0	0	0	0	0	2
rna-NM_080859.1	0	0	0	0	0	0
rna-NM_032728.3	0	0	6	7	8	3
rna-XM_017015411.2	0	0	0	0	0	0
rna-NM_020064.3	0	3	0	2	0	0
rna-XM_011519068.2	0	0	1	0	3	0
rna-XM_017015413.2	0	4	0	0	0	0
rna-XM_011519275.2	0	0	0	0	0	0
rna-XM_017014654.1	0	0	0	0	0	0
rna-NM_020469.2	0	0	0	0	0	0
rna-NM_001080483.2	0	0	0	0	0	0
rna-XM_005272203.5	0	0	0	0	0	0
rna-NM_004108.2	0	0	0	0	0	0
rna-NM_002003.4	0	0	0	0	0	0
rna-NM_173520.2	0	0	0	0	0	0
rna-XM_011518675.2	0	0	0	0	0	0
rna-XM_017014656.1	0	0	0	0	0	0
rna-XM_011519279.1	0	0	0	0	0	0
rna-XM_011518636.2	0	0	0	0	0	0
rna-XM_017014712.1	0	0	0	0	0	0
rna-XM_011518698.3	0	0	0	3	0	2
rna-XM_011519280.2	0	1	0	0	3	2
rna-XM_011518679.2	0	0	0	1	2	0
rna-NM_198946.2	0	0	0	0	0	0
rna-XM_011518561.2	0	0	5	0	3	6
rna-NM_001351145.1	0	0	0	0	0	0
rna-NM_207510.3	0	0	0	0	0	0
rna-NM_001282477.1	0	0	0	0	0	0
rna-NM_018702.3	0	0	0	0	0	2
rna-XM_011519770.2	0	0	0	0	0	0
rna-XM_011519715.2	0	0	0	0	0	0
rna-NM_001818.3	0	0	0	0	0	0
rna-NM_053049.3	0	0	0	0	0	0
rna-NM_024803.2	0	16	12	0	5	4
rna-NM_017422.4	0	0	0	0	0	0
rna-NM_005185.3	0	0	2	0	0	0
rna-NM_000417.2	0	0	0	0	0	4
rna-NM_002216.2	0	0	1	0	0	0
rna-NM_024693.4	0	0	0	0	1	0
rna-NM_145314.2	0	0	0	0	0	0
rna-NM_003638.2	0	4	0	5	4	0
rna-NM_001098844.2	0	2	3	0	0	3
rna-NM_002438.3	0	0	0	0	0	6
rna-NM_001145195.1	0	0	0	0	0	0
rna-XM_011519453.2	0	0	0	0	0	0
rna-NM_001199938.1	0	0	0	0	0	0
rna-NM_173081.4	0	2	4	0	0	2
rna-NM_178161.2	0	0	0	0	0	0
rna-XM_017016029.1	0	0	0	0	0	0
rna-NM_017433.4	0	0	0	0	0	0
rna-NM_000818.2	0	0	0	0	0	0
rna-NM_001034842.3	0	0	0	0	0	0
novel.625.1	0	0	0	0	0	152
novel.625.2	0	0	0	8	0	87
rna-NM_032517.4	0	0	0	0	0	0
rna-NM_183058.2	0	0	0	0	0	0
rna-NM_153368.2	0	0	0	0	8	7
rna-XM_011519757.3	0	0	2	0	0	0
rna-NM_001190489.1	0	0	0	0	0	0
novel.662.1	0	0	0	0	0	0
rna-NM_001282862.1	0	0	0	0	1	0
rna-NM_173160.2	0	0	2	0	0	0
rna-XM_017017012.1	0	0	0	0	0	0
rna-NM_001123376.2	0	0	0	6	0	0
rna-NM_001351234.1	0	0	0	0	0	0
rna-NM_002443.3	0	0	0	0	2	0
rna-NM_001278688.2	0	0	0	0	0	0
rna-NM_001042357.4	0	0	0	0	0	0
rna-NM_004962.4	0	0	0	3	0	0
rna-NM_016204.3	0	0	0	0	0	0
rna-NM_001137549.1	0	0	0	0	0	0
rna-XM_011539114.2	0	0	0	2	3	3
rna-NM_001137548.2	0	0	0	0	0	0
rna-NM_001164484.1	0	0	0	0	0	0
rna-XM_017015792.1	0	0	0	0	0	0
rna-XM_005269478.4	0	0	0	0	0	0
rna-NM_182554.3	0	0	0	0	0	0
rna-NM_001190478.1	0	0	0	0	0	0
novel.641.1	0	13	10	0	0	2
rna-NM_001304731.1	0	0	0	0	0	0
rna-XM_017016280.1	0	0	0	0	0	0
rna-NM_022146.4	0	0	0	0	0	0
rna-XM_017015845.1	0	0	2	0	0	0
rna-NM_152635.2	0	0	0	0	2	5
rna-NM_032562.4	0	0	0	0	0	0
rna-NM_001114133.2	0	0	0	4	0	2
rna-XM_005270128.3	0	5	12	6	0	12
rna-NM_001093770.2	0	0	0	0	0	0
rna-NM_207372.2	0	0	0	0	4	2
rna-XM_017015573.2	0	0	0	0	0	0
rna-NM_001284223.1	0	0	0	0	2	0
rna-NM_015613.2	0	0	0	0	0	0
rna-NM_001146157.2	0	0	0	4	0	0
rna-NM_001198829.1	0	0	0	0	0	2
rna-XM_011540073.3	0	0	0	0	1	0
rna-XM_011540083.2	0	0	0	0	5	0
rna-XM_011539748.3	0	0	0	0	0	0
rna-NM_144590.2	0	0	0	2	4	0
rna-NM_183374.2	0	0	0	0	0	0
rna-NM_000783.3	0	3	0	0	11	4
rna-NM_181745.3	0	0	2	0	0	7
rna-NM_005097.3	0	0	0	0	0	0
rna-NM_000772.2	0	0	0	4	4	6
rna-NM_000769.3	0	0	0	0	2	0
rna-NM_000771.3	0	0	0	0	0	0
rna-NM_000770.3	0	23	43	12	4	9
rna-NM_207321.2	0	0	0	2	0	0
rna-XM_011539728.2	0	2	0	1	0	0
rna-NM_004088.3	0	0	0	0	0	0
rna-NM_033207.4	0	0	2	0	0	0
rna-NM_021828.4	0	0	0	0	0	0
rna-NM_145285.2	0	0	0	0	0	0
rna-NM_001308.2	0	0	0	0	0	0
rna-NM_016112.2	0	0	0	0	0	0
rna-NM_033163.3	0	0	3	0	5	6
rna-NM_014978.2	0	0	0	0	0	0
rna-XM_017015614.2	0	0	0	0	0	0
rna-NM_000681.3	0	0	0	3	2	0
rna-NM_058222.2	0	0	2	0	0	0
rna-NM_004132.4	0	0	0	2	0	0
rna-NM_001261463.1	0	7	0	5	0	2
rna-XM_011539962.1	0	0	2	0	1	0
rna-NM_198515.2	0	0	0	0	0	0
rna-NM_001011709.2	0	0	0	0	0	2
rna-NM_000936.3	0	0	0	0	0	0
rna-NM_006229.3	0	0	0	0	0	0
rna-NM_005396.4	0	0	0	0	0	0
rna-XM_011539340.3	0	0	0	0	0	0
rna-NM_001112704.1	0	0	0	0	0	0
rna-NM_181840.1	0	0	0	0	0	0
rna-NM_004248.2	0	0	0	2	0	0
rna-NM_001099667.2	0	0	0	2	4	5
rna-NM_001010912.3	0	0	0	0	0	0
rna-XM_024448280.1	0	0	0	0	0	0
rna-XM_017015638.1	0	0	0	0	0	0
rna-NM_001105574.1	0	3	0	0	0	3
rna-NM_153442.3	0	0	0	0	2	0
rna-NM_198148.2	0	0	2	0	0	0
rna-NM_147191.1	0	0	0	0	0	0
rna-NM_001030013.1	0	6	6	3	0	0
rna-NM_207426.2	0	0	0	0	0	0
rna-NM_152311.4	0	0	2	0	0	0
rna-XM_006717739.3	0	0	0	2	0	0
rna-XM_005252695.1	0	0	0	1	0	0
rna-NM_003577.2	0	0	2	0	0	0
rna-XM_005252804.3	0	0	0	0	0	0
rna-NM_053280.4	0	0	0	0	0	0
rna-NM_005961.2	0	0	0	1	1	0
rna-NM_001012708.2	0	0	0	0	0	0
rna-NM_001347674.1	0	0	0	0	0	0
rna-NM_001001480.2	0	0	0	0	0	0
rna-NM_001012416.1	0	0	1	0	1	0
novel.682.1	0	0	0	0	0	0
rna-NM_001042376.2	0	0	0	0	0	0
rna-NM_000207.2	0	0	0	0	0	0
rna-NM_001142946.2	0	0	9	0	0	10
rna-XM_017017628.1	0	0	0	0	0	1
rna-NM_001164377.1	0	0	0	0	0	0
rna-NM_001039165.3	0	0	0	0	0	0
rna-XM_011520530.2	0	0	0	0	0	0
rna-NM_001005161.3	0	0	0	0	0	0
rna-NM_001005172.2	0	0	0	0	0	0
rna-NM_001005171.2	0	0	0	0	0	0
rna-NM_001004137.1	0	0	0	0	0	0
rna-NM_144663.1	0	0	0	0	0	0
rna-NM_001005170.2	0	0	0	0	0	0
rna-NM_001005169.1	0	0	0	0	0	0
rna-NM_001004751.2	0	0	0	0	0	0
rna-NM_152430.3	0	0	0	0	0	0
rna-NM_001004752.1	0	0	0	0	0	0
rna-NM_001005177.3	0	0	0	0	0	0
rna-NM_001004753.1	0	0	0	0	0	0
rna-NM_001004758.1	0	0	0	0	0	0
rna-NM_001348291.1	0	0	0	0	0	0
rna-NM_001004759.1	0	0	0	0	0	0
rna-NM_001004749.1	0	0	0	0	0	0
rna-NM_001005238.1	0	0	0	0	0	0
rna-NM_001005237.1	0	0	0	0	0	0
rna-NM_001005329.1	0	0	0	0	0	0
rna-NM_001004748.1	0	0	0	0	0	0
rna-NM_021801.4	0	0	0	0	0	0
rna-NM_001004755.1	0	0	0	0	0	0
rna-NM_001001916.2	0	0	0	0	0	0
rna-NM_001005164.2	0	0	0	0	0	0
rna-NM_001348221.1	0	0	0	0	0	0
rna-NM_001005160.2	0	0	0	0	0	0
rna-NM_012375.2	0	0	0	0	0	0
rna-NM_001348257.1	0	0	0	0	0	0
rna-NM_001004760.2	0	0	0	0	0	0
rna-NM_000518.4	0	0	0	0	0	0
rna-NM_000519.3	0	0	0	0	0	0
rna-NM_000559.2	0	0	0	0	0	0
rna-NM_000184.2	0	0	0	0	2	0
rna-NM_005330.3	0	0	2	2	0	0
rna-NM_033179.2	0	0	0	0	0	0
rna-NM_033180.4	0	0	0	0	0	0
rna-NM_001005567.2	0	0	0	0	0	0
rna-NM_001004750.1	0	0	0	0	0	0
rna-NM_001004756.2	0	0	0	0	0	0
rna-NM_001348224.1	0	0	0	0	0	0
rna-NM_001004757.2	0	0	0	0	0	0
rna-NM_001005288.2	0	0	0	0	0	0
rna-NM_001004754.2	0	0	0	0	0	0
rna-NM_001005163.2	0	0	0	0	2	0
rna-NM_017481.3	0	0	0	0	0	0
rna-NM_001005289.1	0	0	0	0	1	0
rna-NM_001005162.2	0	0	0	0	0	0
rna-XM_017017712.2	0	1	0	0	1	0
rna-NM_001005180.2	0	0	0	0	0	0
rna-NM_001001922.2	0	0	0	0	0	3
rna-NM_001001913.1	0	0	0	0	0	0
rna-XM_011520090.2	0	0	0	0	7	0
rna-NM_001005167.1	0	0	0	0	0	0
rna-NM_001005165.1	0	0	0	0	0	0
rna-NM_001005166.2	0	0	0	0	0	0
rna-NM_001003443.2	0	0	0	0	0	0
rna-NM_001146033.1	0	0	0	0	5	0
rna-NM_001005173.3	0	0	0	0	0	0
rna-NM_001005179.2	0	0	0	0	0	0
rna-NM_001001917.2	0	0	0	0	0	0
rna-NM_001005181.2	0	1	0	0	0	0
rna-NM_001004052.1	0	0	0	0	0	0
rna-NM_001005178.1	0	0	0	0	0	0
rna-NM_173525.2	0	0	0	0	0	2
rna-XM_005253210.2	0	0	0	0	0	0
rna-NM_001004490.1	0	0	0	4	1	2
rna-NM_001004489.2	0	0	0	0	0	0
rna-NM_003696.2	0	0	0	0	0	0
rna-NM_178168.1	0	0	0	0	0	0
rna-NM_001004460.1	0	0	0	0	0	0
rna-NM_207186.2	0	0	0	0	0	0
rna-NM_003700.1	0	0	0	0	0	0
rna-NM_001004684.1	0	0	0	0	0	0
rna-NM_014469.4	0	0	0	0	2	0
rna-XM_011519900.2	0	0	0	0	0	0
rna-XM_017017659.1	0	0	0	0	0	2
rna-NM_153444.1	0	0	0	0	0	0
rna-NM_153445.1	0	0	1	0	0	0
rna-NM_001004461.1	0	0	0	0	0	0
rna-NM_001003745.1	0	0	0	0	0	0
rna-NM_020646.2	0	0	0	0	0	0
rna-NM_001316352.1	0	0	0	0	0	0
rna-NM_000728.3	0	0	0	2	0	0
rna-XM_011519838.3	0	0	0	0	0	0
rna-NM_001145819.1	0	20	8	0	0	0
rna-NM_001277269.1	0	0	0	0	0	0
rna-NM_002478.4	0	0	0	0	0	0
rna-NM_004179.2	0	0	0	0	2	2
rna-NM_054032.3	0	0	0	0	0	0
rna-NM_147199.3	0	0	0	0	0	0
rna-NM_003476.4	0	4	0	0	0	0
rna-NM_001029865.3	0	0	0	0	0	0
rna-NM_004211.4	0	0	0	0	0	0
rna-NM_001288713.1	0	0	0	0	0	0
rna-NM_020346.2	0	0	0	0	0	0
rna-XM_011519802.2	0	0	0	0	0	0
rna-NM_001313726.1	0	0	0	0	2	3
rna-NM_001135091.1	0	0	0	0	0	0
rna-NM_002233.3	0	0	0	0	0	0
rna-NM_000510.2	0	0	0	0	0	0
rna-XM_017018633.1	0	0	0	0	0	0
novel.714.1	0	0	1	0	0	12
novel.714.2	0	0	2	23	25	59
rna-NM_001031854.2	0	0	0	2	0	2
rna-NM_001164379.1	0	0	1	0	0	1
rna-NM_001005470.1	0	0	0	0	0	0
rna-NM_001004727.1	0	0	0	0	0	1
rna-NM_001004726.1	0	0	0	0	0	0
rna-NM_001004725.1	0	0	0	0	0	0
rna-NM_001004702.1	0	0	0	0	0	0
rna-NM_001348223.1	0	0	0	0	0	0
rna-NM_001005512.2	0	0	0	0	0	0
rna-NM_001206631.1	0	0	0	0	0	0
rna-XM_017017432.1	0	0	0	0	4	0
rna-NM_001001955.2	0	0	0	0	0	0
rna-NM_001005270.4	0	0	0	0	0	0
rna-NM_001005513.1	0	0	0	0	0	0
rna-NM_001004703.1	0	0	0	0	0	0
rna-NM_001005272.3	0	0	0	0	0	0
rna-NM_024114.3	0	0	0	0	0	0
rna-NM_001005274.1	0	0	0	0	0	0
rna-NM_001005275.1	0	0	0	0	0	0
rna-NM_001001920.1	0	0	0	0	0	0
rna-NM_001004701.2	0	0	0	0	0	0
rna-NM_001004700.2	0	0	0	0	0	0
rna-NM_001004124.2	0	0	0	0	0	0
rna-NM_001004059.2	0	0	0	0	0	0
rna-NM_001004704.1	0	0	0	0	0	0
rna-NM_001001967.1	0	0	0	0	0	0
rna-NM_001004735.1	0	0	0	0	0	0
rna-NM_001004738.2	0	0	0	0	0	0
rna-NM_001001952.1	0	0	0	0	0	0
rna-NM_001004739.1	0	0	0	0	0	0
rna-NM_001005496.1	0	0	0	0	0	0
rna-NM_032681.3	0	0	0	0	0	0
rna-NM_001001960.1	0	0	0	0	0	0
rna-NM_006637.1	0	0	0	0	0	0
rna-NM_001005491.1	0	0	0	0	0	0
rna-NM_003697.1	0	0	0	0	0	0
rna-NM_001001921.1	0	0	0	0	0	0
rna-NM_001003750.1	0	0	0	0	0	0
rna-NM_001005200.1	0	0	0	0	0	0
rna-NM_001005201.1	0	0	0	0	0	0
rna-NM_001004064.1	0	0	0	0	0	0
rna-NM_001004058.2	0	0	0	0	0	0
rna-NM_001005492.1	0	0	0	0	0	0
rna-NM_001004746.1	0	0	0	0	0	0
rna-NM_001004747.1	0	0	0	0	0	0
rna-NM_001004745.1	0	0	0	0	0	0
rna-NM_001005199.1	0	0	0	0	0	0
rna-NM_001005202.1	0	0	0	0	0	0
rna-NM_001002907.1	0	0	0	0	0	0
rna-NM_001005205.2	0	0	0	0	0	0
rna-NM_001005204.1	0	0	0	0	0	0
rna-NM_001348230.1	0	0	0	0	0	0
rna-NM_001004744.1	0	0	0	0	0	0
rna-NM_001004743.1	0	0	0	0	0	0
rna-NM_001004742.2	0	0	0	0	0	0
rna-NM_001005282.1	0	0	0	0	0	0
rna-NM_001005245.1	0	0	0	0	0	4
rna-NM_001004741.1	0	0	0	0	0	0
rna-NM_001004740.1	0	0	0	0	0	0
rna-NM_001002925.1	0	0	0	0	0	0
rna-NM_001004730.1	0	0	0	0	0	0
rna-NM_001005213.1	0	0	0	0	0	0
rna-NM_001005284.1	0	0	0	0	0	0
rna-NM_001005323.1	0	0	0	1	0	0
rna-NM_001005210.2	0	6	4	0	0	0
rna-NM_006093.3	0	0	0	0	0	0
rna-NM_001004459.1	0	0	0	0	0	0
rna-NM_001004458.1	0	0	0	0	0	0
rna-NM_001004471.2	0	0	0	0	0	0
rna-NM_207374.3	0	0	0	0	0	0
rna-NM_001005489.1	0	0	0	0	0	0
rna-NM_001005469.1	0	0	0	0	0	0
rna-NM_001005566.2	0	0	2	0	0	0
rna-NM_001004733.2	0	0	0	0	0	2
rna-NM_001005218.1	0	0	0	0	0	0
rna-NM_201648.2	0	0	2	0	0	0
rna-NM_001355566.1	0	0	0	0	0	0
rna-NM_001004729.1	0	0	0	0	0	0
rna-NM_001001954.1	0	0	0	0	0	0
rna-NM_001004728.1	0	0	0	0	0	0
rna-NM_001004708.1	0	0	0	0	0	0
rna-NM_001004705.1	0	0	0	0	0	0
rna-NM_001004706.1	0	0	0	0	0	0
rna-NM_001004711.1	0	0	0	0	0	0
rna-NM_001005324.1	0	0	0	0	0	0
rna-XM_011545429.1	0	0	0	0	0	0
rna-NM_173801.4	0	0	0	0	0	0
rna-NM_006138.4	0	0	0	1	0	0
rna-XM_005273846.4	0	0	0	0	4	0
rna-XM_024448652.1	0	0	0	0	0	0
rna-XM_011545416.2	0	0	0	0	0	0
rna-NM_148975.2	0	0	0	0	0	0
rna-NM_139249.2	0	0	0	0	0	0
rna-NM_021201.4	0	0	0	0	0	0
rna-NM_023945.2	0	0	0	0	0	0
rna-NM_152866.2	0	0	0	2	0	0
rna-XM_011545117.2	0	0	0	0	0	0
rna-NM_001012417.2	0	0	0	0	0	0
rna-NM_031457.1	0	0	2	0	0	0
rna-XM_011545421.2	0	0	0	0	0	0
rna-NM_001098835.1	0	0	0	0	0	2
rna-XM_011544989.1	0	0	0	0	0	0
rna-NM_014207.3	0	0	0	3	0	0
rna-NM_006552.1	0	0	0	0	0	0
rna-NM_002407.2	0	0	0	0	0	0
rna-NM_006551.3	0	0	0	0	0	0
rna-XM_005274005.3	0	0	0	0	0	0
rna-NM_206998.1	0	0	0	0	0	0
rna-NM_004790.4	0	0	0	0	0	0
rna-NM_001184732.1	0	0	0	0	0	0
rna-NM_001136506.2	0	0	0	0	0	0
rna-XM_017017686.1	0	2	0	0	0	0
rna-XM_011545016.2	0	0	0	2	2	0
rna-NM_080866.2	0	0	0	0	0	0
rna-NM_054108.3	0	0	0	0	0	0
rna-XM_006718430.4	0	0	0	0	0	0
rna-XM_017017705.1	0	0	0	4	0	0
rna-XM_011544887.2	0	0	0	2	0	0
rna-NM_001323.3	0	0	0	6	0	0
rna-XM_017018643.1	0	0	0	0	0	0
rna-NM_206997.1	0	0	0	0	0	0
rna-XM_011545181.2	0	0	0	1	0	0
rna-NM_001031615.2	0	0	0	0	2	0
rna-NM_198923.2	0	0	0	0	0	0
rna-NM_001319657.1	0	0	0	0	0	0
rna-NM_005247.2	0	3	2	0	0	2
novel.694.1	0	0	0	0	0	0
rna-XM_017018634.1	0	0	0	0	0	0
rna-NM_001012503.1	0	0	0	0	0	0
rna-NM_021046.2	0	2	0	0	0	0
rna-NM_005553.3	0	0	0	0	1	0
rna-NM_001012710.1	0	0	3	0	0	0
rna-NM_001005405.2	0	0	0	0	0	0
rna-NM_001002035.1	0	0	0	0	2	0
rna-XM_024448412.1	0	0	0	2	0	0
rna-XM_011545267.1	0	0	0	0	0	0
rna-NM_138706.4	0	0	0	0	0	0
rna-XM_011544834.1	0	0	0	0	0	0
rna-XM_011544839.2	0	0	0	0	0	0
rna-NM_000372.4	0	0	0	0	0	0
rna-XM_017017319.2	0	0	0	0	0	0
rna-NM_001146162.1	0	0	0	0	0	0
rna-XM_011543080.2	0	0	0	0	0	0
rna-XM_011542954.2	0	0	0	2	0	0
rna-XM_011542816.3	0	0	0	2	0	0
rna-NM_001105522.1	0	0	0	4	0	0
rna-XM_011542585.2	0	0	0	0	0	0
rna-NM_001143975.1	0	0	0	0	0	0
rna-NM_005959.3	0	0	0	0	5	0
rna-XM_024448785.1	0	0	0	0	0	0
rna-XM_011542631.2	0	0	0	0	0	0
rna-NM_001144871.1	0	0	0	0	0	2
rna-NM_001199206.1	0	0	0	0	0	0
rna-NM_001190462.1	0	0	0	0	0	0
rna-NM_001161630.1	0	0	0	0	2	0
rna-NM_000926.4	0	0	0	0	0	0
rna-NM_004771.3	0	0	0	0	0	0
rna-NM_022122.2	0	0	0	0	0	0
rna-XM_011542834.2	0	0	6	0	0	0
rna-NM_001136112.2	0	0	0	1	0	0
rna-NM_021571.3	0	0	0	2	0	0
rna-NM_020809.3	0	0	0	0	2	0
rna-XM_011542803.2	0	0	0	0	0	0
rna-NM_001302644.1	0	1	0	0	0	0
rna-XM_017017196.2	0	9	13	2	0	0
rna-XM_005271593.2	0	0	0	0	0	0
rna-NM_080659.2	0	2	0	6	7	4
rna-NM_001101389.1	0	0	0	0	0	0
rna-NM_006028.4	0	0	0	0	0	0
rna-NM_213621.3	0	6	8	0	0	8
rna-XM_011542598.3	0	0	0	0	0	0
rna-XM_011542881.2	0	0	0	0	0	0
rna-NM_182495.5	0	2	0	0	0	0
novel.727.1	0	0	0	0	0	0
rna-NM_001166598.1	0	0	0	0	0	0
rna-NM_000482.3	0	0	0	0	0	0
rna-NM_000039.2	0	4	2	8	0	6
rna-NM_001077263.2	0	0	2	3	0	0
rna-NM_004588.4	0	0	0	0	3	0
rna-XM_017017213.1	0	0	0	0	0	0
rna-NM_000733.3	0	0	0	3	0	0
rna-NM_000732.4	0	0	0	0	0	0
rna-XM_005271724.4	0	0	0	0	0	0
rna-XM_017017575.1	0	0	0	0	0	0
rna-XM_017018645.2	0	0	0	0	2	0
rna-NM_019604.3	0	0	0	0	4	0
rna-NM_001098169.1	0	0	0	0	0	0
rna-NM_001005188.1	0	0	0	0	0	0
rna-NM_001005325.1	0	0	0	0	0	0
rna-NM_001013743.2	0	0	0	0	0	0
rna-NM_001005197.1	0	0	0	0	0	0
rna-NM_001001965.1	0	0	0	0	0	0
rna-NM_001005187.1	0	0	0	0	0	0
rna-NM_001004474.1	0	0	0	0	0	0
rna-NM_001355219.1	0	0	0	0	0	0
rna-NM_001004462.1	0	0	0	0	0	0
rna-NM_001001953.1	0	0	0	0	0	0
rna-NM_001004464.1	0	0	0	0	0	0
rna-NM_001004463.1	0	0	0	0	0	0
rna-NM_001355213.1	0	0	0	0	0	0
rna-NM_001291438.1	0	0	0	0	0	0
rna-NM_001002905.1	0	0	0	1	0	0
rna-NM_001005198.1	0	0	0	0	0	0
rna-NM_001002917.1	0	0	0	0	0	0
rna-NM_001002918.1	0	0	0	0	0	0
rna-XM_017017535.2	0	0	0	0	0	0
rna-XM_017017718.1	0	0	0	0	0	0
rna-NM_001005196.1	0	0	0	0	0	0
rna-NM_012378.1	0	0	0	6	0	0
rna-NM_001005195.1	0	0	0	0	0	0
rna-NM_001005194.1	0	0	0	0	0	0
rna-XM_011542790.3	0	0	2	0	4	3
rna-XM_017018652.1	0	0	2	0	0	0
rna-XM_017018655.1	0	0	2	0	0	0
novel.702.1	0	0	0	0	0	0
rna-XM_017018113.1	0	0	0	3	0	6
rna-NM_003658.4	0	0	0	0	0	0
rna-NM_001331212.1	0	0	0	0	0	0
novel.731.1	0	0	0	0	0	0
rna-NM_001291992.1	0	0	0	0	0	0
novel.704.1	0	0	0	0	0	2
rna-NM_016615.4	0	0	0	4	5	10
rna-NM_019854.4	0	0	0	0	0	0
rna-NM_020638.2	0	0	0	0	0	0
rna-NM_020996.2	0	0	0	0	0	0
rna-NM_000217.2	0	0	0	0	0	0
rna-NM_002234.3	0	0	0	0	0	0
rna-NM_032489.2	0	2	0	0	3	0
rna-NM_004244.5	0	0	0	0	0	0
rna-NM_001304566.1	0	0	0	0	0	0
rna-NM_020634.2	0	7	4	33	2	155
rna-NM_199286.3	0	0	0	0	0	0
rna-XM_024448872.1	0	0	2	0	0	0
rna-NM_001145465.1	0	0	0	0	0	0
rna-NM_024865.3	0	0	0	0	0	2
rna-XM_024448980.1	0	0	0	0	4	0
rna-XM_006719097.3	0	2	10	5	3	3
rna-XM_011520632.2	0	0	0	0	0	0
rna-NM_020661.3	0	0	0	0	3	0
rna-XM_011520566.2	0	0	0	0	0	0
novel.753.1	0	0	0	0	0	0
rna-NM_002258.2	0	0	0	0	0	0
rna-NM_001253750.1	0	0	2	0	0	0
rna-NM_001190765.1	0	0	0	0	0	0
rna-XM_006719033.3	0	0	0	0	0	0
rna-XM_005253382.4	0	0	0	0	0	0
rna-NM_207345.3	0	0	0	0	0	0
rna-XM_017019286.1	0	0	5	0	0	0
rna-NM_001357734.1	0	6	10	2	2	3
rna-NM_023919.2	0	0	0	0	1	0
rna-NM_023918.1	0	0	0	0	0	0
rna-NM_023917.2	0	0	0	0	0	0
rna-NM_023921.1	0	1	1	1	1	1
rna-NM_181429.2	0	0	0	0	0	0
rna-NM_006249.5	0	0	1	1	0	0
rna-NM_002723.5	0	0	0	0	0	0
rna-NM_005039.3	0	0	0	0	0	0
rna-NM_006248.3	0	0	0	0	0	0
rna-XM_024449185.1	0	0	0	0	3	1
rna-XM_011520629.2	0	0	0	1	0	3
rna-NM_152321.3	0	0	0	0	0	4
rna-NM_006205.2	0	0	0	2	0	0
rna-NM_001170798.1	0	0	0	0	0	0
rna-NM_001243613.1	0	4	0	0	0	6
rna-NM_024730.3	0	0	2	0	0	0
rna-XM_017019471.1	0	0	0	0	0	0
rna-XM_017020176.1	0	0	0	0	0	0
rna-NM_033328.2	0	0	0	0	0	0
rna-NM_001009562.4	0	15	10	5	0	23
rna-XM_011520847.2	0	0	0	0	0	0
rna-NM_001146221.2	0	0	0	2	0	3
rna-NM_198992.3	0	0	0	0	0	0
rna-NM_001164595.1	0	4	0	6	2	0
rna-NM_001004329.2	0	0	0	0	0	0
rna-NM_001004134.1	0	0	0	0	0	0
rna-NM_181788.1	0	0	0	0	0	0
rna-XM_017018796.1	0	0	0	0	0	0
rna-NM_012404.2	0	0	0	0	0	0
rna-NM_001005203.2	0	0	0	0	0	0
rna-XM_006719395.4	0	0	0	0	0	0
rna-NM_001652.3	0	17	11	8	6	2
rna-NM_001145475.2	0	0	0	0	0	0
rna-NM_182559.2	0	0	0	0	0	0
rna-NM_016293.3	0	0	0	0	0	0
rna-NM_001971.5	0	0	0	0	0	0
rna-NM_182608.3	0	0	0	0	0	0
rna-XM_011538335.2	0	0	3	0	0	0
rna-NM_033033.3	0	0	0	0	0	3
rna-NM_033448.2	0	0	0	0	0	0
rna-NM_175053.3	0	0	0	0	0	0
rna-NM_001146225.1	0	0	0	0	0	0
rna-NM_175068.2	0	0	0	0	0	0
rna-NM_000423.2	0	0	0	0	0	0
rna-NM_006121.3	0	0	0	0	0	0
rna-NM_175078.2	0	0	0	0	0	0
rna-NM_015848.4	0	0	0	0	0	0
rna-XM_024448975.1	0	0	0	0	0	2
rna-NM_002272.3	0	2	0	2	3	3
rna-XM_011538495.2	0	0	0	0	8	2
rna-NM_006741.3	0	0	0	0	0	7
rna-NM_033277.1	0	0	0	0	0	0
rna-NM_001300854.1	0	0	0	0	0	0
rna-NM_058173.2	0	0	0	0	0	0
novel.766.1	0	0	0	3	0	17
rna-XM_011539037.3	0	0	0	0	0	0
rna-NM_021191.2	0	0	0	0	0	0
rna-NM_001005243.1	0	0	0	0	0	0
rna-NM_001005280.1	0	0	0	0	0	0
rna-XM_017019126.1	0	0	0	0	0	0
rna-NM_001005493.1	0	0	0	0	0	0
rna-NM_001005182.1	0	0	0	0	0	0
rna-NM_054104.1	0	0	0	0	0	0
rna-NM_001005497.1	0	0	0	0	0	0
rna-NM_001005518.1	0	0	0	0	0	0
rna-NM_001005183.1	0	0	0	0	0	0
rna-NM_054105.1	0	0	0	0	0	0
rna-NM_001005499.1	0	0	0	0	0	0
rna-NM_001005519.2	0	0	0	0	0	0
rna-NM_001005494.1	0	0	0	0	0	0
rna-NM_001258285.1	0	0	0	0	0	0
rna-NM_206899.1	0	0	0	0	0	0
rna-NM_001638.2	0	0	3	0	4	0
rna-NM_012064.3	0	0	0	3	5	0
rna-NM_148897.2	0	0	0	0	0	0
rna-XM_011537825.3	0	0	0	0	0	0
rna-NM_001256041.1	0	2	0	1	0	0
rna-NM_001170633.1	0	0	0	0	0	0
rna-NM_007191.4	0	0	0	0	0	0
rna-NM_000619.2	0	0	0	0	2	4
rna-NM_018402.1	0	0	0	0	0	0
rna-NM_020525.4	0	0	0	0	0	0
rna-NM_201550.3	0	0	0	0	0	0
rna-XM_006719583.3	0	0	0	0	2	0
novel.743.1	0	0	0	0	0	0
rna-NM_173353.3	0	0	0	0	0	0
rna-NM_002469.2	0	0	0	0	0	0
rna-NM_005593.2	0	0	0	0	0	0
rna-XM_024448930.1	0	0	0	0	2	0
rna-XM_017018887.1	0	0	0	0	3	0
rna-NM_152638.3	0	0	0	0	0	3
rna-NM_007035.3	0	0	0	0	0	0
rna-XM_017019673.1	0	0	0	0	0	4
rna-NM_001037671.3	0	0	0	0	0	0
rna-NM_001004330.2	0	0	0	2	0	0
rna-NM_139319.2	0	0	0	0	0	0
rna-NM_001206993.1	0	0	0	0	2	0
rna-XM_011537912.2	0	0	0	0	0	0
rna-XM_006719239.3	0	0	0	0	0	0
rna-NM_001354304.1	0	0	0	0	0	0
rna-NM_004316.3	0	4	0	0	0	0
rna-XM_011538291.1	0	0	0	0	0	0
rna-NM_203436.2	0	0	0	0	0	0
rna-XM_017020244.1	0	0	0	0	2	0
rna-XM_011538005.2	0	0	0	0	0	0
rna-XM_011538001.2	0	8	2	4	0	3
rna-NM_022363.2	0	0	0	0	2	0
rna-XM_017019912.1	0	0	0	0	0	0
rna-NM_001204218.1	0	0	0	0	0	0
novel.773.1	0	0	0	0	0	0
rna-NM_194286.3	0	0	0	3	0	0
rna-NM_178499.4	0	0	0	0	0	0
rna-XM_024449289.1	0	0	0	0	0	0
rna-NM_001136103.2	0	0	0	0	0	0
rna-XM_011537956.2	0	0	0	0	2	0
rna-XM_011539002.3	0	0	1	0	0	0
rna-NM_001330497.1	0	0	3	0	0	6
rna-XM_011539090.1	0	0	0	0	0	0
rna-XM_017020297.1	0	0	0	0	0	0
rna-XM_024449292.1	0	0	2	0	2	0
rna-XM_024449294.1	0	0	0	0	0	0
rna-XM_006719743.4	0	0	0	0	0	0
rna-NM_006001.2	0	0	0	0	0	0
rna-NM_199254.2	0	0	0	0	3	0
rna-NM_001110221.2	0	0	0	0	0	0
rna-XM_017020888.1	0	8	6	0	3	7
rna-NM_152704.3	0	0	0	0	0	0
rna-NM_005288.3	0	4	0	0	3	2
rna-NM_145657.2	0	0	0	0	0	0
rna-NM_000209.3	0	0	2	0	0	0
rna-XM_011534875.2	0	0	0	0	0	0
rna-NM_001105577.1	0	0	0	0	0	0
rna-NM_001355247.1	0	0	0	6	2	3
rna-NM_032849.3	0	0	0	0	0	0
rna-NM_152325.2	0	0	0	0	0	0
rna-NM_130806.4	0	0	0	0	0	0
rna-NM_001136571.1	0	0	0	0	2	0
rna-NM_004795.3	0	0	0	0	0	0
rna-NM_145286.2	0	0	0	0	0	0
rna-NM_003701.3	0	0	0	0	0	0
rna-NM_001318932.1	0	0	0	0	0	0
rna-NM_024058.2	0	0	2	0	0	0
rna-XM_024449348.1	0	0	0	0	0	0
rna-XM_011534965.2	0	0	0	0	0	0
rna-XM_011534971.2	0	0	0	0	2	0
rna-XM_017020421.1	0	0	0	2	2	0
rna-XM_024449449.1	0	0	0	0	0	0
rna-NM_001308465.2	0	0	2	0	0	0
rna-NM_138450.5	0	0	2	0	0	0
novel.796.1	0	2	2	2	0	0
rna-NM_001306135.1	0	0	0	0	0	0
rna-NM_001351589.1	0	2	0	0	4	0
rna-NM_001351003.1	0	0	2	2	0	6
rna-NM_001346075.1	0	6	0	0	0	0
rna-XM_017020897.1	0	0	0	0	0	0
rna-XM_011534897.2	0	0	0	0	0	0
rna-NM_002590.3	0	0	0	0	0	4
rna-NM_006418.4	0	2	0	0	0	0
rna-NM_198441.2	0	0	0	0	0	0
rna-NM_001130404.1	0	0	0	0	1	0
rna-NM_001130405.1	0	0	0	0	1	0
rna-NM_001130406.1	0	0	0	0	1	0
rna-NM_001130407.1	0	0	0	0	1	0
rna-XM_024449451.1	0	0	0	0	0	0
rna-XM_011535339.1	0	0	0	0	0	0
rna-NM_020866.2	0	16	13	4	0	11
rna-XM_011535208.2	0	0	0	0	0	0
rna-NM_001310140.1	0	0	0	0	0	0
rna-XM_017020401.2	0	10	8	4	0	3
rna-XM_017020843.1	0	0	0	6	3	0
rna-NM_172370.4	0	0	0	0	0	0
novel.802.1	0	0	2	0	0	0
rna-XM_017020387.1	0	0	3	0	0	0
rna-XM_017020886.1	0	0	0	0	0	0
rna-XM_024449448.1	0	0	0	0	0	0
rna-NM_005986.2	0	0	2	0	0	0
rna-XM_011537466.1	0	0	0	0	0	0
rna-XM_011537474.2	0	2	0	0	0	0
rna-NM_002929.2	0	0	0	0	0	0
rna-XM_011534854.3	0	0	2	0	0	1
rna-XM_017020910.1	0	0	0	0	2	2
rna-NM_001013354.1	0	0	0	0	0	0
rna-NM_001197287.1	0	0	0	0	0	0
rna-XM_024449618.1	0	0	0	0	0	0
rna-NM_001005500.1	0	0	0	0	0	2
rna-NM_001004723.2	0	0	0	2	2	0
rna-NM_001348266.1	0	0	0	0	0	0
rna-NM_001005501.1	0	0	0	0	0	0
rna-XM_011537153.2	0	0	0	0	0	0
rna-NM_001005483.1	0	0	0	0	0	0
rna-NM_001005486.1	0	0	0	0	0	0
rna-NM_001348271.1	0	0	0	0	0	0
rna-NM_001004712.1	0	0	0	0	0	0
rna-NM_001004714.1	0	0	0	0	0	0
rna-NM_001004717.1	0	0	0	0	0	0
rna-NM_001004715.1	0	0	0	0	0	0
rna-NM_001004724.1	0	0	0	0	0	0
rna-NM_001005503.1	0	0	0	0	0	0
rna-NM_001004480.1	0	0	0	0	0	0
rna-XM_005267347.5	0	0	0	0	0	0
rna-NM_001012975.1	0	0	0	0	0	0
rna-NM_001110358.1	0	0	0	0	0	0
rna-NM_001001968.1	0	0	0	0	0	0
rna-XM_017020934.2	0	0	0	0	0	0
rna-NM_022360.4	0	0	0	0	0	0
rna-XM_017021567.1	0	0	0	0	0	0
rna-NM_002935.2	0	0	0	0	0	0
novel.804.1	0	0	0	0	0	0
rna-NM_002934.2	0	0	0	0	0	0
rna-NM_001012264.3	0	0	0	0	0	0
rna-NM_138331.2	0	0	0	1	0	0
rna-NM_001004731.1	0	0	0	0	2	0
rna-NM_001005465.1	0	0	0	0	0	0
rna-NM_001005466.2	0	0	0	0	0	0
rna-NM_001001912.2	0	0	0	0	0	0
rna-NM_001317107.1	0	0	0	0	0	0
rna-XM_011537424.2	0	0	0	0	0	0
rna-NM_001348233.1	0	0	0	0	0	0
rna-NM_001099780.1	0	0	0	6	0	2
rna-NM_001805.3	0	0	0	4	0	0
rna-NM_022789.3	0	0	0	0	0	1
rna-XM_024449744.1	0	0	0	0	2	0
rna-NM_006871.3	0	0	0	0	0	0
rna-XM_011536499.1	0	0	0	0	0	0
rna-NM_033423.4	0	0	0	0	0	0
rna-NM_004131.5	0	0	0	0	0	0
rna-NM_001197184.2	0	0	0	0	0	0
rna-NM_001101341.1	0	0	0	0	0	0
rna-NM_175060.2	0	0	0	0	0	0
rna-XM_024449804.1	0	0	0	0	0	0
rna-NM_152447.4	0	0	0	4	0	0
rna-NM_032135.3	0	0	0	0	0	0
rna-NM_080746.2	0	0	0	0	0	0
rna-XM_005267891.4	0	0	0	0	0	0
rna-NM_199047.2	0	0	0	0	0	0
rna-NM_021728.3	0	0	0	0	0	0
rna-XM_024449563.1	0	0	0	0	4	0
rna-NM_007374.2	0	0	3	0	0	0
rna-NM_001017970.2	0	0	0	0	0	0
rna-NM_139318.4	0	0	0	0	0	0
rna-NM_145171.3	0	0	0	0	0	2
rna-NM_001351576.1	0	0	0	0	0	0
rna-XM_011536503.2	0	0	0	0	0	0
rna-NM_003049.3	0	0	0	0	3	0
rna-XM_011537452.2	0	0	0	0	0	0
rna-NM_006399.3	0	0	0	0	0	0
rna-XM_011536547.2	0	6	7	3	5	7
rna-XM_017021032.1	0	0	0	0	0	0
rna-NM_021257.3	0	0	0	0	0	0
rna-NM_003608.3	0	0	0	0	0	0
rna-XM_011536436.2	0	0	0	0	4	2
rna-NM_182971.2	0	0	0	0	0	2
rna-XM_011537018.2	0	0	3	3	2	1
rna-XM_011536456.2	0	1	5	0	0	0
rna-NM_138344.4	0	0	0	0	0	0
rna-NM_001080451.1	0	0	0	0	0	0
rna-NM_175739.3	0	0	0	0	0	0
rna-XM_011536454.3	0	0	0	0	0	0
rna-NM_001289032.1	0	0	0	0	2	0
rna-NM_004918.3	0	0	0	0	0	0
rna-XM_017021676.2	0	0	0	0	0	0
rna-NM_001346979.1	0	0	0	0	0	0
rna-NM_003836.6	0	0	0	0	0	0
rna-NM_001134888.2	0	0	0	0	0	0
rna-XM_011537449.2	0	0	0	0	0	0
rna-XM_017021265.1	0	0	0	3	0	0
rna-NM_001286399.1	0	1	0	0	0	0
rna-NM_001286389.1	0	2	1	0	0	0
novel.816.1	0	0	0	0	0	0
novel.830.1	0	0	0	0	0	0
rna-XM_017021851.1	0	0	0	0	0	0
novel.831.1	0	0	3	0	0	0
novel.832.1	0	0	0	0	0	0
rna-XM_011546198.1	0	0	0	0	0	0
rna-XM_006720359.3	0	0	0	0	0	0
rna-NM_001145004.2	0	0	1	1	0	0
rna-XM_011543799.3	0	0	0	0	0	0
rna-XM_011543804.3	0	0	0	0	0	0
rna-NM_001004719.2	0	0	0	0	0	0
rna-XM_017022769.2	0	0	0	2	0	0
rna-XM_011543882.2	0	0	1	1	0	0
rna-XM_017022085.2	0	0	0	1	0	0
rna-XM_006720794.3	0	0	2	0	0	8
rna-XM_017022778.1	0	0	0	1	1	0
rna-NM_001304388.1	0	0	0	0	0	0
rna-NM_019066.4	0	8	0	0	0	0
rna-NM_002487.2	0	0	0	0	0	0
rna-XM_017022805.1	0	0	0	0	0	0
rna-NM_018958.2	0	0	0	0	0	0
rna-NM_021912.4	0	0	0	0	0	0
rna-XM_011521430.3	0	0	0	0	0	0
rna-XM_017022255.1	0	3	0	1	0	1
rna-XM_024450126.1	0	0	0	1	0	0
rna-XM_024449808.1	0	0	0	0	1	1
rna-XM_024450127.1	0	0	0	1	0	0
rna-XM_005268284.5	0	1	0	0	3	1
rna-XM_024450128.1	0	0	0	0	0	0
rna-XM_017022771.1	0	0	0	0	0	0
rna-XM_017022772.1	0	0	0	0	1	0
rna-XM_017022809.1	0	0	0	0	0	0
rna-NM_001252020.1	0	0	0	1	0	0
rna-XM_011521463.2	0	0	1	0	0	0
rna-XM_017022773.1	0	0	0	0	0	0
rna-NM_001284292.1	0	0	3	2	1	0
rna-NM_020660.2	0	0	0	0	0	0
rna-NM_001355281.1	0	0	0	0	0	0
rna-NM_152453.3	0	0	0	0	0	0
rna-NM_207444.2	0	0	0	0	0	0
rna-NM_001130143.1	0	0	0	0	0	0
rna-NM_001206670.1	0	0	0	0	0	0
rna-NM_178034.3	0	1	2	0	0	0
rna-NM_213600.3	0	0	0	0	0	0
rna-XM_011521351.2	0	2	0	0	0	0
rna-XM_017021903.1	0	0	0	0	0	0
rna-XM_017022180.1	0	4	5	4	3	2
rna-NM_001276264.1	0	1	0	0	0	4
rna-NM_000338.2	0	0	0	0	0	0
rna-XM_017022094.1	0	17	9	0	0	6
rna-NM_001306168.1	0	0	0	0	2	0
rna-XM_017022782.1	0	0	0	0	0	0
rna-XM_017022786.1	0	0	2	0	3	0
rna-NM_020980.4	0	0	0	0	0	0
rna-XM_011522293.2	0	0	0	0	0	0
rna-XM_017022170.1	0	0	0	0	2	0
rna-XM_017022788.1	0	0	0	0	0	0
rna-NM_145658.3	0	0	0	0	0	0
rna-NM_018652.4	0	0	0	0	0	0
rna-XM_024450115.1	0	0	0	0	0	4
rna-XM_006720409.4	0	0	0	0	0	0
rna-NM_001038640.2	0	0	0	0	0	1
rna-NM_021819.2	0	0	0	0	0	0
rna-NM_001030005.2	0	0	0	0	2	0
rna-NM_001145224.1	0	0	0	0	0	2
rna-NM_001321137.1	0	0	0	4	0	1
rna-XM_011521895.2	0	0	0	0	0	1
rna-NM_001146341.1	0	0	0	0	0	0
rna-NM_001352888.1	0	0	3	0	0	0
rna-NM_173528.3	0	0	0	4	0	0
novel.848.1	0	0	0	0	2	0
rna-XM_017022800.2	0	0	0	0	0	0
rna-NM_016321.2	0	0	0	0	6	3
rna-NM_001323031.2	0	0	0	0	0	0
novel.864.1	0	3	0	1	4	5
rna-NM_173499.4	0	0	0	0	4	0
rna-NM_182562.2	0	0	0	0	0	0
rna-XM_011521254.1	0	0	0	0	0	0
rna-XM_011521357.2	0	0	0	0	0	0
rna-NM_001005326.1	0	0	0	0	0	0
rna-NM_001001674.1	0	0	0	0	0	0
rna-NM_001004195.2	0	0	0	0	0	0
rna-XM_011546205.1	0	0	0	0	0	0
rna-XM_005255287.3	0	0	0	2	0	2
rna-NM_001003938.3	0	0	0	0	0	0
rna-NM_001176.3	0	4	6	8	0	8
rna-NM_006849.3	0	3	2	2	0	0
rna-NM_001013638.1	0	0	1	0	6	0
rna-NM_024164.5	0	1	0	11	3	2
rna-NM_003294.3	0	1	0	4	5	0
rna-NM_012217.2	0	0	0	0	0	0
rna-NM_001328608.1	0	3	0	0	2	0
rna-XM_011522571.2	0	7	0	0	3	2
rna-NM_001354586.1	0	2	0	0	2	0
rna-NM_006799.3	0	0	0	0	0	0
rna-NM_012368.2	0	0	0	0	0	0
rna-NM_001190476.1	0	0	0	0	0	0
rna-XM_011522781.1	0	0	0	0	0	0
rna-NM_152459.4	0	2	0	0	0	0
rna-NM_001146336.1	0	2	0	0	0	0
rna-XM_011522782.2	0	0	0	0	0	0
rna-XM_017023172.1	0	0	0	0	3	3
rna-NM_144674.1	0	3	8	2	0	0
rna-NM_003561.2	0	0	0	0	3	2
rna-XM_017023108.1	0	0	0	0	0	0
rna-NM_022166.3	0	0	0	4	0	1
rna-NM_001002911.3	0	0	0	2	0	0
rna-NM_001007240.2	0	0	0	0	0	0
rna-XM_011545938.1	0	0	0	0	0	0
rna-NM_174924.1	0	0	0	0	0	0
rna-NM_001324372.1	0	0	0	4	0	0
rna-NM_001308954.1	0	0	2	0	0	0
rna-NM_001105069.1	0	0	0	0	0	0
rna-NM_001318890.1	0	2	0	0	0	0
rna-XM_011545942.3	0	0	0	0	0	0
rna-NM_145865.2	0	0	0	0	1	0
rna-XM_017023977.1	0	0	0	0	0	0
rna-XM_017023983.2	0	0	0	0	0	0
rna-NM_006043.1	0	0	0	5	0	0
rna-NM_022097.3	0	0	0	0	0	0
rna-NM_002738.6	0	0	0	0	0	0
rna-NM_006539.3	0	0	0	0	0	0
rna-NM_006040.2	0	0	0	0	0	0
rna-NM_001145545.1	0	0	0	0	0	0
rna-NM_001323900.1	0	0	0	0	2	0
rna-NM_001178098.1	0	0	0	0	0	0
rna-XM_017023985.1	0	0	0	2	0	2
rna-NM_175900.3	0	0	0	0	0	0
rna-XM_011545921.2	0	0	0	0	0	0
rna-NM_001008274.3	0	0	0	0	5	0
rna-NM_152901.3	0	0	0	0	0	2
rna-XM_011545835.3	0	0	0	0	0	0
rna-NM_005205.3	0	0	0	0	0	0
rna-NM_016633.3	0	0	0	0	0	0
rna-XM_005255752.3	0	3	0	6	13	16
rna-NM_174980.2	0	0	0	0	0	0
rna-XM_017023633.2	0	0	0	0	0	1
rna-XM_017023916.1	0	0	0	0	0	0
rna-XM_017023917.2	0	0	0	0	0	0
rna-XM_011546026.2	0	0	0	0	0	0
rna-XM_017023102.1	0	0	0	0	2	0
rna-XM_017023591.1	0	0	0	0	3	2
rna-XM_017023950.1	0	0	0	0	2	2
rna-XM_011546042.2	0	0	0	0	0	0
novel.886.1	0	0	0	0	0	0
rna-XM_017023638.1	0	0	0	0	3	2
rna-XM_011546043.2	0	0	0	0	0	0
rna-XM_017023955.1	0	0	0	0	2	2
rna-XM_011546044.2	0	0	0	0	0	0
rna-XM_011546045.3	0	0	2	0	0	0
rna-XM_017023961.2	0	0	1	0	0	0
rna-XM_017023960.1	0	0	0	0	0	0
rna-XM_017023962.2	0	0	1	0	0	0
rna-XM_011535351.2	0	0	2	0	0	0
rna-XM_024450507.1	0	0	0	0	0	0
rna-NM_033226.2	0	0	3	0	0	0
rna-NM_004352.3	0	0	0	0	0	0
rna-NM_144602.3	0	0	0	0	0	0
rna-NM_182854.3	0	0	0	2	0	0
rna-XM_017023963.2	0	0	0	0	0	0
rna-XM_024450273.1	0	0	0	0	0	0
rna-XM_024450389.1	0	0	0	0	0	2
rna-XM_011523295.2	0	0	0	0	2	0
rna-NM_001190158.1	0	0	0	0	0	0
rna-NM_032935.2	0	0	0	0	0	0
rna-NM_002990.4	0	2	2	3	9	0
rna-XM_017023530.1	0	0	0	1	6	0
rna-XM_005255842.4	0	0	0	0	6	2
rna-NM_001282301.2	0	0	0	0	0	0
rna-XM_017023964.1	0	2	4	2	3	2
rna-XM_024450501.1	0	0	0	0	0	0
rna-NM_018296.5	0	0	0	0	0	0
rna-NM_022357.3	0	0	0	0	0	0
rna-XM_024450373.1	0	0	0	7	2	0
rna-XM_017023919.1	0	0	0	0	0	0
rna-NM_000353.2	0	2	0	0	0	0
rna-XM_024450251.1	0	2	0	0	0	0
rna-NM_033401.4	0	0	2	0	0	0
rna-NM_199355.3	0	0	0	1	0	2
rna-NM_005752.4	0	0	0	0	0	0
rna-NM_145168.2	0	0	0	0	0	0
rna-NM_002153.2	0	2	0	0	0	2
rna-XM_011523509.2	0	0	0	0	0	0
rna-XM_017023317.2	0	6	11	16	0	2
rna-NM_172347.2	0	0	0	0	0	0
rna-XM_024450364.1	0	0	0	0	0	0
rna-XM_024450253.1	0	0	0	0	0	0
rna-XM_011523309.2	0	0	0	0	0	0
rna-XM_011523514.3	0	0	0	0	2	0
rna-XM_005256274.3	0	0	0	0	2	0
rna-XM_017030123.1	0	0	0	2	1	1
rna-XM_017030125.1	0	0	0	0	0	0
rna-XM_011546243.2	0	0	0	0	0	0
rna-XM_017030119.1	0	0	0	0	0	0
rna-XM_017030120.2	0	0	0	0	0	0
rna-XM_011546238.1	0	0	0	0	0	0
rna-XM_024452502.1	0	0	0	0	0	0
rna-XM_024452503.1	0	0	0	0	0	0
rna-XM_024452501.1	0	0	0	2	3	0
rna-XM_017030122.1	0	0	0	0	0	0
rna-XM_011535362.2	0	0	0	0	0	0
rna-NM_014566.1	0	0	0	0	0	0
rna-NM_002548.2	0	0	0	0	0	0
rna-NM_001348201.1	0	0	0	0	0	0
rna-NM_003555.1	0	0	0	0	0	0
rna-NM_012352.2	0	0	0	0	0	0
rna-NM_014565.2	0	0	0	0	0	0
rna-NM_003552.3	0	0	0	0	0	0
rna-XM_017024698.1	0	0	0	0	0	0
rna-XM_017024696.1	0	0	0	0	0	0
rna-NM_003553.2	0	0	0	0	0	0
rna-NM_012373.2	0	0	0	0	0	0
rna-NM_003554.2	0	0	0	0	0	0
rna-XM_024450572.1	0	0	2	0	0	0
rna-NM_003963.2	0	0	0	0	0	0
rna-NM_053285.1	0	0	2	0	0	2
rna-XM_011523613.1	0	0	0	1	0	0
rna-XM_017024571.1	0	0	0	0	0	0
rna-XM_011523796.2	0	0	0	1	0	0
rna-NM_001146684.2	0	2	0	0	0	0
rna-NM_001128076.2	0	0	0	0	0	0
rna-NM_001220493.1	0	0	0	0	0	0
rna-NM_003802.2	0	0	0	0	0	0
rna-NM_002472.2	0	0	0	0	2	0
rna-NM_207386.3	0	0	0	0	0	0
rna-NM_178571.4	0	0	0	2	0	0
rna-NM_001348162.1	0	0	0	0	1	0
rna-NM_001145127.1	0	0	0	0	0	0
rna-XM_017024419.2	0	0	0	0	0	0
rna-NM_001348161.1	0	0	5	0	1	4
rna-NM_001190790.1	0	0	0	0	0	0
novel.967.1	0	0	0	0	0	0
novel.969.1	0	0	0	0	1	0
novel.969.2	0	0	0	0	1	0
rna-NM_001080837.3	0	0	0	0	0	0
rna-XM_011525450.3	0	0	0	2	5	0
rna-XM_011525358.1	0	0	2	0	0	0
rna-XM_011524315.2	0	13	7	0	0	2
rna-XM_017024198.1	0	1	0	0	2	0
rna-XM_011524787.1	0	0	0	0	0	0
rna-NM_173847.4	0	0	0	0	0	0
rna-NM_006273.3	0	0	6	0	0	0
rna-NM_002986.2	0	0	0	0	0	0
rna-NM_005623.2	0	0	0	0	0	0
rna-NM_005408.2	0	0	0	0	0	0
rna-NM_002981.2	0	0	0	0	0	0
rna-NM_207454.2	0	0	0	0	0	0
rna-NM_001304438.1	0	0	0	0	0	0
rna-NM_173167.3	0	0	0	0	0	0
rna-NM_152462.2	0	0	0	0	0	0
rna-XM_017024576.1	0	0	0	0	2	0
rna-NM_145272.3	0	0	0	0	3	4
rna-NM_001199951.2	0	0	0	0	0	0
rna-NM_005064.5	0	0	0	0	0	0
rna-NM_001291475.1	0	0	0	0	1	0
rna-NM_001004334.3	0	0	3	5	0	5
rna-NM_001080465.2	0	0	0	0	0	0
rna-NM_001008777.2	0	0	0	0	0	0
rna-XM_005257899.3	0	0	0	0	0	1
rna-NM_006160.3	0	0	0	0	0	0
rna-NM_199321.2	0	0	0	0	0	0
rna-NM_178171.4	0	0	0	2	0	0
rna-NM_019016.2	0	0	0	0	0	0
rna-NM_181534.3	0	0	0	0	0	0
rna-NM_181535.3	0	0	0	0	0	0
rna-NM_000223.3	0	0	0	0	0	2
rna-NM_019010.2	0	0	0	0	0	2
rna-NM_015515.4	0	0	0	1	0	0
rna-XM_017024189.2	0	0	0	0	0	0
rna-NM_033185.2	0	0	0	0	0	0
rna-NM_031959.2	0	0	0	0	1	0
rna-NM_031958.1	0	0	0	0	0	0
rna-NM_001257305.1	0	0	0	0	0	0
rna-NM_030966.1	0	0	0	0	0	0
rna-NM_030967.2	0	0	0	0	0	0
rna-NM_001123387.1	0	1	0	2	1	0
rna-NM_033032.2	0	1	0	1	1	0
rna-NM_033061.3	0	0	0	2	0	0
rna-NM_001146041.1	0	0	0	0	0	0
rna-NM_033059.3	0	0	0	0	0	0
rna-NM_031854.2	0	0	0	0	0	0
rna-NM_030976.1	0	0	0	0	0	0
rna-NM_033188.3	0	0	0	0	0	0
rna-NM_032524.1	0	0	0	0	0	0
rna-NM_033187.1	0	0	0	0	0	0
rna-NM_033062.3	0	0	0	0	0	0
rna-NM_033060.2	0	0	0	0	0	0
rna-NM_001190460.1	0	0	0	0	2	0
rna-NM_031961.2	0	0	0	1	0	0
rna-NM_031962.2	0	0	0	0	0	0
rna-NM_031963.2	0	0	0	1	0	0
rna-NM_033191.2	0	0	0	0	0	0
rna-NM_030975.2	0	0	0	0	0	0
rna-NM_001277331.1	0	0	0	0	0	0
rna-NM_001277332.1	0	0	0	0	0	0
rna-NM_001257309.1	0	0	0	0	0	0
rna-NM_001146182.1	0	0	0	0	0	0
rna-NM_031964.1	0	0	0	0	0	0
rna-NM_004138.3	0	0	0	0	0	0
rna-NM_002279.4	0	0	0	0	0	0
rna-NM_002277.2	0	0	0	0	0	0
rna-NM_003770.4	0	0	0	0	1	0
rna-NM_002280.4	0	0	0	0	0	2
rna-NM_003771.4	0	0	0	0	0	0
rna-NM_002276.4	0	9	5	2	2	0
rna-NM_000226.3	0	2	0	0	0	0
rna-NM_000526.4	0	4	5	0	7	0
rna-NM_000805.4	0	3	0	0	3	0
rna-NM_033194.2	0	0	0	2	2	4
rna-NM_000151.3	0	0	0	0	0	0
rna-NM_000342.3	0	0	0	0	0	0
rna-XM_024451053.1	0	0	0	0	0	0
rna-NM_175882.2	0	0	0	0	0	0
rna-XM_011525178.2	0	0	0	3	0	0
rna-NM_002144.3	0	0	0	0	0	0
rna-NM_032391.2	0	0	0	0	0	0
rna-XM_024450818.1	0	0	0	0	0	0
rna-NM_175575.5	0	0	0	0	0	0
rna-NM_001243552.1	0	0	0	0	0	0
rna-NM_032559.4	0	0	0	0	0	0
rna-NM_001282544.1	0	0	2	0	0	0
rna-NM_012374.1	0	0	0	0	0	0
rna-NM_001004707.3	0	0	0	0	0	0
rna-NM_000502.5	0	0	1	0	0	0
rna-NM_006151.2	0	0	0	0	0	3
rna-NM_000250.1	0	0	2	0	0	0
rna-XM_011524283.1	0	0	0	0	0	0
novel.981.1	0	0	0	0	0	5
rna-NM_001144933.1	0	0	0	0	0	0
rna-XM_017025175.1	0	0	0	0	0	0
rna-NM_020991.3	0	0	0	0	0	0
rna-NM_022557.3	0	0	0	0	2	0
rna-XM_017025501.1	0	0	0	0	0	0
rna-NM_001317.5	0	0	0	0	0	0
rna-XM_011524344.1	0	0	0	0	0	0
rna-NM_000515.4	0	2	0	0	1	0
rna-NM_000042.2	0	0	0	0	0	0
rna-XM_017023987.1	0	0	0	0	22	0
rna-NM_001353167.1	0	0	0	0	0	0
rna-NM_181790.1	0	0	0	0	0	0
rna-NM_007261.3	0	0	0	0	3	0
rna-XM_005257027.3	0	0	0	0	0	0
rna-XM_017024033.2	0	0	0	0	4	0
rna-NM_001324073.1	0	0	0	0	3	0
rna-NM_001115152.2	0	0	0	0	0	0
rna-NM_001302809.1	0	0	0	0	4	0
rna-XM_017024575.1	0	0	0	2	0	0
rna-XM_017024212.2	0	0	0	0	0	0
rna-NM_178233.2	0	0	0	3	0	0
rna-XM_011524620.2	0	0	0	0	0	0
rna-XM_011525584.2	0	0	0	0	2	3
rna-XM_011524737.1	0	0	0	0	0	0
rna-NM_000160.4	0	0	0	2	2	0
rna-NM_001007533.3	0	0	0	3	0	0
rna-XM_011523609.2	0	0	0	0	2	0
rna-NM_004066.2	0	0	0	0	2	0
rna-XM_005258081.4	0	0	0	2	0	0
rna-NM_001330553.1	0	0	0	0	0	0
rna-NM_012307.3	0	32	9	0	0	7
rna-XM_024451296.1	0	0	0	0	0	0
rna-NM_001105581.2	0	0	0	0	0	0
rna-NM_001282300.1	0	0	0	0	0	0
rna-NM_001277333.1	0	0	0	0	0	0
rna-NM_001318383.1	0	0	0	0	0	0
rna-NM_005913.2	0	2	4	4	4	0
rna-XM_017025781.1	0	0	0	0	3	0
rna-NM_001137671.1	0	0	0	0	0	0
rna-NM_021624.3	0	0	0	0	4	2
rna-NM_144662.2	0	0	0	0	0	0
rna-NM_001317384.2	0	0	0	0	0	0
rna-NM_024421.2	0	0	0	3	0	0
rna-NM_001942.3	0	0	0	0	0	0
rna-NM_001944.2	0	0	0	0	2	0
rna-NM_000371.3	0	0	0	0	0	2
rna-NM_001034172.2	0	0	1	2	2	0
rna-NM_005925.2	0	0	0	0	3	6
rna-XM_017025722.1	0	0	0	0	0	0
novel.1014.1	0	0	0	0	7	7
rna-NM_002930.3	0	0	0	0	0	0
rna-NM_020783.3	0	0	0	2	0	0
rna-NM_144612.6	0	0	0	0	0	0
rna-XM_006722525.4	0	0	0	0	0	0
rna-XM_011526283.2	0	0	0	0	0	0
novel.1004.1	0	0	0	0	0	0
rna-NM_001257964.1	0	0	0	0	0	2
rna-NM_015879.2	0	0	2	2	2	0
rna-XM_024451294.1	0	0	0	0	0	0
rna-NM_002091.4	0	0	0	0	0	0
rna-NM_181654.3	0	0	0	0	0	0
rna-NM_005912.2	0	0	0	2	2	0
rna-NM_002639.4	0	0	0	0	0	2
rna-XM_005266778.3	0	0	0	0	0	0
rna-NM_001307923.1	0	0	0	0	0	3
rna-NM_002974.3	0	0	0	0	0	0
rna-NM_006919.2	0	2	0	0	0	0
rna-NM_080475.3	0	0	0	0	0	0
rna-NM_021153.3	0	0	0	0	0	0
rna-NM_001278515.1	0	0	0	0	0	0
novel.1006.1	0	0	0	0	0	0
rna-NM_001174123.1	0	0	0	0	0	0
rna-NM_032649.5	0	0	0	0	0	3
rna-NM_001037331.3	0	0	2	0	0	0
rna-XM_011526288.3	0	0	0	0	0	0
novel.1016.1	0	0	0	0	0	0
rna-NM_001480.3	0	0	0	0	0	0
rna-XM_005259648.1	0	0	0	0	0	0
rna-NM_001243079.1	0	0	4	0	6	0
rna-NM_001080488.1	0	0	2	0	3	0
rna-NM_001101391.1	0	0	0	0	0	0
rna-NM_024967.2	0	0	3	0	4	2
rna-NM_001289117.1	0	0	0	0	0	0
rna-NM_144615.2	0	0	0	0	0	0
rna-XM_024451650.1	0	0	0	0	0	0
rna-NM_181710.3	0	0	0	0	0	0
rna-NM_133492.2	0	0	0	0	2	0
rna-XM_017026804.1	0	0	0	0	0	0
rna-NM_001136507.1	0	0	0	0	0	0
rna-NM_001164425.1	0	0	0	0	2	0
rna-NM_020415.3	0	0	0	0	0	0
rna-NM_174918.2	0	0	0	0	0	0
rna-NM_002002.4	0	0	0	2	2	0
rna-XM_024451485.1	0	0	0	0	0	0
rna-NM_014257.4	0	0	0	4	0	0
rna-XM_011528352.2	0	5	0	0	0	0
rna-XM_017027570.1	0	0	0	0	0	0
rna-NM_178525.4	0	0	0	0	0	0
rna-NM_001004699.2	0	0	0	0	0	0
rna-NM_145208.2	0	0	0	0	0	0
rna-NM_001004456.1	0	0	0	0	0	0
rna-NM_001005193.1	0	0	0	0	0	0
rna-NM_001005192.2	0	0	0	0	0	0
rna-NM_001001958.1	0	0	0	0	0	0
rna-NM_001005191.2	0	0	0	0	0	0
rna-NM_001079935.1	0	0	0	0	0	0
rna-XM_011528461.2	0	0	0	0	2	0
rna-XM_011527697.2	0	0	2	2	0	0
rna-NM_015725.2	0	0	0	0	0	0
rna-NM_001316692.1	0	0	0	0	1	3
rna-NM_006563.4	0	3	2	8	0	0
rna-NM_080864.3	0	0	0	0	3	2
rna-NM_001277378.1	0	0	2	0	0	0
rna-NM_032571.4	0	0	0	0	0	0
rna-XM_011527915.2	0	0	0	0	0	0
rna-XM_017026583.2	0	0	0	0	0	0
rna-NM_001005190.1	0	0	0	0	0	0
rna-NM_030901.1	0	0	0	0	0	0
rna-NM_012377.1	0	0	0	0	0	0
rna-XM_006722842.2	0	0	0	0	0	0
rna-NM_173482.2	0	0	0	0	0	0
rna-NM_012114.2	0	0	0	0	3	0
rna-NM_001004713.1	0	0	0	0	0	0
rna-XM_024451725.1	0	0	0	0	8	5
rna-NM_007253.3	0	0	0	0	0	0
rna-NM_001199208.1	0	2	4	14	7	0
rna-NM_023944.3	0	0	0	3	2	0
rna-NM_013939.2	0	0	0	0	0	0
rna-NM_013938.1	0	0	0	0	0	0
rna-NM_001004466.1	0	0	0	0	0	0
rna-XM_011527911.1	0	0	0	0	0	0
rna-NM_001302493.1	0	0	0	0	0	0
rna-NM_001128932.1	0	6	20	0	0	0
rna-NM_001004465.1	0	0	0	0	0	0
rna-NM_054113.3	0	0	0	3	0	0
rna-NM_003950.3	0	0	0	0	0	0
rna-NM_031310.2	0	9	3	2	0	2
rna-NM_138454.1	0	0	0	0	0	0
rna-XM_017027571.1	0	0	0	0	0	0
rna-NM_007153.3	0	0	0	0	0	0
rna-NM_033468.3	0	0	0	0	0	0
rna-NM_001001411.2	0	0	0	0	0	0
rna-NM_001242680.1	0	0	0	3	0	0
rna-XM_024451653.1	0	0	0	0	0	0
rna-NM_001267716.1	0	0	0	0	0	0
rna-XM_011526902.2	0	2	0	0	0	0
rna-NM_001205273.3	0	0	0	0	0	0
rna-NM_001127895.1	0	0	0	0	0	0
rna-XM_011527032.3	0	3	2	0	0	0
rna-NM_152481.1	0	0	0	0	0	0
rna-NM_021175.3	0	0	0	0	0	0
rna-NM_005303.2	0	0	0	0	1	0
rna-NM_001348195.1	0	0	0	0	0	0
rna-NM_207392.2	0	0	0	0	1	0
rna-NM_003332.3	0	0	0	0	0	0
rna-NM_001864.3	0	3	0	0	0	0
rna-XM_011527360.2	0	0	0	2	0	0
rna-NM_006149.3	0	0	0	1	0	1
rna-XM_011527217.2	0	1	0	0	0	0
rna-NM_001080468.3	0	0	0	0	0	0
rna-NM_001346937.1	0	0	0	0	0	0
rna-NM_172138.1	0	0	0	2	0	0
rna-XM_017026715.1	0	0	0	0	0	0
rna-NM_001190441.2	0	0	0	0	0	0
rna-NM_203471.1	0	0	0	0	0	0
rna-NM_001828.5	0	2	0	0	0	0
rna-NM_001143832.1	0	0	0	0	0	0
rna-NM_000762.5	0	1	0	0	0	3
rna-NM_000764.2	0	0	0	2	0	0
rna-NM_000767.4	0	0	0	0	0	0
rna-NM_000766.4	0	0	0	0	0	0
rna-XM_017026384.2	0	0	0	0	0	0
rna-XM_017026119.1	0	0	0	0	0	0
rna-XM_017027430.1	0	0	0	0	0	0
rna-XM_017026199.1	0	0	0	0	0	0
rna-NM_001291485.1	0	0	0	0	0	0
rna-NM_004363.5	0	0	0	0	2	0
rna-NM_002483.6	0	0	0	0	0	0
rna-NM_001815.4	0	0	0	0	0	0
rna-XM_005258543.3	0	0	0	0	0	0
rna-XM_017027123.1	0	0	0	0	0	0
rna-XM_005259058.3	0	5	4	1	0	3
rna-XM_011526429.2	0	0	0	0	0	0
rna-NM_001646.2	0	0	0	0	0	0
rna-NM_000483.4	0	0	0	0	0	0
rna-NM_138568.4	0	0	0	0	2	0
rna-XM_011527571.2	0	0	0	5	0	0
rna-NM_001029861.2	0	0	0	5	12	8
rna-NM_005091.2	0	0	2	0	0	3
rna-NM_001002923.1	0	0	0	4	0	4
rna-XM_024451381.1	0	0	1	0	0	0
rna-XM_017026796.1	0	0	2	0	2	0
rna-XM_011527067.2	0	0	0	0	0	2
rna-NM_020709.2	0	0	0	2	0	0
rna-NM_198479.2	0	0	0	0	0	0
rna-NM_003167.3	0	0	0	0	0	0
rna-XM_017026118.1	0	0	0	0	0	0
rna-XM_017027130.1	0	0	0	0	0	0
rna-NM_178449.3	0	0	0	2	2	0
rna-XM_011527201.1	0	0	0	6	3	0
rna-NM_052884.2	0	2	0	2	3	0
rna-NM_001321449.1	0	0	0	0	0	0
rna-NM_001506.2	0	0	0	3	0	0
rna-XM_006723265.3	0	0	0	0	2	0
rna-NM_001648.2	0	0	0	0	0	0
rna-NM_005551.4	0	0	0	0	0	0
rna-XM_011526703.2	0	0	0	6	0	0
rna-NM_002774.3	0	2	6	6	2	8
rna-NM_005046.3	0	0	0	0	0	0
rna-NM_144505.2	0	0	0	0	0	0
rna-NM_012315.1	0	0	0	0	0	0
rna-NM_019598.2	0	0	0	0	0	0
rna-NM_015596.2	0	0	4	0	0	6
rna-XM_006723146.4	0	0	0	0	0	0
rna-NM_014385.3	0	0	0	0	0	0
rna-XM_005258799.5	0	0	0	0	0	0
rna-NM_030657.3	0	2	0	0	0	0
rna-NM_014442.2	0	0	0	0	0	0
rna-XM_011527258.2	0	0	0	0	0	0
rna-NM_053003.3	0	0	0	0	0	0
rna-XM_011527533.3	0	0	0	0	0	0
rna-XM_017027419.1	0	0	0	2	2	0
rna-NM_002030.4	0	0	0	0	0	0
rna-XM_017026302.2	0	0	0	4	0	0
rna-NM_173856.2	0	0	0	0	0	0
rna-XM_011526885.1	0	0	0	0	0	0
rna-NM_033341.4	0	0	0	0	0	3
rna-XM_011527011.3	0	0	0	0	0	0
rna-NM_001277126.1	0	0	0	0	0	0
rna-NM_001330650.1	0	0	0	0	0	0
rna-XM_011526359.2	0	0	0	0	0	0
rna-NM_005874.4	0	0	0	0	0	0
rna-NM_021250.3	0	0	0	0	0	0
rna-NM_012276.4	0	0	0	0	0	0
rna-NM_002287.5	0	0	0	0	0	0
rna-NM_002288.5	0	0	0	0	0	0
rna-XM_006722986.1	0	0	0	0	0	0
rna-NM_006863.3	0	0	0	0	0	0
rna-XM_017026215.1	0	0	0	0	0	0
rna-NM_153443.4	0	0	0	0	0	0
rna-NM_015868.2	0	0	0	0	0	0
rna-NM_014218.2	0	0	0	0	0	0
rna-NM_001080770.1	0	0	0	0	0	0
rna-NM_013289.2	0	0	0	0	0	0
rna-NM_001281971.1	0	0	0	0	0	0
rna-NM_006737.3	0	0	0	0	0	0
rna-NM_002000.3	0	0	0	0	0	0
rna-NM_004829.6	0	0	0	0	0	0
rna-NM_176810.2	0	0	0	0	0	2
rna-NM_176811.2	0	0	0	0	0	0
rna-NM_153447.4	0	0	0	0	0	0
rna-NM_033106.3	0	0	0	0	0	2
rna-XM_005258864.3	0	0	4	2	2	4
rna-NM_001358413.1	0	4	0	0	7	0
rna-NM_001005850.2	0	0	0	0	0	0
rna-NM_015363.4	0	0	0	0	0	0
rna-NM_001146184.1	0	0	0	2	5	0
rna-XM_024451624.1	0	0	2	0	0	0
rna-NM_052882.1	0	0	0	0	0	0
rna-NM_001012729.1	0	0	0	0	0	0
rna-XM_011527586.2	0	0	0	0	0	0
rna-XM_006723149.2	0	0	0	0	0	0
rna-NM_007134.1	0	0	0	0	0	0
rna-NM_001195135.1	0	0	0	0	0	1
rna-NM_153325.3	0	0	0	0	0	0
rna-NM_030931.3	0	0	0	3	0	0
rna-NM_139074.3	0	0	0	0	0	0
rna-NM_001037732.2	0	0	0	0	0	0
rna-NM_080831.3	0	0	0	0	0	4
rna-NM_207469.2	0	0	0	0	3	0
rna-NM_004609.3	0	0	0	2	0	0
rna-NM_033129.3	0	0	0	0	0	0
rna-XM_017027839.1	0	0	2	2	0	0
rna-XM_017028191.1	0	4	4	0	0	0
rna-NM_001190899.2	0	0	0	0	0	2
rna-NM_003245.3	0	0	8	0	2	4
rna-NM_198994.2	0	0	0	0	0	0
rna-XM_005260660.4	0	0	0	0	0	0
rna-XM_011529238.1	0	0	0	3	0	0
rna-NM_000490.4	0	0	0	0	0	0
rna-NM_145762.2	0	0	0	0	0	0
rna-NM_012409.3	0	0	0	0	6	0
rna-XM_017027646.1	0	0	0	0	0	0
rna-NM_017545.2	0	2	0	0	0	0
rna-NM_012261.3	0	2	9	0	0	0
rna-XM_017028202.1	0	0	0	0	0	0
rna-XM_017027959.2	0	0	0	0	0	1
rna-NM_002594.4	0	0	0	3	0	0
rna-NM_001159495.1	0	0	0	0	0	0
rna-NM_001242671.2	0	0	0	0	0	0
rna-NM_178483.2	0	0	0	0	0	0
rna-NM_020689.3	0	8	4	0	3	0
novel.1099.1	0	0	0	0	0	0
novel.1099.2	0	0	0	0	0	0
rna-NM_033176.1	0	0	0	0	0	0
rna-NM_006192.4	0	0	0	0	0	0
rna-NM_001052.2	0	0	0	0	0	0
rna-NM_012072.3	0	0	0	0	0	0
rna-NM_138283.1	0	0	0	0	2	0
rna-NM_130794.1	0	0	0	0	0	0
rna-NM_005492.3	0	0	0	0	0	0
rna-NM_080610.2	0	0	0	0	0	0
rna-NM_001008693.2	0	0	0	0	0	0
rna-NM_001899.2	0	0	0	2	0	0
rna-NM_001898.2	0	0	0	2	0	8
rna-NM_001322.2	0	0	0	2	0	0
rna-NM_001900.4	0	0	0	0	0	0
rna-XM_005260863.4	0	0	0	0	0	0
rna-XM_017028192.1	0	0	0	0	0	0
rna-NM_001037730.1	0	0	0	0	0	0
rna-NM_001037731.1	0	1	0	0	0	0
rna-NM_054112.2	0	0	0	0	0	0
rna-NM_153323.4	0	0	0	0	0	0
rna-NM_001011878.2	0	0	0	0	0	0
rna-NM_153324.3	0	0	0	0	0	0
rna-XM_017027833.1	0	0	0	0	0	0
rna-XM_005260579.4	0	0	0	0	0	2
rna-XM_011528573.1	0	0	0	0	1	0
rna-NM_025227.2	0	0	0	0	0	0
rna-XM_017027663.1	0	0	0	0	0	0
rna-NM_182658.2	0	0	0	0	0	0
rna-NM_182519.2	0	0	0	0	0	0
rna-XM_017028195.1	0	0	0	0	0	0
rna-NM_001319164.1	0	0	0	3	2	0
rna-NM_178466.4	0	0	0	0	0	0
rna-NM_130852.2	0	0	0	0	0	0
rna-XM_024452018.1	0	3	0	0	0	0
rna-XM_006723710.2	0	0	0	0	1	0
rna-XM_017028098.1	0	2	0	0	0	0
rna-XM_011528784.2	0	0	0	0	0	0
rna-NM_001725.2	0	0	0	0	0	3
rna-NM_004139.4	0	0	0	0	4	0
rna-NM_001018082.2	0	0	0	0	0	0
rna-NM_080552.2	0	0	0	0	6	0
rna-NM_001256737.1	0	0	0	4	6	4
rna-NM_178491.3	0	0	0	0	0	0
rna-XM_005260407.4	0	0	0	0	2	0
rna-NM_145652.3	0	0	0	0	2	0
rna-NM_080869.1	0	0	0	0	4	0
rna-NM_003007.4	0	0	0	0	0	0
rna-NM_003008.2	0	0	0	0	0	0
rna-NM_006652.1	0	0	0	0	0	0
rna-NM_080827.1	0	0	0	0	0	2
rna-NM_001198986.1	0	0	2	0	0	0
rna-NM_020398.3	0	0	2	0	1	0
rna-XM_017028119.1	0	0	0	2	0	0
rna-NM_147197.2	0	0	2	0	0	4
rna-NM_172131.2	0	6	8	8	0	11
rna-NM_172005.1	0	0	0	0	0	3
rna-NM_178455.2	0	0	0	0	0	0
rna-NM_080721.2	0	0	0	0	0	0
rna-NM_080617.5	0	0	0	0	0	0
rna-NM_019888.3	0	0	1	0	0	0
rna-XM_005260379.3	0	0	0	0	0	0
rna-NM_002591.3	0	4	11	0	3	0
rna-NM_178456.2	0	0	0	0	0	0
rna-NM_001304369.1	0	0	0	0	0	0
rna-XM_011528534.2	0	0	0	8	0	0
rna-XM_005260312.4	0	0	0	0	0	0
rna-NM_080672.4	0	0	0	0	0	0
rna-XM_011528969.3	0	0	0	0	3	0
rna-XM_017027832.1	0	0	0	0	0	0
rna-NM_178463.3	0	0	0	0	0	2
rna-NM_080606.3	0	0	2	0	0	0
rna-XM_011528937.1	0	0	0	0	0	0
rna-NM_000744.6	0	0	0	2	2	0
novel.1116.1	0	4	3	0	0	4
rna-NM_174981.3	0	0	0	0	0	0
rna-NM_012131.2	0	0	0	0	0	0
rna-NM_199328.2	0	0	0	0	0	3
rna-NM_001085455.2	0	0	0	0	0	0
rna-NM_001128598.1	0	0	0	0	0	0
rna-NM_203405.1	0	0	0	0	0	0
rna-NM_001077711.1	0	0	1	0	0	0
rna-NM_181624.1	0	0	0	0	0	0
rna-NM_181621.3	0	0	0	0	0	0
rna-NM_181599.2	0	0	0	0	0	0
rna-NM_181622.2	0	0	0	0	0	0
rna-NM_181600.2	0	0	0	0	0	0
rna-NM_181623.2	0	0	0	0	0	0
rna-NM_181607.2	0	0	0	0	0	0
rna-NM_181608.2	0	0	0	0	0	0
rna-NM_181609.3	0	0	0	0	0	0
rna-NM_181610.2	0	0	0	0	0	0
rna-NM_181611.2	0	0	0	0	0	0
rna-NM_181612.3	0	0	0	1	0	0
rna-NM_181614.2	0	0	0	0	0	0
rna-NM_001164434.1	0	0	0	0	0	0
rna-NM_181605.3	0	0	0	0	0	0
rna-NM_181604.1	0	0	0	0	0	0
rna-NM_181620.2	0	0	0	0	0	0
rna-NM_181602.1	0	0	0	0	0	0
rna-NM_181615.2	0	0	0	0	0	0
rna-NM_001350977.1	0	0	0	1	0	0
rna-NM_181616.2	0	0	0	1	1	0
rna-NM_001128077.1	0	0	0	0	0	0
rna-NM_001164435.1	0	0	0	0	0	0
rna-NM_181617.2	0	0	0	0	4	0
rna-NM_181619.2	0	0	0	0	0	0
rna-NM_175857.3	0	0	0	0	0	0
rna-NM_181606.2	0	0	0	0	0	0
rna-NM_175858.2	0	0	0	0	0	0
rna-NM_001099219.1	0	0	0	0	0	0
rna-NM_001146077.1	0	0	0	0	4	0
rna-NM_001136154.1	0	2	4	4	0	17
rna-NM_006198.2	0	0	0	0	0	0
rna-NM_001389.4	0	2	0	3	0	13
rna-NM_173568.3	0	0	0	0	0	0
rna-NM_003226.3	0	0	0	0	0	0
rna-NM_005423.4	0	0	0	0	0	4
rna-NM_003225.2	0	0	0	0	0	0
rna-NM_018961.3	0	0	0	0	0	8
rna-NM_001308491.1	0	0	0	2	3	0
rna-NM_013369.3	0	0	0	0	0	0
rna-NM_000383.3	0	0	0	0	0	0
rna-NM_001005239.1	0	0	0	0	0	0
rna-NM_014406.4	0	0	0	0	0	0
rna-XM_017028575.1	0	0	0	0	0	0
rna-NM_001282226.1	0	2	0	0	0	0
rna-XM_024452264.1	0	0	0	0	0	0
rna-XM_017029167.2	0	0	0	1	0	0
rna-NM_005315.1	0	0	0	0	0	0
rna-NM_004173.2	0	0	2	0	0	0
rna-XM_024452313.1	0	0	0	0	0	0
rna-NM_007128.3	0	0	0	0	0	0
novel.1145.1	0	0	0	0	0	0
rna-NM_080740.4	0	0	1	0	4	1
rna-NM_206954.2	0	0	0	0	0	0
rna-NM_001178126.1	0	0	0	0	0	3
novel.1146.1	0	0	0	0	0	0
novel.1165.1	0	0	0	0	0	0
rna-XM_017029168.1	0	0	0	0	0	0
rna-NM_001358664.1	0	0	0	0	0	0
rna-XM_003403493.3	0	2	2	0	2	0
rna-XM_011530461.2	0	6	3	2	1	4
rna-NM_021115.4	0	0	0	0	3	0
rna-NM_001318329.1	0	0	0	0	0	0
rna-XM_017028532.1	0	0	0	0	0	0
rna-NM_015370.1	0	0	0	0	0	0
rna-NM_021026.2	0	0	0	0	0	0
rna-NM_020530.5	0	0	0	0	3	0
rna-XM_011530128.2	0	0	0	0	0	0
rna-XM_017028787.1	0	0	0	0	0	0
rna-XM_017028931.1	0	0	0	0	0	0
rna-NM_000343.3	0	0	0	1	0	0
rna-XM_011529922.3	0	0	0	0	0	0
rna-XM_017028920.1	0	5	7	0	0	0
rna-NM_001098535.1	0	3	0	0	9	0
rna-XM_011530088.2	0	0	2	0	0	0
rna-NM_001303508.1	0	0	0	0	0	0
rna-NM_030642.1	0	1	0	0	1	2
rna-NM_006078.4	0	0	2	0	0	2
rna-NM_002854.2	0	0	0	0	0	0
rna-NM_013416.3	0	0	0	0	0	0
rna-NM_001163857.1	0	0	0	0	0	0
rna-NM_013356.2	0	0	3	2	3	0
rna-NM_138435.2	0	7	3	0	0	0
rna-XM_017029163.1	0	0	0	0	2	0
rna-NM_152613.2	0	0	0	0	0	0
rna-XM_005261373.3	0	1	3	1	4	1
rna-NM_001044370.1	0	0	0	0	0	0
rna-NM_014351.3	0	0	0	0	0	0
rna-XM_011530653.3	0	0	0	0	0	0
rna-NM_006953.3	0	0	0	0	0	2
rna-XM_017029166.1	0	0	0	0	0	0
rna-NM_001082967.2	0	0	0	0	0	0
rna-XM_024452238.1	0	0	0	0	2	0
rna-XM_011530661.2	0	0	0	0	0	0
rna-XM_011546256.3	0	0	3	1	0	2
rna-XM_017030128.1	0	0	0	0	0	0
rna-XM_017030163.2	0	0	0	0	0	0
rna-NM_000451.3	0	0	0	0	0	0
rna-XM_005274587.4	0	0	0	0	0	0
rna-NM_001011719.1	0	0	0	3	0	0
rna-NM_015419.3	0	0	0	0	0	0
rna-NM_016379.3	0	0	0	0	0	0
rna-NM_013452.2	0	0	0	0	0	0
rna-NM_016378.3	0	0	0	0	0	2
rna-NM_001001888.3	0	0	0	0	0	0
rna-NM_174951.3	0	2	0	0	0	0
rna-NM_174901.5	0	0	2	0	0	0
rna-XM_011545614.2	0	2	0	0	0	0
rna-NM_001135995.1	0	0	0	0	0	0
novel.1176.1	0	2	0	0	0	0
rna-NM_080873.2	0	0	0	0	0	0
rna-NM_203281.2	0	0	0	0	0	0
rna-XM_011545447.1	0	0	0	0	0	0
rna-NM_153270.2	0	0	0	0	0	0
rna-NM_014332.2	0	0	0	0	0	0
rna-NM_182699.3	0	0	0	0	0	0
rna-NM_001136233.2	0	0	0	0	0	0
rna-NM_001136234.2	0	0	0	0	0	0
rna-NM_173523.2	0	0	0	0	0	0
rna-NM_001271752.1	0	0	0	0	0	0
rna-NM_207319.3	0	0	0	0	0	0
rna-NM_182506.3	0	0	0	0	0	0
rna-NM_001017930.1	0	0	0	0	0	0
rna-NM_002364.4	0	0	0	0	0	0
rna-NM_002365.4	0	0	0	0	4	0
rna-NM_002367.3	0	0	0	0	0	0
rna-NM_002363.4	0	0	0	0	0	0
rna-NM_000475.4	0	0	0	0	0	0
rna-NM_025159.2	0	0	0	0	0	0
rna-NM_031894.2	0	0	0	0	0	0
rna-NM_152631.2	0	0	0	0	0	0
rna-XM_011545453.3	0	0	0	0	0	0
rna-NM_001013736.2	0	0	0	0	0	0
rna-NM_001271682.1	0	0	0	0	0	0
rna-NM_000397.3	0	0	6	2	0	0
rna-NM_001195522.2	0	0	0	0	0	0
rna-XM_017029709.1	0	2	5	0	0	0
rna-NM_025210.1	0	0	0	0	0	0
rna-NM_000898.4	0	2	0	0	0	0
rna-NM_022076.3	0	0	0	0	0	0
rna-NM_176819.3	0	0	0	0	0	0
rna-NM_152869.3	0	0	0	3	0	0
rna-XM_024452487.1	0	0	0	0	0	0
rna-NM_205856.3	0	0	0	0	0	0
rna-NM_001079900.2	0	0	0	0	0	0
rna-NM_021015.3	0	0	0	0	0	0
rna-NM_001278691.1	0	0	0	0	0	0
rna-NM_021014.3	0	0	0	0	0	0
rna-NM_005636.3	0	0	0	0	0	1
rna-NM_001034832.3	0	0	0	0	0	1
rna-XM_011543912.2	0	0	0	0	0	0
rna-NM_181532.3	0	2	0	1	0	0
rna-NM_005183.3	0	0	0	0	0	0
rna-NM_001098406.2	0	0	0	0	0	0
rna-NM_001098412.2	0	0	0	0	0	0
rna-NM_001098408.1	0	0	0	0	0	0
rna-NM_001127199.1	0	0	0	0	0	0
rna-NM_001098418.1	0	0	0	0	0	0
rna-NM_001098410.1	0	0	0	0	0	0
rna-NM_001127212.1	0	0	0	0	0	0
rna-XM_011543896.2	0	0	0	0	0	0
rna-XM_011543998.2	0	0	0	0	0	2
rna-NM_001318877.1	0	0	0	0	0	0
rna-NM_003886.2	0	0	0	0	0	0
rna-NM_001013742.3	0	4	0	0	0	9
rna-NM_005448.2	0	0	0	0	0	0
rna-NM_203407.2	0	0	0	2	0	0
rna-NM_001355276.1	0	0	0	0	0	0
rna-NM_001355278.1	0	0	0	0	0	0
rna-NM_001355277.1	0	0	0	0	0	0
novel.1180.1	0	0	0	0	1	0
novel.1196.1	0	0	0	0	1	0
rna-XM_011530836.2	0	0	0	0	0	0
rna-XM_017029748.1	0	0	0	0	0	0
rna-XM_017029746.1	0	0	0	0	0	0
rna-NM_003147.5	0	0	0	0	0	0
rna-NM_001278701.1	0	0	0	0	0	0
rna-NM_001009616.3	0	0	0	0	0	0
rna-XM_017029320.2	0	0	0	0	0	0
rna-XM_011530768.2	0	0	0	0	0	0
rna-NM_198510.2	0	0	0	0	4	0
rna-XM_017029576.1	0	6	3	4	0	4
rna-NM_000032.4	0	0	0	0	0	0
rna-XM_011530785.2	0	0	0	0	0	0
rna-NM_207339.3	0	0	0	0	0	0
rna-NM_001190708.1	0	0	0	0	0	0
rna-NM_130467.4	0	0	0	0	0	0
rna-XM_017029282.2	0	0	0	0	0	0
rna-NM_198451.3	0	0	0	0	0	0
rna-NM_174912.3	0	0	0	0	3	0
rna-NM_001319967.1	0	0	0	2	0	0
rna-NM_007268.2	0	0	0	0	2	0
rna-XM_017030009.1	0	0	0	0	0	0
rna-NM_207320.2	0	0	0	0	0	0
rna-NM_198512.2	0	4	0	0	0	0
rna-XM_017029295.1	0	0	0	0	0	0
rna-NM_002565.3	0	2	2	2	0	0
rna-NM_001003811.1	0	0	0	0	0	0
rna-XM_024452488.1	0	0	0	0	0	0
rna-NM_001048164.2	0	0	0	0	0	0
rna-NM_001025265.2	0	0	0	0	0	0
rna-XM_017029435.1	0	0	0	0	0	0
rna-NM_001323075.1	0	0	2	0	0	2
rna-NM_001145140.1	0	0	0	1	0	0
rna-NM_001145139.1	0	0	0	1	0	0
novel.1199.1	0	0	0	0	0	0
rna-XM_006724684.3	0	0	0	0	0	0
rna-NM_001348072.1	0	0	0	0	0	0
rna-NM_001348203.1	0	0	0	0	0	0
rna-XM_005262287.4	0	0	0	0	0	0
rna-XM_024452330.1	0	0	0	0	0	0
rna-NM_001348070.1	0	0	0	0	0	0
rna-NM_001042506.1	0	0	0	0	0	0
rna-NM_001012977.2	0	0	0	0	0	0
rna-NM_021963.3	0	14	9	5	2	2
rna-NM_005193.1	0	0	0	0	0	0
rna-NM_203303.2	0	0	0	0	0	0
rna-NM_001008537.2	0	0	0	0	0	0
rna-NM_138703.4	0	0	0	0	0	2
rna-NM_003868.2	0	0	0	0	0	0
rna-NM_001282186.1	0	0	0	0	0	0
rna-NM_001324225.1	0	0	0	0	0	0
rna-NM_032553.1	0	0	0	0	0	0
rna-NM_001109878.1	0	0	0	0	0	0
rna-XM_024452344.1	0	0	0	0	0	0
rna-NM_000307.4	0	5	4	4	0	8
rna-NM_021118.2	0	0	0	0	0	0
rna-NM_001307940.1	0	0	0	4	4	0
rna-XM_011530846.3	0	0	0	0	2	5
rna-NM_033048.5	0	0	0	0	0	0
rna-NM_138960.3	0	0	0	0	0	2
rna-NM_080832.2	0	0	0	0	0	0
rna-XM_011530926.3	0	0	0	8	2	0
rna-XM_011531085.2	0	0	0	0	0	0
rna-NM_022144.2	0	0	0	0	0	0
rna-NM_021637.2	0	0	2	4	0	0
rna-XM_024452406.1	0	0	0	0	1	0
rna-XM_017030010.1	0	0	0	0	0	0
rna-NM_001277423.1	0	0	0	0	0	0
rna-NM_001002916.4	0	0	0	0	0	0
rna-XM_011530922.2	0	0	0	0	0	0
rna-NM_153448.3	0	0	0	0	0	0
rna-NM_017416.1	0	0	2	2	3	4
rna-NM_001291277.1	0	0	0	0	0	0
rna-XM_006724683.2	0	0	0	0	0	0
rna-XM_011530855.2	0	2	0	0	0	0
rna-NM_000555.3	0	0	0	0	0	0
rna-NM_001354473.1	0	0	0	0	0	0
rna-NM_012471.2	0	0	0	0	2	0
rna-NM_001195576.1	0	0	0	0	2	0
rna-NM_001004308.2	0	2	0	0	0	0
rna-NM_001256760.2	0	0	0	3	0	0
rna-NM_016383.4	0	0	0	0	0	0
rna-NM_000686.4	0	0	0	0	0	0
rna-NM_001017978.3	0	0	0	0	0	0
rna-NM_020721.1	0	0	3	2	0	0
rna-XM_017030017.1	0	0	0	0	4	0
rna-NM_001099685.2	0	0	0	0	0	0
rna-XM_011531281.2	0	0	0	0	0	0
rna-NM_032498.2	0	0	0	0	0	0
rna-NM_001142447.2	0	3	0	0	0	0
rna-NM_001145718.1	0	0	0	0	0	0
rna-XM_017029190.1	0	0	0	0	0	0
rna-XM_011531319.2	0	0	0	0	0	0
rna-XM_011531381.2	0	0	0	0	0	0
rna-XM_011531382.2	0	0	0	0	0	0
rna-XM_011531383.2	0	0	0	0	0	0
rna-XM_011531380.2	0	0	0	0	0	0
rna-XM_017029775.1	0	0	0	0	0	0
rna-XM_011531384.2	0	0	0	0	0	0
rna-XM_011531385.2	0	0	0	0	0	0
rna-XM_011531386.2	0	0	0	0	0	0
rna-XM_011531387.2	0	0	0	0	0	0
rna-XM_011531388.2	0	0	0	0	0	0
rna-NM_000828.4	0	0	0	0	0	0
rna-NM_001355534.1	0	6	3	2	0	0
rna-NM_001195272.2	0	0	0	0	0	0
rna-NM_001013628.2	0	0	0	0	0	0
rna-NM_001122716.1	0	0	0	0	0	0
rna-NM_138289.3	0	0	0	0	0	0
novel.1209.1	0	5	5	2	2	0
novel.1186.1	0	4	0	0	0	0
rna-NM_003399.5	0	2	2	0	0	1
rna-XM_006724763.1	0	0	0	0	0	0
rna-NM_004794.2	0	5	5	5	6	8
rna-NM_178471.2	0	0	0	0	0	0
rna-NM_144967.3	0	0	0	0	0	0
rna-NM_001004486.1	0	0	0	0	0	0
rna-NM_194277.2	0	2	0	0	0	0
rna-XM_017029892.1	0	0	2	0	0	0
rna-NM_016521.2	0	0	0	0	3	0
rna-NM_001031705.2	0	0	2	1	3	0
rna-XM_017029621.1	0	0	0	0	0	0
rna-NM_153834.3	0	0	0	0	0	0
rna-NM_001727.1	0	0	0	0	0	0
rna-NM_016267.3	0	0	0	0	0	0
rna-NM_000074.2	0	0	0	0	0	2
rna-NM_054021.1	0	0	0	0	0	0
rna-NM_003413.3	0	3	6	2	0	2
rna-NM_000133.3	0	0	0	0	0	0
rna-NM_001013403.2	0	0	0	0	0	0
rna-NM_032461.3	0	3	0	3	0	2
rna-NM_022661.3	0	0	0	0	0	0
rna-NM_013453.3	0	1	1	2	0	0
rna-NM_145662.3	0	1	1	2	0	0
rna-NM_001318917.1	0	0	0	0	0	0
rna-NM_032417.3	0	0	0	0	0	2
rna-NM_005462.4	0	0	0	0	0	0
rna-NM_016249.3	0	2	0	0	0	2
rna-XM_017029543.1	0	0	0	0	0	0
rna-NM_001009609.3	0	0	2	0	0	0
rna-NM_001009615.2	0	0	0	0	0	0
rna-NM_001009614.2	0	0	0	0	0	0
rna-NM_032539.4	0	24	22	6	0	4
rna-NM_001244892.1	0	0	0	0	0	0
rna-NM_001144064.2	0	0	0	0	0	0
rna-XM_011531219.2	0	0	0	0	0	0
rna-NM_152578.2	0	0	0	0	0	0
rna-NM_004224.3	0	0	0	0	0	0
rna-NM_173493.2	0	0	0	1	4	0
rna-XM_011531197.2	0	0	0	0	0	0
rna-NM_005140.1	0	0	0	0	0	0
rna-XM_005274677.2	0	0	0	0	0	0
rna-NM_021049.4	0	0	0	0	0	0
rna-NM_001204811.2	0	0	0	0	0	0
rna-NM_021048.4	0	0	0	0	0	0
rna-NM_000808.3	0	0	0	0	0	4
rna-XM_017029406.2	0	0	0	2	0	2
rna-XM_017029519.1	0	0	0	2	0	2
rna-XM_024452379.1	0	3	0	0	11	0
rna-NM_005363.3	0	0	2	0	4	0
rna-NM_013364.5	0	0	0	0	0	0
rna-NM_004988.4	0	0	0	0	0	0
rna-NM_001354980.1	0	0	0	0	0	0
rna-XM_017030018.2	0	0	0	1	2	0
rna-XM_011531226.2	0	0	0	0	0	2
rna-XM_017029553.1	0	0	2	0	6	0
rna-NM_002910.5	0	6	2	0	11	2
rna-NM_020061.5	0	0	0	0	1	0
rna-NM_000513.2	0	0	0	0	0	0
rna-NM_001048181.2	0	0	0	0	0	0
rna-NM_001330067.1	0	0	0	0	0	0
rna-XM_011531151.2	0	0	2	2	1	1
rna-NM_000451.3-2	0	0	0	0	0	0
rna-NM_003140.2	0	0	0	0	0	0
rna-NM_001008.3	0	0	0	0	0	0
rna-XM_005262570.2	0	0	0	0	0	0
rna-NM_139214.2	0	0	0	0	0	0
rna-NM_032973.2	0	1	0	0	0	1
rna-NM_022573.2	0	0	0	0	0	0
rna-XM_017030042.1	0	0	0	0	0	0
rna-XM_024452497.1	0	0	0	0	0	0
rna-NM_001282469.2	0	0	0	0	0	0
rna-XM_017030078.2	0	0	0	0	0	0
rna-NM_001122665.3	0	0	0	0	0	0
rna-XM_011531441.3	0	0	0	0	0	0
rna-NM_004202.2	0	0	0	0	0	0
rna-NM_004679.2	0	0	0	0	0	0
rna-NM_181880.1	0	0	0	0	0	0
rna-NM_004677.2	0	0	0	0	0	0
rna-NM_001001722.1	0	0	0	0	0	0
rna-NM_004825.2	0	0	0	0	0	0
rna-NM_001002906.1	0	0	0	0	0	0
rna-NM_033108.2	0	0	0	0	0	0
rna-NM_153716.1	0	0	0	0	2	0
rna-XM_017030091.1	0	0	0	0	0	0
rna-NM_001146705.1	0	0	0	0	0	0
rna-NM_004681.3	0	0	0	0	0	0
rna-NM_001039567.2	0	0	0	0	0	0
rna-NM_001282471.1	0	0	0	0	0	0
rna-NM_001006121.3	0	0	0	0	0	0
rna-NM_005058.3	0	0	0	0	0	0
rna-XM_011531486.2	0	0	0	0	0	0
rna-NM_001006118.2	0	0	0	0	0	0
rna-NM_001002758.1	0	0	0	0	0	0
rna-NM_152585.2	0	0	0	0	0	0
rna-NM_001006117.3	0	0	0	0	0	0
rna-XM_017030088.2	0	0	0	0	0	0
rna-NM_004678.2	0	0	0	0	0	0
rna-NM_004081.5	0	0	0	0	0	0
rna-NM_020363.3	0	0	0	0	0	0
rna-NM_001003895.1	0	0	0	0	0	0
rna-NM_001002760.1	0	0	0	0	0	0
rna-NM_020364.3	0	0	0	0	0	0
rna-XM_005262602.1	0	0	0	0	0	0
rna-NM_001002761.1	0	0	0	0	0	0
rna-NM_004680.2	0	0	0	0	0	0
rna-XM_011545645.2	0	0	2	2	1	1
rna-NM_001257362.2	0	0	0	0	0	0
novel.1260.1	0	0	2	0	0	2
rna-XM_006724939.3	0	0	2	0	3	0
rna-XM_017030172.1	0	0	3	0	7	0
rna-XM_017030104.1	0	0	0	0	0	0
rna-NM_001146344.2-2	0	0	0	0	0	1
rna-NM_001013631.2-2	0	0	0	0	0	0
rna-NM_023014.1-2	0	0	0	0	0	0
rna-NM_001039361.4-2	0	0	0	0	0	0
rna-NM_001012277.4-2	0	0	0	0	0	0
rna-NM_001010889.2-2	0	0	0	0	0	1
rna-NM_001100631.2	0	0	0	0	0	0
rna-NM_001300891.1-2	0	0	0	0	0	0
rna-NM_001146181.2-2	0	0	0	0	0	0
rna-NM_001310134.1-2	0	0	0	0	0	0
rna-NM_001136561.3-2	0	0	0	0	0	0
rna-NM_001306072.1-2	0	0	0	0	0	0
rna-NM_001302551.1-2	0	0	0	0	0	0
rna-NM_001010890.2-2	0	0	0	0	0	0
rna-NM_001291380.1-2	0	0	0	1	0	0
rna-NM_001099850.2-2	0	0	0	0	0	0
rna-NM_001013407.2-2	0	0	0	0	0	1
rna-NM_001012276.3-2	0	0	0	0	0	0
rna-NM_001100631.2-2	0	0	0	0	0	0
rna-NM_001300891.1-3	0	0	0	0	0	0
rna-NM_001146181.2-3	0	0	0	0	0	0
rna-NM_001310134.1-3	0	0	0	0	0	0
rna-NM_001136561.3-3	0	0	0	0	0	0
rna-NM_001306072.1-3	0	0	0	0	0	0
rna-NM_001302551.1-3	0	0	0	0	0	0
rna-NM_001010890.2-3	0	0	0	0	0	0
rna-NM_001099850.2-3	0	0	0	0	0	0
rna-NM_001013407.2-3	0	0	0	0	0	1
rna-NM_001012276.3-3	0	0	0	0	0	0
rna-NM_207421.4-2	0	0	0	1	0	0
rna-NM_001143987.1-2	0	0	0	0	0	0
rna-NM_001143989.2-2	0	0	0	0	0	1
rna-NM_003493.2-2	0	0	1	0	0	0
rna-NM_001287262.1-2	0	0	0	0	0	0
rna-NM_020989.3-2	0	0	0	0	0	0
rna-NM_000541.4-2	0	0	0	0	0	0
rna-XM_017007613.2	0	0	0	1	0	0
rna-XM_011548749.2	0	0	0	2	0	0
rna-NM_207015.2-2	0	0	1	0	0	0
rna-NM_003154.2-2	0	0	0	0	0	0
rna-NM_000200.2-2	0	0	0	0	0	0
rna-NM_002159.3-2	0	0	0	0	0	0
rna-NM_214711.3-2	0	0	0	2	0	0
rna-XM_017030333.1	0	0	0	0	0	0
rna-XM_017030334.1	0	0	0	0	0	0
rna-XM_017030335.1	0	0	0	0	0	0
rna-XM_017030336.1	0	0	0	0	0	0
rna-NM_001306068.2-2	0	0	0	0	0	0
rna-XM_017030337.1	0	0	0	0	0	0
rna-XM_017030338.1	0	0	0	0	0	0
rna-XM_017030339.1	0	0	0	0	0	0
rna-XM_017030340.1	0	0	0	0	0	0
rna-XM_024452584.1	0	0	0	0	0	0
rna-NM_001305388.1-2	0	0	1	0	0	0
rna-NM_145867.1-2	0	3	4	2	0	0
rna-NM_014611.2-2	0	0	0	0	0	0
rna-NM_032602.1-2	0	0	0	0	0	0
rna-NM_177437.1-2	0	0	0	0	0	0
rna-NM_176883.2-2	0	0	0	0	0	0
rna-NM_001004685.1-2	0	0	0	0	0	0
rna-NM_012369.2-2	0	0	0	0	0	0
rna-NM_001005281.1-2	0	0	0	0	0	0
rna-NM_012365.1-2	0	0	0	0	0	0
rna-NM_001004488.1-2	0	0	0	1	0	0
rna-NM_001004135.1-2	0	0	0	0	0	0
rna-NM_001005480.2-2	0	0	0	0	0	0
rna-NM_001001659.1-2	0	0	0	1	0	0
rna-NM_001080413.3-2	0	0	0	0	0	0
rna-NM_001290253.1-2	0	0	0	0	0	0
rna-NM_005218.3-2	0	0	0	0	0	0
rna-NM_001925.2-2	0	0	0	0	0	0
rna-NM_004084.3-2	0	0	0	0	0	0
rna-NM_001302265.1-2	0	0	0	0	0	0
rna-NM_005217.3-2	0	0	0	0	0	0
rna-NM_021010.2-2	0	0	0	0	0	0
rna-NM_001037668.1-2	0	0	0	0	0	0
rna-NM_152250.2-2	0	0	0	0	0	0
rna-NM_152251.3-2	0	0	0	0	0	0
rna-NM_080389.2-2	0	0	0	0	0	0
rna-NM_001081551.3-2	0	0	0	0	0	0
rna-NM_004942.3-2	0	0	2	2	1	0
rna-NM_001193630.1-2	0	0	0	1	0	0
rna-NM_001256872.1-2	0	0	0	0	0	0
rna-NM_001256871.1-2	0	0	0	0	0	0
rna-XM_024452677.1	0	0	0	0	0	0
rna-XM_024452663.1	0	0	0	0	0	0
rna-NM_001037804.1-2	0	0	0	0	0	0
rna-NM_001302695.1-2	0	0	0	0	0	0
rna-NM_001033017.2-2	0	0	0	0	0	0
rna-NM_001033018.2-2	0	0	0	0	0	0
rna-XM_024452671.1	0	0	0	0	2	0
rna-NM_054028.1-2	0	1	2	0	1	2
rna-NM_001040032.1-2	0	0	0	0	0	0
rna-NM_198464.3-2	0	0	0	0	0	0
rna-XM_024452665.1	0	0	0	0	0	0
rna-NM_001282479.1-2	0	0	0	0	5	0
rna-NM_001040705.1-2	0	0	0	0	0	0
rna-NM_001040703.2-2	0	0	0	0	0	0
rna-NM_001040704.1-2	0	0	0	0	0	0
rna-NM_001040702.1-2	0	0	0	0	0	0
rna-NM_058201.2-2	0	0	0	0	0	0
rna-NM_018661.4-2	0	0	0	0	0	0
rna-NM_001205266.1-2	0	0	0	0	0	0
rna-NM_001164457.1-2	0	0	0	2	1	0
rna-XM_011548774.2	0	0	0	0	0	0
rna-NM_014581.3-2	0	0	0	0	0	0
rna-NM_020469.2-2	0	0	0	0	0	0
rna-NM_001003892.2-2	0	0	0	0	0	0
rna-NM_005961.2-2	0	0	0	1	1	0
rna-NM_153444.1-2	0	0	0	0	0	0
rna-NM_153445.1-2	0	0	1	0	0	0
rna-NM_001004461.1-2	0	0	0	0	0	0
rna-NM_001003745.1-2	0	0	0	0	0	0
rna-NM_176821.3-2	0	0	0	1	2	0
rna-NM_001164379.1-2	0	0	1	0	0	1
rna-NM_001005270.4-2	0	0	0	0	0	0
rna-NM_001005513.1-2	0	0	0	0	0	0
rna-XM_024452680.1	0	0	0	0	0	0
rna-NM_173801.4-2	0	0	0	0	0	0
rna-NM_006138.4-2	0	0	0	1	0	0
rna-NM_181721.2-2	0	0	2	0	0	0
rna-NM_199460.3-2	0	6	2	0	4	4
rna-NM_138723.1-2	0	0	2	0	3	1
rna-NM_001351285.1-2	0	0	0	0	0	0
rna-XM_024452681.1	0	0	0	0	0	0
rna-NM_182484.2	0	0	5	1	0	3
rna-NM_001198950.2-2	0	0	0	0	0	0
rna-NM_001280558.1-2	0	0	0	0	0	0
rna-NM_006871.3-2	0	0	0	0	0	0
rna-NM_000275.2-2	0	0	0	1	0	1
rna-XM_024452572.1	0	0	0	0	0	0
rna-XM_024452569.1	0	0	0	1	0	0
rna-NM_001282468.1-2	0	1	0	2	1	1
rna-XM_024452574.1	0	0	0	0	0	0
rna-XM_024452570.1	0	0	0	0	0	0
rna-XM_017030320.1	0	0	0	0	1	0
rna-XM_017030317.2	0	1	1	0	0	0
rna-XM_011548991.2	0	0	0	0	0	0
rna-NM_001252020.1-2	0	0	0	1	0	0
rna-NM_001243538.2-2	0	2	1	0	0	0
rna-XM_024452571.1	0	0	0	0	0	0
rna-XM_017030326.1	0	0	0	0	0	0
rna-XM_017030325.1	0	0	0	0	0	0
rna-NM_006799.3-2	0	0	0	0	0	0
rna-NM_022166.3-2	0	0	0	0	0	1
rna-NM_003460.2-2	0	0	0	0	0	0
rna-NM_145865.2-2	0	0	0	0	1	0
rna-XM_024452649.1	0	0	0	0	0	0
rna-NM_001198542.1-2	0	0	0	0	1	0
rna-XM_024452593.1	0	0	0	1	0	0
rna-NM_001145127.1-2	0	0	0	0	0	0
rna-NM_006149.3-2	0	0	0	1	0	1
rna-NM_001243212.1-2	0	0	0	1	0	0
rna-NM_001143832.1-2	0	0	0	0	0	0
rna-NM_153443.4-2	0	0	0	0	0	0
rna-NM_015868.2-2	0	0	0	0	0	0
rna-XM_024452595.1	0	0	0	0	0	0
rna-NM_001322168.1	0	0	0	0	0	0
rna-NM_002255.5	0	0	0	0	0	0
rna-NM_012314.5	0	0	0	0	0	0
rna-NM_006737.3-2	0	0	0	0	0	0
rna-NM_153443.4-3	0	0	0	0	0	0
rna-NM_015868.2-3	0	0	0	0	0	0
rna-XM_024452596.1	0	0	0	0	0	0
rna-NM_001322168.1-2	0	0	0	0	0	0
rna-NM_002255.5-2	0	0	0	0	0	0
rna-NM_012314.5-2	0	0	0	0	0	0
rna-NM_006737.3-3	0	0	0	0	0	0
rna-NM_153443.4-4	0	0	0	0	0	0
rna-NM_015868.2-4	0	0	0	0	0	0
rna-XM_024452599.1	0	0	0	0	0	0
rna-NM_001322168.1-3	0	0	0	0	0	0
rna-NM_002255.5-3	0	0	0	0	0	0
rna-NM_012314.5-3	0	0	0	0	0	0
rna-NM_006737.3-4	0	0	0	0	0	0
rna-NM_153443.4-5	0	0	0	0	0	0
rna-NM_015868.2-5	0	0	0	0	0	0
rna-NM_014218.2-2	0	0	0	0	0	0
rna-XM_024452605.1	0	0	0	0	0	0
rna-XM_024452613.1	0	0	0	0	0	0
rna-NM_001018081.1	0	0	0	0	0	0
rna-NM_012313.1	0	0	0	0	0	0
rna-XM_024452604.1	0	0	0	0	0	0
rna-NM_002255.5-4	0	0	0	0	0	0
rna-NM_001083539.2	0	0	0	0	0	0
rna-NM_020535.3	0	0	0	0	0	0
rna-NM_014513.2	0	0	0	0	0	0
rna-NM_014512.1	0	0	0	0	0	0
rna-NM_001242867.1-5	0	0	0	0	0	0
rna-NM_153443.4-6	0	0	0	0	0	0
rna-NM_015868.2-6	0	0	0	0	0	0
rna-NM_002255.5-5	0	0	0	0	0	0
rna-NM_001083539.2-2	0	0	0	0	0	0
rna-NM_014513.2-2	0	0	0	0	0	0
rna-NM_014512.1-2	0	0	0	0	0	0
rna-NM_006737.3-6	0	0	0	0	0	0
rna-NM_002000.3-2	0	0	0	0	0	0
rna-NM_004829.6-2	0	0	0	0	0	0
rna-NM_153443.4-7	0	0	0	0	0	0
rna-NM_015868.2-7	0	0	0	0	0	0
rna-XM_024452618.1	0	0	0	0	0	0
rna-NM_002255.5-6	0	0	0	0	0	0
rna-XM_024452621.1	0	0	0	0	0	0
rna-NM_012314.5-4	0	0	0	0	0	0
rna-NM_001242867.1-7	0	0	0	0	0	0
rna-NM_153443.4-8	0	0	0	0	0	0
rna-NM_002255.5-7	0	0	0	0	0	0
rna-NM_001322168.1-4	0	0	0	0	0	0
rna-NM_012314.5-5	0	0	0	0	0	0
rna-NM_006737.3-8	0	0	0	0	0	0
rna-NM_153443.4-9	0	0	0	0	0	0
rna-NM_015868.2-8	0	0	0	0	0	0
rna-NM_014218.2-4	0	0	0	0	0	0
rna-NM_001322168.1-5	0	0	0	0	0	0
rna-NM_002255.5-8	0	0	0	0	0	0
rna-NM_012314.5-6	0	0	0	0	0	0
rna-NM_006737.3-9	0	0	0	0	0	0
rna-NM_153443.4-10	0	0	0	0	0	0
rna-NM_015868.2-9	0	0	0	0	0	0
rna-XM_011548370.2	0	0	0	0	0	0
rna-NM_006737.3-10	0	0	0	0	0	0
rna-NM_002000.3-3	0	0	0	0	0	0
rna-NM_153443.4-11	0	0	0	0	0	0
rna-NM_015868.2-10	0	0	0	0	0	0
rna-XM_024452629.1	0	0	0	0	0	0
rna-NM_001322168.1-6	0	0	0	0	0	0
rna-NM_002255.5-9	0	0	0	0	0	0
rna-NM_012314.5-7	0	0	0	0	0	0
rna-NM_006737.3-11	0	0	0	0	0	0
rna-NM_014219.2	0	0	0	0	0	0
rna-NM_001018081.1-2	0	0	0	0	0	0
rna-NM_012313.1-2	0	0	0	0	0	0
rna-NM_002255.5-10	0	0	0	0	0	0
rna-NM_001083539.2-3	0	0	0	0	0	0
rna-NM_014512.1-3	0	0	0	0	0	0
rna-NM_006737.3-12	0	0	0	0	0	0
rna-XM_024452632.1	0	0	0	0	0	0
rna-NM_015868.2-11	0	0	0	0	0	0
rna-NM_153443.4-12	0	0	0	0	0	0
rna-NM_015868.2-12	0	0	0	0	0	0
rna-NM_002255.5-11	0	0	0	0	0	0
rna-XM_024452635.1	0	0	0	0	0	0
rna-NM_012314.5-8	0	0	0	0	0	0
rna-NM_006737.3-13	0	0	0	0	0	0
rna-NM_153443.4-13	0	0	0	0	0	0
rna-XM_024452641.1	0	0	0	0	0	0
rna-NM_014219.2-2	0	0	0	0	0	0
rna-NM_002255.5-12	0	0	0	0	0	0
rna-XM_024452638.1	0	0	0	0	0	0
rna-NM_012314.5-9	0	0	0	0	0	0
rna-NM_001242867.1-14	0	0	0	0	0	0
rna-NM_004829.6-3	0	0	0	0	0	0
rna-NM_002000.3-4	0	0	0	0	0	0
rna-NM_006737.3-15	0	0	0	0	0	0
rna-NM_014512.1-4	0	0	0	0	0	0
rna-NM_014513.2-4	0	0	0	0	0	0
rna-XM_024452633.1	0	0	0	0	0	0
rna-NM_014219.2-3	0	0	0	0	0	0
rna-XM_024452634.1	0	0	0	0	0	0
rna-NM_153443.4-14	0	0	0	0	0	0
rna-NM_001348386.1-3	0	1	1	1	2	3
rna-XM_017030184.2	0	0	0	0	0	0
rna-NM_001136561.3-4	0	0	0	0	0	0
rna-NM_001306072.1-4	0	0	0	0	0	0
rna-NM_001302551.1-4	0	0	0	0	0	0
rna-NM_001010890.2-4	0	0	0	0	0	0
rna-NM_001291380.1-3	0	0	0	1	0	0
rna-NM_001099850.2-4	0	0	0	0	0	0
rna-NM_001013407.2-4	0	0	0	0	0	1
rna-NM_001012276.3-4	0	0	0	0	0	0
rna-NM_001164262.2-2	0	0	0	0	0	0
rna-XM_011546449.2	0	0	0	0	0	0
rna-NM_001320218.1-2	0	0	0	0	0	0
rna-NM_002838.4-2	0	0	0	0	0	0
rna-NM_001004696.1-2	0	0	0	0	0	0
rna-NM_001005471.1-2	0	0	0	0	0	0
rna-NM_030904.1-2	0	0	0	0	0	0
rna-NM_001355223.1-2	0	0	0	1	0	0
rna-NM_001004136.1-2	0	0	0	0	0	0
rna-NM_001005495.1-2	0	0	0	0	0	0
rna-NM_001004697.1-2	0	0	0	0	0	0
rna-XM_017030186.1	0	0	0	0	0	0
rna-NM_018968.3-3	0	0	0	0	0	0
rna-NM_021176.2-2	0	0	0	0	1	0
rna-NM_003742.2-2	0	5	3	0	0	0
rna-NM_173821.2-2	0	1	0	0	0	1
rna-NM_207365.3-2	0	0	0	1	1	0
rna-NM_001348206.1-2	0	0	0	0	0	0
rna-XM_011546464.2	0	0	0	0	0	0
rna-NM_001035003.1-2	0	0	0	0	0	0
rna-NM_014058.3-2	0	0	0	0	0	0
rna-NM_001075.5-2	0	0	2	0	0	0
rna-NM_024743.3-2	0	0	0	0	0	0
rna-XM_005275640.3	0	1	0	0	0	0
rna-NM_017419.2-2	0	0	0	0	0	0
rna-NM_004174.3-2	0	0	0	0	0	0
rna-NM_001044.4-2	0	0	0	2	0	0
rna-NM_016568.3-2	0	0	0	2	2	1
rna-NM_016180.4-2	0	0	0	0	0	0
rna-NM_006261.4-2	0	0	0	0	0	0
rna-NM_001005226.2-2	0	0	0	0	0	0
rna-NM_001348294.1-2	0	0	0	0	0	0
rna-NM_001005216.3-2	0	0	0	0	0	0
rna-NM_030905.2-2	0	0	0	0	0	0
rna-NM_030946.1-2	0	0	0	0	0	0
rna-NM_013937.3-2	0	0	0	0	0	0
rna-NM_013941.3-2	0	0	0	0	0	0
rna-NM_001318014.1-2	0	0	0	1	1	0
rna-NM_052967.2-2	0	0	0	0	0	0
rna-NM_002433.4-2	0	1	1	0	0	0
rna-NM_001109809.2-2	0	0	1	1	0	0
rna-NM_007028.4-2	0	0	0	0	0	0
rna-NM_001286633.1-2	0	0	0	0	0	0
rna-NM_006778.3-2	0	0	0	0	0	0
rna-NM_033229.2-2	0	0	0	0	0	0
rna-NM_001010909.4-2	0	0	0	0	0	0
rna-NM_001322469.1	0	0	0	0	0	0
rna-NM_006781.4-2	0	0	0	0	0	0
rna-NM_001304561.1-2	0	1	0	0	1	0
rna-NM_022555.3	0	2	2	2	1	0
rna-NM_020056.4-2	0	0	0	0	1	0
rna-NM_001300790.1-2	0	0	0	0	0	0
rna-XM_011546482.2	0	0	0	0	2	0
rna-XM_011546497.2	0	0	0	0	0	0
rna-NM_004668.2-2	0	0	0	0	2	0
rna-NM_001293626.1-2	0	0	0	0	0	1
rna-NM_001001317.4-2	0	0	0	0	0	0
rna-NM_001190487.2-2	0	0	0	0	0	0
rna-NM_002769.4-2	0	0	0	0	2	0
rna-NM_018646.5-2	0	0	1	0	0	0
rna-NM_178829.4-2	0	0	0	0	0	0
rna-NM_001001658.1-2	0	0	0	0	0	0
rna-NM_001001667.1-2	0	0	0	0	0	0
rna-XM_011546518.2	0	0	0	0	0	1
rna-NM_001346810.1-2	0	0	0	0	0	0
rna-NM_001164457.1-3	0	0	0	0	0	0
rna-NM_001205266.1-3	0	0	0	0	0	0
rna-XM_017030192.1	0	0	0	0	0	0
rna-NM_058201.2-3	0	0	0	0	0	0
rna-NM_001040702.1-3	0	0	0	0	0	0
rna-NM_001040704.1-3	0	0	0	0	0	0
rna-NM_001040703.2-3	0	0	0	0	0	0
rna-NM_001040705.1-3	0	0	0	0	0	0
rna-NM_014237.2-2	0	0	0	0	0	0
rna-NM_001464.4-2	0	0	0	0	0	0
rna-NM_207414.2-2	0	0	0	0	0	0
rna-XM_017030194.2	0	0	0	0	0	0
rna-XM_017030196.1	0	0	0	0	0	0
rna-XM_017030197.1	0	0	0	0	0	0
rna-NM_001162914.1-2	0	0	0	0	1	1
rna-NM_139021.2-2	0	0	0	0	0	1
rna-NM_207299.1-2	0	0	0	0	2	0
rna-NM_001701.3-2	0	0	2	1	0	2
rna-NM_001034842.3-2	0	0	0	0	0	0
rna-NM_001012708.2-2	0	0	0	0	0	0
rna-NM_001347674.1-2	0	0	0	0	0	0
rna-NM_001001480.2-2	0	0	0	0	0	0
rna-NM_153444.1-3	0	0	0	0	0	0
rna-NM_153445.1-3	0	0	1	0	0	0
rna-NM_001004461.1-3	0	0	0	0	0	0
rna-NM_001003745.1-3	0	0	0	0	0	0
rna-NM_176821.3-3	0	0	0	1	2	0
rna-NM_001004746.1-2	0	0	0	0	0	0
rna-NM_001004747.1-2	0	0	0	0	0	0
rna-NM_001004745.1-2	0	0	0	0	0	0
rna-NM_001005199.1-2	0	0	0	0	0	0
rna-NM_001005202.1-2	0	0	0	0	0	0
rna-NM_001002907.1-2	0	0	0	0	0	0
rna-NM_001005205.2-2	0	0	0	0	0	0
rna-NM_001013356.2	0	0	0	0	0	0
rna-NM_001013357.1	0	0	0	0	0	0
rna-NM_001005213.1-2	0	0	0	0	0	0
rna-NM_001013358.2	0	0	0	0	0	0
rna-NM_001005284.1-2	0	0	0	0	0	0
rna-NM_001170738.1-2	0	0	0	0	0	0
rna-NM_023919.2-2	0	0	0	0	1	0
rna-NM_023918.1-2	0	0	0	0	0	0
rna-NM_023917.2-2	0	0	0	0	0	0
rna-NM_023921.1-2	0	1	1	1	1	1
rna-NM_005039.3-2	0	0	0	0	0	0
rna-NM_178826.3-2	0	0	0	0	0	0
rna-NM_004764.4-2	0	0	1	0	0	0
rna-NM_145248.4-2	0	0	0	0	0	0
rna-NM_002929.2-2	0	0	0	0	0	0
rna-XM_011546631.3	0	0	2	0	0	2
rna-NM_024764.3-2	0	0	0	0	0	2
rna-NM_182971.2-2	0	0	0	0	0	2
rna-NM_001346218.1-2	0	0	3	2	2	1
rna-NM_178013.3-2	0	1	5	0	0	0
rna-NM_138344.4-2	0	0	0	0	0	0
rna-NM_001286399.1-2	0	1	0	0	0	0
rna-NM_001286389.1-2	0	2	1	0	0	0
novel.1268.1	0	0	0	0	0	0
novel.1269.1	0	0	0	0	0	0
rna-XM_017030199.1	0	0	0	0	0	0
novel.1270.1	0	0	2	0	0	0
rna-XM_011546670.3	0	0	0	0	0	0
rna-NM_001271664.2	0	0	0	0	1	0
rna-NM_001001413.3-2	0	0	0	1	1	0
rna-XM_017030235.2	0	0	0	0	0	0
rna-XM_024452524.1	0	0	0	1	0	0
rna-NM_003561.2-2	0	0	0	0	3	2
rna-XM_017030216.2	0	0	0	0	0	0
rna-NM_001190158.1-2	0	0	0	0	0	0
rna-NM_001097610.2-2	0	0	0	0	0	0
rna-NM_002615.6-2	0	4	5	2	0	3
rna-NM_001199951.2-2	0	0	0	0	0	0
rna-NM_004590.3-2	0	0	0	0	0	0
rna-NM_005064.5-2	0	0	0	0	0	0
rna-NM_001291475.1-2	0	0	0	0	1	0
rna-NM_001004334.3-2	0	0	3	5	0	5
rna-NM_001080465.2-2	0	0	0	0	0	0
rna-NM_000223.3-2	0	0	0	0	0	2
rna-NM_019010.2-2	0	0	0	0	0	2
rna-NM_015515.4-2	0	0	0	1	0	0
rna-NM_182497.3-2	0	0	0	0	0	0
rna-NM_033185.2-2	0	0	0	0	0	0
rna-NM_031959.2-2	0	0	0	0	1	0
rna-NM_031958.1-2	0	0	0	0	0	0
rna-NM_001257305.1-2	0	0	0	0	0	0
rna-NM_030966.1-2	0	0	0	0	0	0
rna-NM_030967.2-2	0	0	0	0	0	0
rna-NM_001123387.1-2	0	1	0	2	1	0
rna-XM_017030240.1	0	1	0	2	1	0
rna-XM_003846478.1	0	0	0	0	0	0
rna-NM_001322457.1	0	0	0	0	2	0
rna-NM_001146041.1-2	0	0	0	0	0	0
rna-NM_033059.3-2	0	0	0	0	0	0
rna-NM_031854.2-2	0	0	0	0	0	0
rna-NM_001257309.1-2	0	0	0	0	0	0
rna-XM_003846481.1	0	0	0	0	0	0
rna-NM_001318227.1	0	0	0	0	0	0
rna-NM_033191.2-2	0	0	0	0	0	0
rna-XM_017030241.1	0	0	0	0	0	0
rna-NM_031962.2-2	0	0	0	0	0	0
rna-NM_031961.2-2	0	0	0	1	0	0
rna-NM_003770.4-2	0	0	0	0	1	0
rna-NM_002277.2-2	0	0	0	0	0	0
rna-NM_002279.4-2	0	0	0	0	0	0
rna-NM_004138.3-2	0	0	0	0	0	0
rna-NM_031964.1-2	0	0	0	0	0	0
rna-NM_001146182.1-2	0	0	0	0	0	0
rna-NM_175882.2-2	0	0	0	0	0	0
rna-NM_001306085.1-2	0	0	0	0	0	0
rna-NM_001001411.2-2	0	0	0	0	0	0
rna-NM_006890.4-2	0	0	0	0	0	0
rna-NM_001817.3-2	0	0	0	0	0	0
rna-NM_001098506.3-2	0	0	0	0	0	0
rna-NM_001330650.1-2	0	0	0	0	0	0
rna-NM_001304457.1-2	0	0	0	0	0	0
rna-NM_005874.4-2	0	0	0	0	0	0
rna-NM_006865.4	0	0	0	0	0	0
rna-NM_021250.3-2	0	0	0	0	0	0
rna-NM_002288.5-2	0	0	0	0	0	0
rna-NM_001290271.1-2	0	0	0	0	0	0
rna-NM_006863.3-2	0	0	0	0	0	0
rna-NM_001081637.2-2	0	0	0	0	0	0
rna-NM_001278429.3-2	0	0	0	0	0	0
rna-NM_153443.4-15	0	0	0	0	0	0
rna-NM_015868.2-13	0	0	0	0	0	0
rna-NM_014218.2-6	0	0	0	0	0	0
rna-NM_004829.6-4	0	0	0	0	0	0
rna-NM_001127255.1-2	0	0	0	0	1	0
rna-NM_080740.4-2	0	0	1	0	4	1
rna-NM_206954.2-2	0	0	0	0	0	0
rna-XM_017030222.1	0	0	0	0	0	0
rna-NM_001358664.1-2	0	0	0	0	0	0
rna-NM_030642.1-2	0	1	0	0	0	0
rna-NM_002854.2-2	0	0	0	0	0	0
rna-NM_013416.3-2	0	0	0	0	0	0
rna-NM_001002034.2-2	0	1	1	1	2	1
rna-NM_001348386.1-7	0	1	1	1	3	4
rna-NM_001109878.1-2	0	0	0	0	0	0
rna-NM_001004696.1-3	0	0	0	0	0	0
rna-NM_001005471.1-3	0	0	0	0	0	0
rna-NM_030904.1-3	0	0	0	0	0	0
rna-NM_001355223.1-3	0	0	0	1	0	0
rna-NM_001004136.1-3	0	0	0	0	0	0
rna-NM_001005495.1-3	0	0	0	0	0	0
rna-NM_001004697.1-3	0	0	0	0	0	0
rna-XM_006725444.3	0	0	0	0	0	0
rna-NM_006261.4-3	0	0	0	0	0	0
rna-NM_182701.1-2	0	0	0	0	0	0
rna-NM_001509.2-2	0	0	0	0	0	0
rna-NM_001005226.2-3	0	0	0	0	0	0
rna-NM_001348294.1-3	0	0	0	0	0	0
rna-NM_001005216.3-3	0	0	0	0	0	0
rna-NM_030905.2-3	0	0	0	0	0	0
rna-NM_030946.1-3	0	0	0	0	0	0
rna-NM_030876.5-2	0	0	0	1	1	0
rna-NM_030959.2-2	0	0	0	0	0	0
rna-NM_013936.3-2	0	0	0	1	0	0
rna-NM_001348208.1-2	0	0	0	0	0	0
rna-NM_013937.3-3	0	0	0	0	0	0
rna-NM_013941.3-3	0	0	0	0	0	0
rna-NM_001318014.1-3	0	0	0	1	1	0
rna-NM_052967.2-3	0	0	0	0	0	0
rna-NM_002433.4-3	0	1	1	0	0	0
rna-NM_001286633.1-3	0	0	0	0	0	0
rna-NM_006778.3-3	0	0	0	0	0	0
rna-NM_033229.2-3	0	0	0	0	0	0
rna-NM_205854.2-2	0	0	0	0	0	0
rna-NM_080870.3-2	0	0	0	3	1	0
rna-NM_001010909.4-3	0	0	0	0	0	0
rna-NM_001322469.1-2	0	0	0	0	0	0
rna-NM_001623.4-2	0	0	0	1	0	0
rna-NM_025261.2-2	0	0	0	1	0	0
rna-NM_138272.2-2	0	0	1	0	0	0
rna-NM_006781.4-3	0	0	0	0	0	0
rna-NM_001304561.1-3	0	1	0	0	1	0
rna-NM_019111.4-2	0	0	0	1	0	0
rna-NM_022555.3-2	0	0	0	0	1	0
rna-NM_002122.3-2	0	0	0	0	0	0
rna-NM_001243962.1	0	0	0	0	1	0
rna-NM_020056.4-3	0	0	0	0	1	0
rna-NM_001300790.1-3	0	0	0	0	0	0
rna-XM_024452531.1	0	0	0	0	0	0
rna-XM_011547367.2	0	0	0	0	0	0
rna-NM_001346810.1-3	0	0	0	0	0	0
rna-NM_005961.2-3	0	0	0	1	1	0
rna-NM_001012708.2-3	0	0	0	0	0	0
rna-NM_001012709.1	0	0	0	0	0	0
rna-XM_006725534.2	0	0	0	0	0	0
rna-NM_001012416.1-2	0	0	1	0	1	0
rna-NM_023919.2-3	0	0	0	0	1	0
rna-NM_023918.1-3	0	0	0	0	0	0
rna-NM_023917.2-3	0	0	0	0	0	0
rna-NM_023921.1-3	0	0	1	1	1	1
rna-NM_181429.2-2	0	0	0	0	2	0
rna-NM_006249.5-2	0	0	1	1	0	0
rna-NM_002723.5-2	0	0	0	0	0	0
rna-NM_005039.3-3	0	0	0	0	0	0
rna-NM_001001413.3-3	0	0	0	1	1	0
rna-NM_000275.2-3	0	0	0	1	0	1
rna-XM_017030322.2	0	0	0	0	0	0
rna-XM_024452532.1	0	0	0	0	0	0
rna-NM_001282468.1-3	0	1	0	2	1	1
rna-XM_017030251.1	0	0	0	0	0	0
rna-XM_017030252.1	0	0	0	0	1	0
rna-XM_017030256.2	0	1	1	0	0	0
rna-XM_011547446.2	0	0	0	0	0	0
rna-NM_001252020.1-3	0	0	0	1	0	0
rna-NM_001243538.2-3	0	2	1	0	0	0
rna-XM_017030253.1	0	0	0	0	0	0
rna-NM_001291475.1-3	0	0	0	0	2	0
rna-NM_207007.3	0	0	0	0	4	0
rna-NM_001257309.1-3	0	0	0	0	0	0
rna-NM_001277332.1-2	0	0	0	0	0	0
rna-NM_001277331.1-2	0	0	0	0	0	0
rna-NM_030975.2-2	0	0	0	0	0	0
rna-NM_033191.2-3	0	0	0	0	0	0
rna-XM_017030266.2	0	0	0	0	0	0
rna-NM_175882.2-3	0	0	0	0	0	0
rna-NM_003396.2-2	0	0	0	3	0	0
rna-NM_001306085.1-3	0	0	0	0	0	0
rna-NM_001330650.1-3	0	0	0	0	0	0
rna-NM_006865.4-2	0	0	0	0	0	0
rna-NM_021250.3-3	0	0	0	0	0	0
rna-NM_012276.4-2	0	0	0	0	0	0
rna-NM_002287.5-2	0	0	1	0	0	0
rna-NM_002255.5-13	0	0	0	0	0	0
rna-NM_001083539.2-4	0	0	0	0	0	0
rna-NM_020535.3-4	0	0	0	0	0	0
rna-NM_014513.2-5	0	0	0	0	0	0
rna-NM_014512.1-5	0	0	0	0	0	0
rna-NM_006737.3-16	0	0	0	0	0	0
rna-NM_002000.3-5	0	0	0	0	0	0
rna-NM_004829.6-5	0	0	0	0	0	0
rna-NM_001127255.1-3	0	0	0	0	1	0
rna-NM_001002034.2-3	0	1	1	1	2	1
rna-NM_001005226.2-4	0	0	0	0	0	0
rna-NM_001348294.1-4	0	0	0	0	0	0
rna-NM_001005216.3-4	0	0	0	0	0	0
rna-NM_030905.2-4	0	0	0	0	0	0
rna-NM_030946.1-4	0	0	0	0	0	0
rna-NM_030959.2-3	0	0	0	0	0	0
rna-NM_013936.3-3	0	0	0	1	1	0
rna-NM_001348208.1-3	0	0	0	0	0	0
rna-NM_013937.3-4	0	0	0	0	0	0
rna-NM_013941.3-4	0	0	0	0	0	0
rna-NM_001318014.1-4	0	0	0	1	1	0
rna-NM_052967.2-4	0	0	0	0	0	0
rna-NM_002433.4-4	0	1	0	0	0	0
rna-NM_001286633.1-4	0	0	0	0	0	0
rna-NM_006778.3-4	0	0	0	0	0	0
rna-NM_033229.2-4	0	0	0	0	0	0
rna-NM_205854.2-3	0	0	0	0	0	0
rna-NM_080870.3-3	0	0	0	0	1	0
rna-NM_001010909.4-4	0	0	0	0	0	0
rna-NM_001322469.1-3	0	0	0	0	0	0
rna-NM_001623.4-3	0	0	0	1	0	0
rna-NM_001003693.2-3	0	0	0	0	0	0
rna-NM_001353334.1-3	0	0	0	0	1	1
rna-NM_021246.2-3	0	0	0	0	0	0
rna-NM_025261.2-3	0	0	0	1	0	0
rna-NM_138272.2-3	0	0	1	0	0	0
rna-NM_006781.4-4	0	0	0	0	0	0
rna-NM_001304561.1-4	0	1	0	0	1	0
rna-NM_019111.4-3	0	0	0	1	0	0
rna-NM_002122.3-3	0	0	0	0	0	0
rna-NM_001243962.1-2	0	0	0	0	0	0
rna-NM_020056.4-4	0	0	0	0	1	0
rna-NM_001300790.1-4	0	0	0	0	0	0
rna-NM_001346810.1-4	0	0	0	0	0	0
rna-NM_005961.2-4	0	0	0	1	1	0
rna-XM_017030275.2	0	0	0	0	0	0
rna-NM_014219.2-4	0	0	0	0	0	0
rna-XM_017030274.1	0	0	0	0	0	0
rna-NM_001281971.1-11	0	0	0	0	0	0
rna-NM_006737.3-17	0	0	0	0	0	0
rna-NM_004829.6-6	0	0	0	0	0	0
rna-NM_001127255.1-4	0	0	0	0	1	0
rna-NM_001002034.2-4	0	1	1	1	2	1
rna-NM_001348386.1-8	0	1	0	0	0	1
rna-NM_001005226.2-5	0	0	0	0	0	0
rna-NM_001348294.1-5	0	0	0	0	0	0
rna-NM_001005216.3-5	0	0	0	0	0	0
rna-NM_030905.2-5	0	0	0	0	0	0
rna-NM_030946.1-5	0	0	0	0	0	0
rna-NM_030876.5-3	0	0	0	1	1	0
rna-NM_030959.2-4	0	0	0	0	0	0
rna-NM_013936.3-4	0	0	0	1	0	0
rna-NM_001348208.1-4	0	0	0	0	0	0
rna-NM_013937.3-5	0	0	0	0	0	0
rna-NM_013941.3-5	0	0	0	0	0	0
rna-NM_001318014.1-5	0	0	0	1	1	0
rna-NM_052967.2-5	0	0	0	0	0	0
rna-NM_002433.4-5	0	1	0	0	0	0
rna-NM_001286633.1-5	0	0	0	0	0	0
rna-NM_006778.3-5	0	0	0	0	0	0
rna-NM_033229.2-5	0	0	0	0	0	0
rna-NM_205854.2-4	0	0	0	0	0	0
rna-NM_001322469.1-4	0	0	0	0	0	0
rna-NM_025261.2-4	0	0	0	1	0	0
rna-NM_138272.2-4	0	0	1	0	0	1
rna-NM_006781.4-5	0	0	0	0	0	0
rna-NM_001304561.1-5	0	0	0	0	0	0
rna-NM_002122.3-4	0	0	0	0	0	0
rna-NM_001243962.1-3	0	0	0	0	1	0
rna-NM_001300790.1-5	0	0	0	0	0	0
rna-NM_001330650.1-5	0	0	0	0	0	0
rna-NM_153443.4-16	0	0	0	0	0	0
rna-XM_011547998.2	0	0	0	0	0	0
rna-NM_006737.3-18	0	0	0	0	0	0
rna-NM_004829.6-7	0	0	0	0	0	0
rna-NM_001127255.1-5	0	0	0	0	1	0
rna-XM_011548131.2	0	0	0	0	0	0
rna-NM_001005226.2-6	0	0	0	0	0	0
rna-NM_001348294.1-6	0	0	0	0	0	0
rna-NM_001005216.3-6	0	0	0	0	0	0
rna-NM_030905.2-6	0	0	0	0	0	0
rna-NM_030946.1-6	0	0	0	0	0	0
rna-NM_030876.5-4	0	0	0	1	1	0
rna-NM_030959.2-5	0	0	0	0	0	0
rna-NM_013936.3-5	0	0	0	1	0	0
rna-NM_001348208.1-5	0	0	0	0	0	0
rna-NM_013937.3-6	0	0	0	0	0	0
rna-NM_013941.3-6	0	0	0	0	0	0
rna-NM_001318014.1-6	0	0	0	1	1	0
rna-NM_052967.2-6	0	0	0	0	0	0
rna-NM_002433.4-6	0	1	1	0	0	0
rna-NM_001286633.1-6	0	0	0	0	0	0
rna-NM_006778.3-6	0	0	0	0	0	0
rna-NM_033229.2-6	0	0	0	0	0	0
rna-NM_205854.2-5	0	0	0	0	0	0
rna-NM_080870.3-4	0	0	0	0	0	0
rna-NM_001010909.4-5	0	0	0	0	0	0
rna-NM_001322469.1-5	0	0	0	0	0	0
rna-NM_001623.4-4	0	0	0	1	0	0
rna-NM_025261.2-5	0	0	0	1	0	0
rna-NM_138272.2-5	0	0	1	0	0	0
rna-NM_006781.4-6	0	0	0	0	0	0
rna-NM_001304561.1-6	0	0	0	0	0	0
rna-XM_011548128.2	0	0	0	0	0	0
rna-NM_002122.3-5	0	0	0	0	0	0
rna-NM_001243962.1-4	0	0	0	0	0	0
rna-NM_020056.4-6	0	0	0	0	1	0
rna-NM_001300790.1-6	0	0	0	0	0	0
rna-NM_001281971.1-12	0	0	0	0	0	0
rna-NM_006737.3-19	0	0	0	0	0	0
rna-NM_004829.6-8	0	0	0	0	0	0
rna-NM_001127255.1-6	0	0	0	0	1	0
rna-NM_001005226.2-7	0	0	0	0	0	0
rna-NM_001348294.1-7	0	0	0	0	0	0
rna-NM_001005216.3-7	0	0	0	0	0	0
rna-NM_030905.2-7	0	0	0	0	0	0
rna-NM_001348208.1-6	0	0	0	0	0	0
rna-NM_013937.3-7	0	0	0	0	0	0
rna-NM_013941.3-7	0	0	0	0	0	0
rna-NM_001318014.1-7	0	0	0	1	1	0
rna-NM_052967.2-7	0	0	0	0	0	0
rna-NM_002433.4-7	0	1	0	0	0	0
novel.1246.1	0	0	0	0	1	0
rna-NM_001286633.1-7	0	0	0	0	0	0
rna-NM_006778.3-7	0	0	0	0	0	0
rna-NM_033229.2-7	0	0	0	0	0	0
rna-NM_205854.2-6	0	0	0	0	0	0
rna-NM_080870.3-5	0	0	0	0	1	0
rna-NM_001322469.1-6	0	0	0	0	0	0
rna-NM_001348249.1	0	0	0	0	0	4
rna-NM_001623.4-5	0	0	0	1	0	0
rna-NM_025261.2-6	0	0	0	1	0	2
rna-NM_138272.2-6	0	0	1	0	0	0
rna-NM_006781.4-7	0	0	0	0	0	0
rna-NM_001304561.1-7	0	1	0	0	1	0
rna-NM_022555.3-3	0	0	0	2	1	0
rna-NM_002122.3-6	0	0	0	0	0	0
rna-NM_001243962.1-5	0	0	0	0	2	0
rna-NM_001300790.1-7	0	0	0	0	0	0
rna-NM_001330650.1-7	0	0	0	0	0	0
rna-NM_153443.4-17	0	0	0	0	0	0
rna-NM_015868.2-14	0	0	0	0	0	0
rna-XM_024452559.1	0	0	0	0	0	0
rna-NM_006737.3-20	0	0	0	0	0	0
rna-NM_004829.6-9	0	0	0	0	0	0
rna-NM_001127255.1-7	0	0	0	0	1	0
rna-NM_001005226.2-8	0	0	0	0	0	0
rna-NM_001348294.1-8	0	0	0	0	0	0
rna-NM_001005216.3-8	0	0	0	0	0	0
rna-NM_030905.2-8	0	0	0	0	0	0
rna-NM_030946.1-7	0	0	0	0	0	0
rna-NM_030876.5-5	0	0	0	1	0	0
rna-NM_030959.2-6	0	0	0	0	0	0
rna-NM_013936.3-6	0	0	0	1	1	0
rna-NM_001348208.1-7	0	0	0	0	0	0
rna-NM_013937.3-8	0	0	0	0	0	0
rna-NM_013941.3-8	0	0	0	0	0	0
rna-NM_001318014.1-8	0	0	0	1	1	0
rna-NM_052967.2-8	0	0	0	0	0	0
rna-NM_002433.4-8	0	1	1	0	0	0
rna-NM_001286633.1-8	0	0	0	0	0	0
rna-NM_006778.3-8	0	0	0	0	0	0
rna-NM_033229.2-8	0	0	0	0	0	0
rna-NM_001322469.1-7	0	0	0	0	0	0
rna-NM_001348249.1-2	0	0	0	0	0	0
rna-NM_001623.4-6	0	0	0	1	0	0
rna-NM_025261.2-7	0	0	0	1	0	0
rna-NM_138272.2-7	0	0	1	0	0	0
rna-NM_006781.4-8	0	0	0	0	0	0
rna-NM_001304561.1-8	0	0	0	0	0	0
rna-NM_021983.4-2	0	0	0	0	0	0
rna-XM_024452566.1	0	0	0	0	0	0
rna-NM_002122.3-7	0	0	0	0	0	0
rna-NM_001243962.1-6	0	0	0	0	0	0
rna-NM_020056.4-8	0	0	0	0	1	0
rna-NM_001300790.1-8	0	0	0	0	0	0
rna-NM_024318.3-2	0	0	0	1	0	0
rna-NM_001304457.1-3	0	0	0	0	0	0
rna-NM_005874.4-3	0	0	0	0	0	0
rna-NM_002287.5-3	0	0	0	0	0	0
rna-NM_002288.5-3	0	0	0	0	0	0
rna-NM_001290271.1-3	0	0	0	0	0	0
rna-NM_006863.3-3	0	0	0	0	0	0
rna-NM_001081637.2-3	0	0	0	0	0	0
rna-NM_001278429.3-3	0	0	0	0	0	0
rna-NM_153443.4-18	0	0	0	0	0	0
rna-NM_015868.2-15	0	0	0	0	0	0
rna-NM_014218.2-7	0	0	0	0	0	0
rna-NM_002255.5-14	0	0	0	0	0	0
rna-NM_001322168.1-7	0	0	0	0	0	0
rna-NM_012314.5-10	0	0	0	0	0	0
rna-NM_006737.3-21	0	0	0	0	0	0
rna-NM_002000.3-6	0	0	0	0	0	0
rna-NM_004829.6-10	0	0	0	0	0	0
rna-NM_001127255.1-8	0	0	0	0	1	0
rna-NM_019111.4-8	0	0	0	1	2	0
rna-NM_001304561.1-9	0	0	0	0	1	0
rna-NM_001330650.1-9	0	0	0	0	0	0
rna-NM_001304457.1-4	0	0	0	0	0	0
rna-NM_005874.4-4	0	0	0	0	0	0
rna-NM_006865.4-3	0	0	0	0	0	0
rna-NM_021250.3-4	0	0	0	0	0	0
rna-NM_012276.4-3	0	0	0	0	0	0
rna-NM_001278429.3-4	0	0	0	0	0	0
rna-NM_153443.4-19	0	0	0	0	0	0
rna-NM_001291695.1-2	0	0	0	0	0	0
rna-NM_014219.2-5	0	0	0	0	0	0
rna-NM_004829.6-11	0	0	0	0	0	0
rna-NM_001127255.1-9	0	0	0	0	1	0
rna-NM_001330650.1-10	0	0	0	0	0	0
rna-NM_001360167.1	0	0	0	1	2	0
rna-NM_001304457.1-5	0	0	0	0	0	0
rna-NM_005874.4-5	0	0	0	0	0	0
rna-NM_006865.4-4	0	0	0	0	0	0
rna-NM_021250.3-5	0	0	0	0	0	0
rna-NM_012276.4-4	0	0	0	0	0	0
rna-NM_002288.5-4	0	0	0	0	0	0
rna-NM_001290271.1-4	0	0	0	0	0	0
rna-NM_006863.3-4	0	0	0	0	0	0
rna-NM_001081637.2-4	0	0	0	0	0	0
rna-NM_001278429.3-5	0	0	0	0	0	0
rna-NM_153443.4-20	0	0	0	0	0	0
rna-NM_015868.2-16	0	0	0	0	0	0
rna-NM_014218.2-8	0	0	0	0	0	0
rna-NM_001080770.1-16	0	0	0	0	0	0
rna-NM_013289.2-2	0	0	0	0	0	0
rna-NM_001281971.1-13	0	0	0	0	0	0
rna-NM_006737.3-22	0	0	0	0	0	0
rna-NM_002000.3-8	0	0	0	0	0	0
rna-NM_006737.3-23	0	0	0	0	0	0
rna-NM_014512.1-6	0	0	0	0	0	0
rna-NM_020535.3-5	0	0	0	0	0	0
rna-NM_001083539.2-5	0	0	0	0	0	0
rna-NM_002255.5-15	0	0	0	0	0	0
rna-NM_014218.2-9	0	0	0	0	0	0
rna-NM_012313.1-3	0	0	0	0	0	0
rna-NM_001018081.1-3	0	0	0	0	0	0
rna-NM_014219.2-6	0	0	0	0	0	0
rna-NM_001291695.1-3	0	0	0	0	0	0
rna-NM_153443.4-21	0	0	0	0	0	0
rna-NM_006737.3-24	0	0	0	0	0	0
rna-NM_001281971.1-14	0	0	0	0	0	0
rna-NM_013289.2-3	0	0	0	0	0	0
rna-NM_001080770.1-18	0	0	0	0	0	0
rna-NM_014218.2-10	0	0	0	0	0	0
rna-NM_015868.2-17	0	0	0	0	0	0
rna-NM_153443.4-22	0	0	0	0	0	0
rna-NM_006737.3-25	0	0	0	0	0	0
rna-NM_001281971.1-15	0	0	0	0	0	0
rna-NM_001322168.1-8	0	0	0	0	0	0
rna-NM_002255.5-16	0	0	0	0	0	0
rna-NM_014219.2-7	0	0	0	0	0	0
rna-NM_001291695.1-4	0	0	0	0	0	0
rna-NM_153443.4-23	0	0	0	0	0	0
rna-NM_006737.3-26	0	0	0	0	0	0
rna-NM_012314.5-11	0	0	0	0	0	0
rna-NM_001322168.1-9	0	0	0	0	0	0
rna-NM_002255.5-17	0	0	0	0	0	0
rna-NM_014218.2-11	0	0	0	0	0	0
rna-NM_015868.2-18	0	0	0	0	0	0
rna-NM_153443.4-24	0	0	0	0	0	0
rna-NM_001242867.1-27	0	0	0	0	0	0
rna-NM_001281971.1-16	0	0	0	0	0	0
rna-NM_001322168.1-10	0	0	0	0	0	0
rna-NM_002255.5-18	0	0	0	0	0	0
rna-NM_014218.2-12	0	0	0	0	0	0
rna-NM_012313.1-4	0	0	0	0	0	0
rna-NM_001018081.1-4	0	0	0	0	0	0
rna-NM_014219.2-8	0	0	0	0	0	0
rna-NM_001291695.1-5	0	0	0	0	0	0
rna-NM_153443.4-25	0	0	0	0	0	0
rna-NM_006737.3-28	0	0	0	0	0	0
rna-NM_014512.1-7	0	0	0	0	0	0
rna-NM_012313.1-5	0	0	0	0	0	0
rna-NM_020535.3-6	0	0	0	0	0	0
rna-NM_001083539.2-6	0	0	0	0	0	0
rna-NM_002255.5-19	0	0	0	0	0	0
rna-NM_014218.2-13	0	0	0	0	0	0
rna-NM_015868.2-19	0	0	0	0	0	0
rna-NM_153443.4-26	0	0	0	0	0	0
rna-NM_006737.3-29	0	0	0	0	0	0
rna-NM_012314.5-12	0	0	0	0	0	0
rna-NM_001322168.1-11	0	0	0	0	0	0
rna-NM_002255.5-20	0	0	0	0	0	0
rna-NM_014219.2-9	0	0	0	0	0	0
rna-NM_001291695.1-6	0	0	0	0	0	0
rna-NM_153443.4-27	0	0	0	0	0	0
rna-NM_006737.3-30	0	0	0	0	0	0
rna-NM_012314.5-13	0	0	0	0	0	0
rna-NM_001322168.1-12	0	0	0	0	0	0
rna-NM_002255.5-21	0	0	0	0	0	0
rna-NM_014218.2-14	0	0	0	0	0	0
rna-NM_015868.2-20	0	0	0	0	0	0
rna-NM_153443.4-28	0	0	0	0	0	0
rna-NM_006737.3-31	0	0	0	0	0	0
rna-NM_014512.1-8	0	0	0	0	0	0
rna-NM_014513.2-6	0	0	0	0	0	0
rna-NM_020535.3-7	0	0	0	0	0	0
rna-NM_001083539.2-7	0	0	0	0	0	0
rna-NM_002255.5-22	0	0	0	0	0	0
rna-NM_014219.2-10	0	0	0	0	0	0
rna-NM_001291695.1-7	0	0	0	0	0	0
rna-NM_153443.4-29	0	0	0	0	0	0
rna-NM_006737.3-32	0	0	0	0	0	0
rna-NM_012314.5-14	0	0	0	0	0	0
rna-NM_001322168.1-13	0	0	0	0	0	0
rna-NM_002255.5-23	0	0	0	0	0	0
rna-NM_014218.2-15	0	0	0	0	0	0
rna-NM_015868.2-21	0	0	0	0	0	0
rna-NM_153443.4-30	0	0	0	0	0	0
rna-NM_001242867.1-33	0	0	0	0	0	0
rna-NM_001281971.1-17	0	0	0	0	0	0
rna-NM_013289.2-4	0	0	0	0	0	0
rna-NM_001080770.1-27	0	0	0	0	0	0
rna-NM_014218.2-16	0	0	0	0	0	0
rna-NM_014513.2-7	0	0	0	0	0	0
rna-NM_001018081.1-5	0	0	0	0	0	0
rna-NM_014219.2-11	0	0	0	0	0	0
rna-NM_001291695.1-8	0	0	0	0	0	0
rna-NM_153443.4-31	0	0	0	0	0	0
rna-NM_006737.3-34	0	0	0	0	0	0
rna-NM_012314.5-15	0	0	0	0	0	0
rna-NM_001322168.1-14	0	0	0	0	0	0
rna-NM_002255.5-24	0	0	0	0	0	0
rna-NM_014218.2-17	0	0	0	0	0	0
rna-NM_015868.2-22	0	0	0	0	0	0
rna-NM_153443.4-32	0	0	0	0	0	0
rna-NM_006737.3-35	0	0	0	0	0	0
rna-NM_014512.1-9	0	0	0	0	0	0
rna-NM_012313.1-6	0	0	0	0	0	0
rna-NM_020535.3-8	0	0	0	0	0	0
rna-NM_001083539.2-8	0	0	0	0	0	0
rna-NM_002255.5-25	0	0	0	0	0	0
rna-NM_014219.2-12	0	0	0	0	0	0
rna-NM_001291695.1-9	0	0	0	0	0	0
rna-NM_153443.4-33	0	0	0	0	0	0
rna-NM_153443.4-34	0	0	0	0	0	0
rna-NM_015868.2-23	0	0	0	0	0	0
rna-NM_014218.2-18	0	0	0	0	0	0
rna-NM_002255.5-26	0	0	0	0	0	0
rna-NM_001322168.1-15	0	0	0	0	0	0
rna-NM_012314.5-16	0	0	0	0	0	0
rna-NM_006737.3-36	0	0	0	0	0	0
rna-NM_002000.3-9	0	0	0	0	0	0
rna-NM_004829.6-13	0	0	0	0	0	0
rna-NM_153443.4-35	0	0	0	0	0	0
rna-NM_015868.2-24	0	0	0	0	0	0
rna-NM_014218.2-19	0	0	0	0	0	0
rna-NM_002255.5-27	0	0	0	0	0	0
rna-NM_013289.2-5	0	0	0	0	0	0
rna-NM_006737.3-37	0	0	0	0	0	0
rna-NM_001281971.1-18	0	0	0	0	0	0
rna-NM_013289.2-6	0	0	0	0	0	0
rna-NM_001080770.1-32	0	0	0	0	0	0
rna-NM_014218.2-20	0	0	0	0	0	0
rna-NM_015868.2-25	0	0	0	0	0	0
rna-NM_153443.4-36	0	0	0	0	0	0
rna-NM_153443.4-37	0	0	0	0	0	0
rna-NM_015868.2-26	0	0	0	0	0	0
rna-NM_014218.2-21	0	0	0	0	0	0
rna-NM_002255.5-28	0	0	0	0	0	0
rna-NM_001322168.1-16	0	0	0	0	0	0
rna-NM_012314.5-17	0	0	0	0	0	0
rna-NM_006737.3-38	0	0	0	0	0	0
rna-NM_002000.3-10	0	0	0	0	0	0
rna-NM_004829.6-14	0	0	0	0	0	0
rna-NM_153443.4-38	0	0	0	0	0	0
rna-NM_001291695.1-10	0	0	0	0	0	0
rna-NM_014219.2-13	0	0	0	0	0	0
rna-NM_001018081.1-6	0	0	0	0	0	0
rna-NM_012313.1-7	0	0	0	0	0	0
rna-NM_014218.2-22	0	0	0	0	0	0
rna-NM_002255.5-29	0	0	0	0	0	0
rna-NM_001083539.2-9	0	0	0	0	0	0
rna-NM_020535.3-9	0	0	0	0	0	0
rna-NM_001360171.1	0	0	0	0	0	0
rna-NM_014512.1-10	0	0	0	0	0	0
rna-NM_006737.3-39	0	0	0	0	0	0
rna-NM_002000.3-11	0	0	0	0	0	0
rna-NM_004829.6-15	0	0	0	0	0	0
rna-NM_153443.4-39	0	0	0	0	0	0
rna-NM_015868.2-27	0	0	0	0	0	0
rna-NM_014218.2-23	0	0	0	0	0	0
rna-NM_002255.5-30	0	0	0	0	0	0
rna-NM_001322168.1-17	0	0	0	0	0	0
rna-NM_001281971.1-19	0	0	0	0	0	0
rna-NM_006737.3-40	0	0	0	0	0	0
rna-NM_002000.3-12	0	0	0	0	0	0
rna-NM_004829.6-16	0	0	0	0	0	0
rna-NM_153443.4-40	0	0	0	0	0	0
rna-NM_001291695.1-11	0	0	0	0	0	0
rna-NM_014219.2-14	0	0	0	0	0	0
rna-NM_001080770.1-36	0	0	0	0	0	0
rna-NM_013289.2-7	0	0	0	0	0	0
rna-NM_001281971.1-20	0	0	0	0	0	0
rna-NM_006737.3-41	0	0	0	0	0	0
rna-NM_002000.3-13	0	0	0	0	0	0
rna-NM_004829.6-17	0	0	0	0	0	0
rna-NM_153443.4-41	0	0	0	0	0	0
rna-NM_015868.2-28	0	0	0	0	0	0
rna-NM_014218.2-24	0	0	0	0	0	0
rna-NM_002255.5-31	0	0	0	0	0	0
rna-NM_001322168.1-18	0	0	0	0	0	0
rna-NM_012314.5-18	0	0	0	0	0	0
rna-NM_006737.3-42	0	0	0	0	0	0
rna-NM_002000.3-14	0	0	0	0	0	0
rna-NM_004829.6-18	0	0	0	0	0	0
rna-NM_006737.3-43	0	0	0	0	0	0
rna-NM_001281971.1-21	0	0	0	0	0	0
rna-NM_013289.2-8	0	0	0	0	0	0
rna-NM_001080770.1-38	0	0	0	0	0	0
rna-NM_014218.2-25	0	0	0	0	0	0
rna-NM_014513.2-8	0	0	0	0	0	0
rna-NM_001018081.1-7	0	0	0	0	0	0
rna-NM_015868.2-29	0	0	0	0	0	0
rna-NM_153443.4-42	0	0	0	0	0	0
rna-NM_006737.3-44	0	0	0	0	0	0
rna-NM_012314.5-19	0	0	0	0	0	0
rna-NM_001322168.1-19	0	0	0	0	0	0
rna-NM_002255.5-32	0	0	0	0	0	0
rna-NM_014218.2-26	0	0	0	0	0	0
rna-NM_015868.2-30	0	0	0	0	0	0
rna-NM_153443.4-43	0	0	0	0	0	0
rna-NM_006737.3-45	0	0	0	0	0	0
rna-NM_001281971.1-22	0	0	0	0	0	0
rna-NM_013289.2-9	0	0	0	0	0	0
rna-NM_001080770.1-40	0	0	0	0	0	0
rna-NM_014218.2-27	0	0	0	0	0	0
rna-NM_014513.2-9	0	0	0	0	0	0
rna-NM_001018081.1-8	0	0	0	0	0	0
rna-NM_014219.2-15	0	0	0	0	0	0
rna-NM_001291695.1-12	0	0	0	0	0	0
rna-NM_153443.4-44	0	0	0	0	0	0
rna-NM_006737.3-46	0	0	0	0	0	0
rna-NM_001281971.1-23	0	0	0	0	0	0
rna-NM_013289.2-10	0	0	0	0	0	0
rna-NM_001080770.1-41	0	0	0	0	0	0
rna-NM_014218.2-28	0	0	0	0	0	0
rna-NM_015868.2-31	0	0	0	0	0	0
rna-NM_153443.4-45	0	0	0	0	0	0
rna-NM_006737.3-47	0	0	0	0	0	0
rna-NM_014512.1-11	0	0	0	0	0	0
rna-NM_014513.2-10	0	0	0	0	0	0
rna-NM_020535.3-10	0	0	0	0	0	0
rna-NM_001083539.2-10	0	0	0	0	0	0
rna-NM_002255.5-33	0	0	0	0	0	0
rna-NM_014219.2-16	0	0	0	0	0	0
rna-NM_001291695.1-13	0	0	0	0	0	0
rna-NM_153443.4-46	0	0	0	0	0	0
